<?xml version="1.0" encoding="utf-8"?>
<osm version="0.6" generator="FS25 map pipeline">
  <!--
       Playable area: 8192 x 8192 m, centre 49.1000, 31.3000
       (Cherkasy oblast forest-steppe - deep chernozem, the highest-yielding
       arable belt in Ukraine).
       Local coordinates are playable metres, x east, y south from the north
       edge, so the centre of the map is (4096, 4096).
       Built from map_layout.py, seed 2026; the DEM generator reads the
       same layout, so terrain and vectors agree.
  -->
  <bounds minlat="49.0631359631" minlon="31.2436967483" maxlat="49.1368640369" maxlon="31.3563032517"/>
  <node id="1" lat="49.0838525169" lon="31.2125180941" version="1" timestamp="2026-09-01T12:00:00Z" changeset="1" uid="1" user="generator"/>
  <node id="2" lat="49.0846336276" lon="31.2145979329" version="1" timestamp="2026-09-01T12:00:00Z" changeset="1" uid="1" user="generator"/>
  <node id="3" lat="49.0852093312" lon="31.2164495758" version="1" timestamp="2026-09-01T12:00:00Z" changeset="1" uid="1" user="generator"/>
  <node id="4" lat="49.0854912745" lon="31.2177327017" version="1" timestamp="2026-09-01T12:00:00Z" changeset="1" uid="1" user="generator"/>
  <node id="5" lat="49.0855565516" lon="31.2187224072" version="1" timestamp="2026-09-01T12:00:00Z" changeset="1" uid="1" user="generator"/>
  <node id="6" lat="49.0854099684" lon="31.2200451213" version="1" timestamp="2026-09-01T12:00:00Z" changeset="1" uid="1" user="generator"/>
  <node id="7" lat="49.0848055008" lon="31.2226268233" version="1" timestamp="2026-09-01T12:00:00Z" changeset="1" uid="1" user="generator"/>
  <node id="8" lat="49.0846117846" lon="31.2236264260" version="1" timestamp="2026-09-01T12:00:00Z" changeset="1" uid="1" user="generator"/>
  <node id="9" lat="49.0837875998" lon="31.2293272952" version="1" timestamp="2026-09-01T12:00:00Z" changeset="1" uid="1" user="generator"/>
  <node id="10" lat="49.0835722836" lon="31.2302917770" version="1" timestamp="2026-09-01T12:00:00Z" changeset="1" uid="1" user="generator"/>
  <node id="11" lat="49.0828887149" lon="31.2328403377" version="1" timestamp="2026-09-01T12:00:00Z" changeset="1" uid="1" user="generator"/>
  <node id="12" lat="49.0826564427" lon="31.2341931827" version="1" timestamp="2026-09-01T12:00:00Z" changeset="1" uid="1" user="generator"/>
  <node id="13" lat="49.0826202986" lon="31.2348988566" version="1" timestamp="2026-09-01T12:00:00Z" changeset="1" uid="1" user="generator"/>
  <node id="14" lat="49.0827118647" lon="31.2359497452" version="1" timestamp="2026-09-01T12:00:00Z" changeset="1" uid="1" user="generator"/>
  <node id="15" lat="49.0833862984" lon="31.2388747376" version="1" timestamp="2026-09-01T12:00:00Z" changeset="1" uid="1" user="generator"/>
  <node id="16" lat="49.0835361395" lon="31.2398551510" version="1" timestamp="2026-09-01T12:00:00Z" changeset="1" uid="1" user="generator"/>
  <node id="17" lat="49.0835513856" lon="31.2412032537" version="1" timestamp="2026-09-01T12:00:00Z" changeset="1" uid="1" user="generator"/>
  <node id="18" lat="49.0834274104" lon="31.2428923375" version="1" timestamp="2026-09-01T12:00:00Z" changeset="1" uid="1" user="generator"/>
  <node id="19" lat="49.0832207252" lon="31.2442130309" version="1" timestamp="2026-09-01T12:00:00Z" changeset="1" uid="1" user="generator"/>
  <node id="20" lat="49.0829961120" lon="31.2451699800" version="1" timestamp="2026-09-01T12:00:00Z" changeset="1" uid="1" user="generator"/>
  <node id="21" lat="49.0827049437" lon="31.2460797119" version="1" timestamp="2026-09-01T12:00:00Z" changeset="1" uid="1" user="generator"/>
  <node id="22" lat="49.0823279873" lon="31.2469078206" version="1" timestamp="2026-09-01T12:00:00Z" changeset="1" uid="1" user="generator"/>
  <node id="23" lat="49.0817237267" lon="31.2479023097" version="1" timestamp="2026-09-01T12:00:00Z" changeset="1" uid="1" user="generator"/>
  <node id="24" lat="49.0800449820" lon="31.2501870176" version="1" timestamp="2026-09-01T12:00:00Z" changeset="1" uid="1" user="generator"/>
  <node id="25" lat="49.0775776656" lon="31.2537101634" version="1" timestamp="2026-09-01T12:00:00Z" changeset="1" uid="1" user="generator"/>
  <node id="26" lat="49.0769460719" lon="31.2547060271" version="1" timestamp="2026-09-01T12:00:00Z" changeset="1" uid="1" user="generator"/>
  <node id="27" lat="49.0762640333" lon="31.2561040962" version="1" timestamp="2026-09-01T12:00:00Z" changeset="1" uid="1" user="generator"/>
  <node id="28" lat="49.0759385659" lon="31.2570214709" version="1" timestamp="2026-09-01T12:00:00Z" changeset="1" uid="1" user="generator"/>
  <node id="29" lat="49.0755759556" lon="31.2582954144" version="1" timestamp="2026-09-01T12:00:00Z" changeset="1" uid="1" user="generator"/>
  <node id="30" lat="49.0752414612" lon="31.2599555631" version="1" timestamp="2026-09-01T12:00:00Z" changeset="1" uid="1" user="generator"/>
  <node id="31" lat="49.0750811981" lon="31.2613258105" version="1" timestamp="2026-09-01T12:00:00Z" changeset="1" uid="1" user="generator"/>
  <node id="32" lat="49.0750363960" lon="31.2627189723" version="1" timestamp="2026-09-01T12:00:00Z" changeset="1" uid="1" user="generator"/>
  <node id="33" lat="49.0751144621" lon="31.2641072406" version="1" timestamp="2026-09-01T12:00:00Z" changeset="1" uid="1" user="generator"/>
  <node id="34" lat="49.0753587764" lon="31.2658052180" version="1" timestamp="2026-09-01T12:00:00Z" changeset="1" uid="1" user="generator"/>
  <node id="35" lat="49.0757472617" lon="31.2674385346" version="1" timestamp="2026-09-01T12:00:00Z" changeset="1" uid="1" user="generator"/>
  <node id="36" lat="49.0761651232" lon="31.2686807939" version="1" timestamp="2026-09-01T12:00:00Z" changeset="1" uid="1" user="generator"/>
  <node id="37" lat="49.0767202347" lon="31.2697910923" version="1" timestamp="2026-09-01T12:00:00Z" changeset="1" uid="1" user="generator"/>
  <node id="38" lat="49.0768747199" lon="31.2695876116" version="1" timestamp="2026-09-01T12:00:00Z" changeset="1" uid="1" user="generator"/>
  <node id="39" lat="49.0764591625" lon="31.2687952286" version="1" timestamp="2026-09-01T12:00:00Z" changeset="1" uid="1" user="generator"/>
  <node id="40" lat="49.0762253512" lon="31.2682268901" version="1" timestamp="2026-09-01T12:00:00Z" changeset="1" uid="1" user="generator"/>
  <node id="41" lat="49.0756877357" lon="31.2663661886" version="1" timestamp="2026-09-01T12:00:00Z" changeset="1" uid="1" user="generator"/>
  <node id="42" lat="49.0754383634" lon="31.2650623477" version="1" timestamp="2026-09-01T12:00:00Z" changeset="1" uid="1" user="generator"/>
  <node id="43" lat="49.0752828613" lon="31.2637262727" version="1" timestamp="2026-09-01T12:00:00Z" changeset="1" uid="1" user="generator"/>
  <node id="44" lat="49.0752344772" lon="31.2623741149" version="1" timestamp="2026-09-01T12:00:00Z" changeset="1" uid="1" user="generator"/>
  <node id="45" lat="49.0753071703" lon="31.2610247750" version="1" timestamp="2026-09-01T12:00:00Z" changeset="1" uid="1" user="generator"/>
  <node id="46" lat="49.0754874855" lon="31.2596954767" version="1" timestamp="2026-09-01T12:00:00Z" changeset="1" uid="1" user="generator"/>
  <node id="47" lat="49.0758404928" lon="31.2580844009" version="1" timestamp="2026-09-01T12:00:00Z" changeset="1" uid="1" user="generator"/>
  <node id="48" lat="49.0764307674" lon="31.2562571020" version="1" timestamp="2026-09-01T12:00:00Z" changeset="1" uid="1" user="generator"/>
  <node id="49" lat="49.0768066168" lon="31.2554227939" version="1" timestamp="2026-09-01T12:00:00Z" changeset="1" uid="1" user="generator"/>
  <node id="50" lat="49.0772406062" lon="31.2546499850" version="1" timestamp="2026-09-01T12:00:00Z" changeset="1" uid="1" user="generator"/>
  <node id="51" lat="49.0801734212" lon="31.2503989796" version="1" timestamp="2026-09-01T12:00:00Z" changeset="1" uid="1" user="generator"/>
  <node id="52" lat="49.0816892927" lon="31.2483458491" version="1" timestamp="2026-09-01T12:00:00Z" changeset="1" uid="1" user="generator"/>
  <node id="53" lat="49.0824727885" lon="31.2470859538" version="1" timestamp="2026-09-01T12:00:00Z" changeset="1" uid="1" user="generator"/>
  <node id="54" lat="49.0828652879" lon="31.2462214322" version="1" timestamp="2026-09-01T12:00:00Z" changeset="1" uid="1" user="generator"/>
  <node id="55" lat="49.0831663832" lon="31.2452788064" version="1" timestamp="2026-09-01T12:00:00Z" changeset="1" uid="1" user="generator"/>
  <node id="56" lat="49.0833967114" lon="31.2442945579" version="1" timestamp="2026-09-01T12:00:00Z" changeset="1" uid="1" user="generator"/>
  <node id="57" lat="49.0836075546" lon="31.2429415616" version="1" timestamp="2026-09-01T12:00:00Z" changeset="1" uid="1" user="generator"/>
  <node id="58" lat="49.0837330507" lon="31.2412164086" version="1" timestamp="2026-09-01T12:00:00Z" changeset="1" uid="1" user="generator"/>
  <node id="59" lat="49.0837155007" lon="31.2398183532" version="1" timestamp="2026-09-01T12:00:00Z" changeset="1" uid="1" user="generator"/>
  <node id="60" lat="49.0835583966" lon="31.2387926745" version="1" timestamp="2026-09-01T12:00:00Z" changeset="1" uid="1" user="generator"/>
  <node id="61" lat="49.0828851599" lon="31.2358859642" version="1" timestamp="2026-09-01T12:00:00Z" changeset="1" uid="1" user="generator"/>
  <node id="62" lat="49.0827978778" lon="31.2348971108" version="1" timestamp="2026-09-01T12:00:00Z" changeset="1" uid="1" user="generator"/>
  <node id="63" lat="49.0828316278" lon="31.2342331283" version="1" timestamp="2026-09-01T12:00:00Z" changeset="1" uid="1" user="generator"/>
  <node id="64" lat="49.0830549991" lon="31.2329294799" version="1" timestamp="2026-09-01T12:00:00Z" changeset="1" uid="1" user="generator"/>
  <node id="65" lat="49.0837349497" lon="31.2303878884" version="1" timestamp="2026-09-01T12:00:00Z" changeset="1" uid="1" user="generator"/>
  <node id="66" lat="49.0839546130" lon="31.2294004372" version="1" timestamp="2026-09-01T12:00:00Z" changeset="1" uid="1" user="generator"/>
  <node id="67" lat="49.0847767548" lon="31.2236884750" version="1" timestamp="2026-09-01T12:00:00Z" changeset="1" uid="1" user="generator"/>
  <node id="68" lat="49.0855712756" lon="31.2201135759" version="1" timestamp="2026-09-01T12:00:00Z" changeset="1" uid="1" user="generator"/>
  <node id="69" lat="49.0856738757" lon="31.2194314626" version="1" timestamp="2026-09-01T12:00:00Z" changeset="1" uid="1" user="generator"/>
  <node id="70" lat="49.0857229797" lon="31.2187307785" version="1" timestamp="2026-09-01T12:00:00Z" changeset="1" uid="1" user="generator"/>
  <node id="71" lat="49.0856978157" lon="31.2180223555" version="1" timestamp="2026-09-01T12:00:00Z" changeset="1" uid="1" user="generator"/>
  <node id="72" lat="49.0855931636" lon="31.2173363246" version="1" timestamp="2026-09-01T12:00:00Z" changeset="1" uid="1" user="generator"/>
  <node id="73" lat="49.0851806482" lon="31.2157190769" version="1" timestamp="2026-09-01T12:00:00Z" changeset="1" uid="1" user="generator"/>
  <node id="74" lat="49.0846716077" lon="31.2141770743" version="1" timestamp="2026-09-01T12:00:00Z" changeset="1" uid="1" user="generator"/>
  <node id="75" lat="49.0839904240" lon="31.2123882777" version="1" timestamp="2026-09-01T12:00:00Z" changeset="1" uid="1" user="generator"/>
  <node id="76" lat="49.0767222147" lon="31.2697944876" version="1" timestamp="2026-09-01T12:00:00Z" changeset="1" uid="1" user="generator"/>
  <node id="77" lat="49.0783285723" lon="31.2722116098" version="1" timestamp="2026-09-01T12:00:00Z" changeset="1" uid="1" user="generator"/>
  <node id="78" lat="49.0789313569" lon="31.2732112262" version="1" timestamp="2026-09-01T12:00:00Z" changeset="1" uid="1" user="generator"/>
  <node id="79" lat="49.0805507736" lon="31.2764910968" version="1" timestamp="2026-09-01T12:00:00Z" changeset="1" uid="1" user="generator"/>
  <node id="80" lat="49.0810114930" lon="31.2776548257" version="1" timestamp="2026-09-01T12:00:00Z" changeset="1" uid="1" user="generator"/>
  <node id="81" lat="49.0812990163" lon="31.2785699185" version="1" timestamp="2026-09-01T12:00:00Z" changeset="1" uid="1" user="generator"/>
  <node id="82" lat="49.0815769006" lon="31.2798521508" version="1" timestamp="2026-09-01T12:00:00Z" changeset="1" uid="1" user="generator"/>
  <node id="83" lat="49.0819100989" lon="31.2821883646" version="1" timestamp="2026-09-01T12:00:00Z" changeset="1" uid="1" user="generator"/>
  <node id="84" lat="49.0821494091" lon="31.2849129966" version="1" timestamp="2026-09-01T12:00:00Z" changeset="1" uid="1" user="generator"/>
  <node id="85" lat="49.0823336483" lon="31.2883397285" version="1" timestamp="2026-09-01T12:00:00Z" changeset="1" uid="1" user="generator"/>
  <node id="86" lat="49.0825423765" lon="31.2900345994" version="1" timestamp="2026-09-01T12:00:00Z" changeset="1" uid="1" user="generator"/>
  <node id="87" lat="49.0830202770" lon="31.2923324896" version="1" timestamp="2026-09-01T12:00:00Z" changeset="1" uid="1" user="generator"/>
  <node id="88" lat="49.0840977041" lon="31.2964978168" version="1" timestamp="2026-09-01T12:00:00Z" changeset="1" uid="1" user="generator"/>
  <node id="89" lat="49.0849784270" lon="31.2992776799" version="1" timestamp="2026-09-01T12:00:00Z" changeset="1" uid="1" user="generator"/>
  <node id="90" lat="49.0853061713" lon="31.3005370527" version="1" timestamp="2026-09-01T12:00:00Z" changeset="1" uid="1" user="generator"/>
  <node id="91" lat="49.0856117846" lon="31.3025181272" version="1" timestamp="2026-09-01T12:00:00Z" changeset="1" uid="1" user="generator"/>
  <node id="92" lat="49.0857335097" lon="31.3042056165" version="1" timestamp="2026-09-01T12:00:00Z" changeset="1" uid="1" user="generator"/>
  <node id="93" lat="49.0857032877" lon="31.3062408636" version="1" timestamp="2026-09-01T12:00:00Z" changeset="1" uid="1" user="generator"/>
  <node id="94" lat="49.0855067455" lon="31.3082605640" version="1" timestamp="2026-09-01T12:00:00Z" changeset="1" uid="1" user="generator"/>
  <node id="95" lat="49.0851527302" lon="31.3102250334" version="1" timestamp="2026-09-01T12:00:00Z" changeset="1" uid="1" user="generator"/>
  <node id="96" lat="49.0847172467" lon="31.3117819228" version="1" timestamp="2026-09-01T12:00:00Z" changeset="1" uid="1" user="generator"/>
  <node id="97" lat="49.0842541873" lon="31.3129282630" version="1" timestamp="2026-09-01T12:00:00Z" changeset="1" uid="1" user="generator"/>
  <node id="98" lat="49.0836974827" lon="31.3139869319" version="1" timestamp="2026-09-01T12:00:00Z" changeset="1" uid="1" user="generator"/>
  <node id="99" lat="49.0810824491" lon="31.3182427347" version="1" timestamp="2026-09-01T12:00:00Z" changeset="1" uid="1" user="generator"/>
  <node id="100" lat="49.0796643537" lon="31.3204541356" version="1" timestamp="2026-09-01T12:00:00Z" changeset="1" uid="1" user="generator"/>
  <node id="101" lat="49.0789389169" lon="31.3218004651" version="1" timestamp="2026-09-01T12:00:00Z" changeset="1" uid="1" user="generator"/>
  <node id="102" lat="49.0784879985" lon="31.3230295833" version="1" timestamp="2026-09-01T12:00:00Z" changeset="1" uid="1" user="generator"/>
  <node id="103" lat="49.0781876232" lon="31.3243541805" version="1" timestamp="2026-09-01T12:00:00Z" changeset="1" uid="1" user="generator"/>
  <node id="104" lat="49.0779736750" lon="31.3260643368" version="1" timestamp="2026-09-01T12:00:00Z" changeset="1" uid="1" user="generator"/>
  <node id="105" lat="49.0782174132" lon="31.3261151691" version="1" timestamp="2026-09-01T12:00:00Z" changeset="1" uid="1" user="generator"/>
  <node id="106" lat="49.0783707644" lon="31.3247786542" version="1" timestamp="2026-09-01T12:00:00Z" changeset="1" uid="1" user="generator"/>
  <node id="107" lat="49.0786280476" lon="31.3234894802" version="1" timestamp="2026-09-01T12:00:00Z" changeset="1" uid="1" user="generator"/>
  <node id="108" lat="49.0789051669" lon="31.3225788548" version="1" timestamp="2026-09-01T12:00:00Z" changeset="1" uid="1" user="generator"/>
  <node id="109" lat="49.0792678763" lon="31.3217393508" version="1" timestamp="2026-09-01T12:00:00Z" changeset="1" uid="1" user="generator"/>
  <node id="110" lat="49.0798417708" lon="31.3207053559" version="1" timestamp="2026-09-01T12:00:00Z" changeset="1" uid="1" user="generator"/>
  <node id="111" lat="49.0837246357" lon="31.3144832967" version="1" timestamp="2026-09-01T12:00:00Z" changeset="1" uid="1" user="generator"/>
  <node id="112" lat="49.0843087003" lon="31.3134182635" version="1" timestamp="2026-09-01T12:00:00Z" changeset="1" uid="1" user="generator"/>
  <node id="113" lat="49.0848174168" lon="31.3122546997" version="1" timestamp="2026-09-01T12:00:00Z" changeset="1" uid="1" user="generator"/>
  <node id="114" lat="49.0852946783" lon="31.3106701260" version="1" timestamp="2026-09-01T12:00:00Z" changeset="1" uid="1" user="generator"/>
  <node id="115" lat="49.0856855667" lon="31.3086717455" version="1" timestamp="2026-09-01T12:00:00Z" changeset="1" uid="1" user="generator"/>
  <node id="116" lat="49.0859327339" lon="31.3062731802" version="1" timestamp="2026-09-01T12:00:00Z" changeset="1" uid="1" user="generator"/>
  <node id="117" lat="49.0859622720" lon="31.3041877193" version="1" timestamp="2026-09-01T12:00:00Z" changeset="1" uid="1" user="generator"/>
  <node id="118" lat="49.0857960328" lon="31.3021182037" version="1" timestamp="2026-09-01T12:00:00Z" changeset="1" uid="1" user="generator"/>
  <node id="119" lat="49.0854460674" lon="31.3000991905" version="1" timestamp="2026-09-01T12:00:00Z" changeset="1" uid="1" user="generator"/>
  <node id="120" lat="49.0848874189" lon="31.2982005640" version="1" timestamp="2026-09-01T12:00:00Z" changeset="1" uid="1" user="generator"/>
  <node id="121" lat="49.0838300348" lon="31.2951710477" version="1" timestamp="2026-09-01T12:00:00Z" changeset="1" uid="1" user="generator"/>
  <node id="122" lat="49.0830113940" lon="31.2919718381" version="1" timestamp="2026-09-01T12:00:00Z" changeset="1" uid="1" user="generator"/>
  <node id="123" lat="49.0826121446" lon="31.2900073962" version="1" timestamp="2026-09-01T12:00:00Z" changeset="1" uid="1" user="generator"/>
  <node id="124" lat="49.0824051084" lon="31.2883263125" version="1" timestamp="2026-09-01T12:00:00Z" changeset="1" uid="1" user="generator"/>
  <node id="125" lat="49.0822431352" lon="31.2852442043" version="1" timestamp="2026-09-01T12:00:00Z" changeset="1" uid="1" user="generator"/>
  <node id="126" lat="49.0819243819" lon="31.2807913814" version="1" timestamp="2026-09-01T12:00:00Z" changeset="1" uid="1" user="generator"/>
  <node id="127" lat="49.0817220887" lon="31.2794347837" version="1" timestamp="2026-09-01T12:00:00Z" changeset="1" uid="1" user="generator"/>
  <node id="128" lat="49.0814941095" lon="31.2784453668" version="1" timestamp="2026-09-01T12:00:00Z" changeset="1" uid="1" user="generator"/>
  <node id="129" lat="49.0811970012" lon="31.2775019986" version="1" timestamp="2026-09-01T12:00:00Z" changeset="1" uid="1" user="generator"/>
  <node id="130" lat="49.0807255987" lon="31.2763137471" version="1" timestamp="2026-09-01T12:00:00Z" changeset="1" uid="1" user="generator"/>
  <node id="131" lat="49.0790913231" lon="31.2730101785" version="1" timestamp="2026-09-01T12:00:00Z" changeset="1" uid="1" user="generator"/>
  <node id="132" lat="49.0786337446" lon="31.2722348267" version="1" timestamp="2026-09-01T12:00:00Z" changeset="1" uid="1" user="generator"/>
  <node id="133" lat="49.0768727399" lon="31.2695842026" version="1" timestamp="2026-09-01T12:00:00Z" changeset="1" uid="1" user="generator"/>
  <node id="134" lat="49.0779733420" lon="31.3260683643" version="1" timestamp="2026-09-01T12:00:00Z" changeset="1" uid="1" user="generator"/>
  <node id="135" lat="49.0778949699" lon="31.3274495810" version="1" timestamp="2026-09-01T12:00:00Z" changeset="1" uid="1" user="generator"/>
  <node id="136" lat="49.0778841789" lon="31.3288461793" version="1" timestamp="2026-09-01T12:00:00Z" changeset="1" uid="1" user="generator"/>
  <node id="137" lat="49.0779712990" lon="31.3298891090" version="1" timestamp="2026-09-01T12:00:00Z" changeset="1" uid="1" user="generator"/>
  <node id="138" lat="49.0783567064" lon="31.3329136218" version="1" timestamp="2026-09-01T12:00:00Z" changeset="1" uid="1" user="generator"/>
  <node id="139" lat="49.0783868294" lon="31.3339176919" version="1" timestamp="2026-09-01T12:00:00Z" changeset="1" uid="1" user="generator"/>
  <node id="140" lat="49.0783464103" lon="31.3349319202" version="1" timestamp="2026-09-01T12:00:00Z" changeset="1" uid="1" user="generator"/>
  <node id="141" lat="49.0781872902" lon="31.3366170590" version="1" timestamp="2026-09-01T12:00:00Z" changeset="1" uid="1" user="generator"/>
  <node id="142" lat="49.0777776728" lon="31.3396368294" version="1" timestamp="2026-09-01T12:00:00Z" changeset="1" uid="1" user="generator"/>
  <node id="143" lat="49.0770564571" lon="31.3436087654" version="1" timestamp="2026-09-01T12:00:00Z" changeset="1" uid="1" user="generator"/>
  <node id="144" lat="49.0763983224" lon="31.3479774771" version="1" timestamp="2026-09-01T12:00:00Z" changeset="1" uid="1" user="generator"/>
  <node id="145" lat="49.0763028593" lon="31.3493753263" version="1" timestamp="2026-09-01T12:00:00Z" changeset="1" uid="1" user="generator"/>
  <node id="146" lat="49.0763230283" lon="31.3500864710" version="1" timestamp="2026-09-01T12:00:00Z" changeset="1" uid="1" user="generator"/>
  <node id="147" lat="49.0764074214" lon="31.3507903991" version="1" timestamp="2026-09-01T12:00:00Z" changeset="1" uid="1" user="generator"/>
  <node id="148" lat="49.0767446427" lon="31.3521096217" version="1" timestamp="2026-09-01T12:00:00Z" changeset="1" uid="1" user="generator"/>
  <node id="149" lat="49.0772188622" lon="31.3533084301" version="1" timestamp="2026-09-01T12:00:00Z" changeset="1" uid="1" user="generator"/>
  <node id="150" lat="49.0779102249" lon="31.3546869250" version="1" timestamp="2026-09-01T12:00:00Z" changeset="1" uid="1" user="generator"/>
  <node id="151" lat="49.0789490869" lon="31.3565076672" version="1" timestamp="2026-09-01T12:00:00Z" changeset="1" uid="1" user="generator"/>
  <node id="152" lat="49.0799394209" lon="31.3579478538" version="1" timestamp="2026-09-01T12:00:00Z" changeset="1" uid="1" user="generator"/>
  <node id="153" lat="49.0823815194" lon="31.3609724078" version="1" timestamp="2026-09-01T12:00:00Z" changeset="1" uid="1" user="generator"/>
  <node id="154" lat="49.0838018648" lon="31.3631619940" version="1" timestamp="2026-09-01T12:00:00Z" changeset="1" uid="1" user="generator"/>
  <node id="155" lat="49.0845531406" lon="31.3644208171" version="1" timestamp="2026-09-01T12:00:00Z" changeset="1" uid="1" user="generator"/>
  <node id="156" lat="49.0849575560" lon="31.3652230422" version="1" timestamp="2026-09-01T12:00:00Z" changeset="1" uid="1" user="generator"/>
  <node id="157" lat="49.0852966853" lon="31.3660795361" version="1" timestamp="2026-09-01T12:00:00Z" changeset="1" uid="1" user="generator"/>
  <node id="158" lat="49.0854664975" lon="31.3666849611" version="1" timestamp="2026-09-01T12:00:00Z" changeset="1" uid="1" user="generator"/>
  <node id="159" lat="49.0856098946" lon="31.3676458965" version="1" timestamp="2026-09-01T12:00:00Z" changeset="1" uid="1" user="generator"/>
  <node id="160" lat="49.0856364536" lon="31.3686421863" version="1" timestamp="2026-09-01T12:00:00Z" changeset="1" uid="1" user="generator"/>
  <node id="161" lat="49.0855444285" lon="31.3699814230" version="1" timestamp="2026-09-01T12:00:00Z" changeset="1" uid="1" user="generator"/>
  <node id="162" lat="49.0852718003" lon="31.3719866902" version="1" timestamp="2026-09-01T12:00:00Z" changeset="1" uid="1" user="generator"/>
  <node id="163" lat="49.0850298080" lon="31.3732888679" version="1" timestamp="2026-09-01T12:00:00Z" changeset="1" uid="1" user="generator"/>
  <node id="164" lat="49.0846247626" lon="31.3748731116" version="1" timestamp="2026-09-01T12:00:00Z" changeset="1" uid="1" user="generator"/>
  <node id="165" lat="49.0837719308" lon="31.3776676003" version="1" timestamp="2026-09-01T12:00:00Z" changeset="1" uid="1" user="generator"/>
  <node id="166" lat="49.0830373590" lon="31.3797848006" version="1" timestamp="2026-09-01T12:00:00Z" changeset="1" uid="1" user="generator"/>
  <node id="167" lat="49.0819239859" lon="31.3827663986" version="1" timestamp="2026-09-01T12:00:00Z" changeset="1" uid="1" user="generator"/>
  <node id="168" lat="49.0821726562" lon="31.3829883126" version="1" timestamp="2026-09-01T12:00:00Z" changeset="1" uid="1" user="generator"/>
  <node id="169" lat="49.0839253359" lon="31.3781691062" version="1" timestamp="2026-09-01T12:00:00Z" changeset="1" uid="1" user="generator"/>
  <node id="170" lat="49.0847927928" lon="31.3753609952" version="1" timestamp="2026-09-01T12:00:00Z" changeset="1" uid="1" user="generator"/>
  <node id="171" lat="49.0852208512" lon="31.3737550192" version="1" timestamp="2026-09-01T12:00:00Z" changeset="1" uid="1" user="generator"/>
  <node id="172" lat="49.0854916345" lon="31.3724222844" version="1" timestamp="2026-09-01T12:00:00Z" changeset="1" uid="1" user="generator"/>
  <node id="173" lat="49.0858195498" lon="31.3700497814" version="1" timestamp="2026-09-01T12:00:00Z" changeset="1" uid="1" user="generator"/>
  <node id="174" lat="49.0859141579" lon="31.3686555474" version="1" timestamp="2026-09-01T12:00:00Z" changeset="1" uid="1" user="generator"/>
  <node id="175" lat="49.0858848899" lon="31.3675930572" version="1" timestamp="2026-09-01T12:00:00Z" changeset="1" uid="1" user="generator"/>
  <node id="176" lat="49.0857277857" lon="31.3665468971" version="1" timestamp="2026-09-01T12:00:00Z" changeset="1" uid="1" user="generator"/>
  <node id="177" lat="49.0855430785" lon="31.3658894714" version="1" timestamp="2026-09-01T12:00:00Z" changeset="1" uid="1" user="generator"/>
  <node id="178" lat="49.0851835552" lon="31.3649827774" version="1" timestamp="2026-09-01T12:00:00Z" changeset="1" uid="1" user="generator"/>
  <node id="179" lat="49.0847638578" lon="31.3641517134" version="1" timestamp="2026-09-01T12:00:00Z" changeset="1" uid="1" user="generator"/>
  <node id="180" lat="49.0839984160" lon="31.3628714192" version="1" timestamp="2026-09-01T12:00:00Z" changeset="1" uid="1" user="generator"/>
  <node id="181" lat="49.0825658396" lon="31.3606679084" version="1" timestamp="2026-09-01T12:00:00Z" changeset="1" uid="1" user="generator"/>
  <node id="182" lat="49.0801122301" lon="31.3576342821" version="1" timestamp="2026-09-01T12:00:00Z" changeset="1" uid="1" user="generator"/>
  <node id="183" lat="49.0791469701" lon="31.3562338899" version="1" timestamp="2026-09-01T12:00:00Z" changeset="1" uid="1" user="generator"/>
  <node id="184" lat="49.0781143991" lon="31.3544279108" version="1" timestamp="2026-09-01T12:00:00Z" changeset="1" uid="1" user="generator"/>
  <node id="185" lat="49.0774364554" lon="31.3530793270" version="1" timestamp="2026-09-01T12:00:00Z" changeset="1" uid="1" user="generator"/>
  <node id="186" lat="49.0769792370" lon="31.3519267599" version="1" timestamp="2026-09-01T12:00:00Z" changeset="1" uid="1" user="generator"/>
  <node id="187" lat="49.0766615367" lon="31.3506899440" version="1" timestamp="2026-09-01T12:00:00Z" changeset="1" uid="1" user="generator"/>
  <node id="188" lat="49.0765834886" lon="31.3500426628" version="1" timestamp="2026-09-01T12:00:00Z" changeset="1" uid="1" user="generator"/>
  <node id="189" lat="49.0765644086" lon="31.3493808934" version="1" timestamp="2026-09-01T12:00:00Z" changeset="1" uid="1" user="generator"/>
  <node id="190" lat="49.0766550837" lon="31.3480462204" version="1" timestamp="2026-09-01T12:00:00Z" changeset="1" uid="1" user="generator"/>
  <node id="191" lat="49.0773064143" lon="31.3437047943" version="1" timestamp="2026-09-01T12:00:00Z" changeset="1" uid="1" user="generator"/>
  <node id="192" lat="49.0780758701" lon="31.3393872862" version="1" timestamp="2026-09-01T12:00:00Z" changeset="1" uid="1" user="generator"/>
  <node id="193" lat="49.0784752365" lon="31.3363448212" version="1" timestamp="2026-09-01T12:00:00Z" changeset="1" uid="1" user="generator"/>
  <node id="194" lat="49.0786164106" lon="31.3346220049" version="1" timestamp="2026-09-01T12:00:00Z" changeset="1" uid="1" user="generator"/>
  <node id="195" lat="49.0786384876" lon="31.3335731507" version="1" timestamp="2026-09-01T12:00:00Z" changeset="1" uid="1" user="generator"/>
  <node id="196" lat="49.0786056016" lon="31.3328701710" version="1" timestamp="2026-09-01T12:00:00Z" changeset="1" uid="1" user="generator"/>
  <node id="197" lat="49.0782160092" lon="31.3298231699" version="1" timestamp="2026-09-01T12:00:00Z" changeset="1" uid="1" user="generator"/>
  <node id="198" lat="49.0781314451" lon="31.3288211755" version="1" timestamp="2026-09-01T12:00:00Z" changeset="1" uid="1" user="generator"/>
  <node id="199" lat="49.0781415341" lon="31.3274694163" version="1" timestamp="2026-09-01T12:00:00Z" changeset="1" uid="1" user="generator"/>
  <node id="200" lat="49.0782177372" lon="31.3261111416" version="1" timestamp="2026-09-01T12:00:00Z" changeset="1" uid="1" user="generator"/>
  <node id="201" lat="49.0831789832" lon="31.2954619799" version="1" timestamp="2026-09-01T12:00:00Z" changeset="1" uid="1" user="generator"/>
  <node id="202" lat="49.0826116766" lon="31.2955538851" version="1" timestamp="2026-09-01T12:00:00Z" changeset="1" uid="1" user="generator"/>
  <node id="203" lat="49.0823092583" lon="31.2954542410" version="1" timestamp="2026-09-01T12:00:00Z" changeset="1" uid="1" user="generator"/>
  <node id="204" lat="49.0820023040" lon="31.2951877077" version="1" timestamp="2026-09-01T12:00:00Z" changeset="1" uid="1" user="generator"/>
  <node id="205" lat="49.0815624916" lon="31.2944861714" version="1" timestamp="2026-09-01T12:00:00Z" changeset="1" uid="1" user="generator"/>
  <node id="206" lat="49.0801583552" lon="31.2911598946" version="1" timestamp="2026-09-01T12:00:00Z" changeset="1" uid="1" user="generator"/>
  <node id="207" lat="49.0797494577" lon="31.2897365330" version="1" timestamp="2026-09-01T12:00:00Z" changeset="1" uid="1" user="generator"/>
  <node id="208" lat="49.0795777646" lon="31.2886508397" version="1" timestamp="2026-09-01T12:00:00Z" changeset="1" uid="1" user="generator"/>
  <node id="209" lat="49.0795578116" lon="31.2870415509" version="1" timestamp="2026-09-01T12:00:00Z" changeset="1" uid="1" user="generator"/>
  <node id="210" lat="49.0797027387" lon="31.2861349669" version="1" timestamp="2026-09-01T12:00:00Z" changeset="1" uid="1" user="generator"/>
  <node id="211" lat="49.0799354069" lon="31.2854304477" version="1" timestamp="2026-09-01T12:00:00Z" changeset="1" uid="1" user="generator"/>
  <node id="212" lat="49.0812338742" lon="31.2832448753" version="1" timestamp="2026-09-01T12:00:00Z" changeset="1" uid="1" user="generator"/>
  <node id="213" lat="49.0815856756" lon="31.2828513574" version="1" timestamp="2026-09-01T12:00:00Z" changeset="1" uid="1" user="generator"/>
  <node id="214" lat="49.0818471438" lon="31.2827315480" version="1" timestamp="2026-09-01T12:00:00Z" changeset="1" uid="1" user="generator"/>
  <node id="215" lat="49.0822638983" lon="31.2827273830" version="1" timestamp="2026-09-01T12:00:00Z" changeset="1" uid="1" user="generator"/>
  <node id="216" lat="49.0830305550" lon="31.2828996880" version="1" timestamp="2026-09-01T12:00:00Z" changeset="1" uid="1" user="generator"/>
  <node id="217" lat="49.0833813664" lon="31.2830684740" version="1" timestamp="2026-09-01T12:00:00Z" changeset="1" uid="1" user="generator"/>
  <node id="218" lat="49.0837496017" lon="31.2833988845" version="1" timestamp="2026-09-01T12:00:00Z" changeset="1" uid="1" user="generator"/>
  <node id="219" lat="49.0841070821" lon="31.2839568310" version="1" timestamp="2026-09-01T12:00:00Z" changeset="1" uid="1" user="generator"/>
  <node id="220" lat="49.0844152874" lon="31.2847549186" version="1" timestamp="2026-09-01T12:00:00Z" changeset="1" uid="1" user="generator"/>
  <node id="221" lat="49.0847165627" lon="31.2862714500" version="1" timestamp="2026-09-01T12:00:00Z" changeset="1" uid="1" user="generator"/>
  <node id="222" lat="49.0848144828" lon="31.2883721826" version="1" timestamp="2026-09-01T12:00:00Z" changeset="1" uid="1" user="generator"/>
  <node id="223" lat="49.0847875098" lon="31.2923872120" version="1" timestamp="2026-09-01T12:00:00Z" changeset="1" uid="1" user="generator"/>
  <node id="224" lat="49.0846866107" lon="31.2936507774" version="1" timestamp="2026-09-01T12:00:00Z" changeset="1" uid="1" user="generator"/>
  <node id="225" lat="49.0845278055" lon="31.2943363685" version="1" timestamp="2026-09-01T12:00:00Z" changeset="1" uid="1" user="generator"/>
  <node id="226" lat="49.0841679672" lon="31.2950016018" version="1" timestamp="2026-09-01T12:00:00Z" changeset="1" uid="1" user="generator"/>
  <node id="227" lat="49.0838847819" lon="31.2952226361" version="1" timestamp="2026-09-01T12:00:00Z" changeset="1" uid="1" user="generator"/>
  <node id="228" lat="49.1215118125" lon="31.2669358192" version="1" timestamp="2026-09-01T12:00:00Z" changeset="1" uid="1" user="generator"/>
  <node id="229" lat="49.1205081495" lon="31.2712051067" version="1" timestamp="2026-09-01T12:00:00Z" changeset="1" uid="1" user="generator"/>
  <node id="230" lat="49.1202203472" lon="31.2714124088" version="1" timestamp="2026-09-01T12:00:00Z" changeset="1" uid="1" user="generator"/>
  <node id="231" lat="49.1184415314" lon="31.2704369165" version="1" timestamp="2026-09-01T12:00:00Z" changeset="1" uid="1" user="generator"/>
  <node id="232" lat="49.1183058023" lon="31.2699973635" version="1" timestamp="2026-09-01T12:00:00Z" changeset="1" uid="1" user="generator"/>
  <node id="233" lat="49.1193094653" lon="31.2657280622" version="1" timestamp="2026-09-01T12:00:00Z" changeset="1" uid="1" user="generator"/>
  <node id="234" lat="49.1195972676" lon="31.2655207601" version="1" timestamp="2026-09-01T12:00:00Z" changeset="1" uid="1" user="generator"/>
  <node id="235" lat="49.1213760834" lon="31.2664962524" version="1" timestamp="2026-09-01T12:00:00Z" changeset="1" uid="1" user="generator"/>
  <node id="236" lat="49.1045001755" lon="31.3022722816" version="1" timestamp="2026-09-01T12:00:00Z" changeset="1" uid="1" user="generator"/>
  <node id="237" lat="49.1010330840" lon="31.3068662888" version="1" timestamp="2026-09-01T12:00:00Z" changeset="1" uid="1" user="generator"/>
  <node id="238" lat="49.1007156807" lon="31.3068319102" version="1" timestamp="2026-09-01T12:00:00Z" changeset="1" uid="1" user="generator"/>
  <node id="239" lat="49.0990053100" lon="31.3038208134" version="1" timestamp="2026-09-01T12:00:00Z" changeset="1" uid="1" user="generator"/>
  <node id="240" lat="49.0990278280" lon="31.3033360501" version="1" timestamp="2026-09-01T12:00:00Z" changeset="1" uid="1" user="generator"/>
  <node id="241" lat="49.1024949195" lon="31.2987420429" version="1" timestamp="2026-09-01T12:00:00Z" changeset="1" uid="1" user="generator"/>
  <node id="242" lat="49.1028123228" lon="31.2987764215" version="1" timestamp="2026-09-01T12:00:00Z" changeset="1" uid="1" user="generator"/>
  <node id="243" lat="49.1045226935" lon="31.3017875183" version="1" timestamp="2026-09-01T12:00:00Z" changeset="1" uid="1" user="generator"/>
  <node id="244" lat="49.0844351594" lon="31.3325522831" version="1" timestamp="2026-09-01T12:00:00Z" changeset="1" uid="1" user="generator"/>
  <node id="245" lat="49.0831422631" lon="31.3363283673" version="1" timestamp="2026-09-01T12:00:00Z" changeset="1" uid="1" user="generator"/>
  <node id="246" lat="49.0828386118" lon="31.3364736341" version="1" timestamp="2026-09-01T12:00:00Z" changeset="1" uid="1" user="generator"/>
  <node id="247" lat="49.0813232983" lon="31.3352633616" version="1" timestamp="2026-09-01T12:00:00Z" changeset="1" uid="1" user="generator"/>
  <node id="248" lat="49.0812281772" lon="31.3347995883" version="1" timestamp="2026-09-01T12:00:00Z" changeset="1" uid="1" user="generator"/>
  <node id="249" lat="49.0825210735" lon="31.3310235041" version="1" timestamp="2026-09-01T12:00:00Z" changeset="1" uid="1" user="generator"/>
  <node id="250" lat="49.0828247248" lon="31.3308782373" version="1" timestamp="2026-09-01T12:00:00Z" changeset="1" uid="1" user="generator"/>
  <node id="251" lat="49.0843400383" lon="31.3320885098" version="1" timestamp="2026-09-01T12:00:00Z" changeset="1" uid="1" user="generator"/>
  <node id="252" lat="49.1177855658" lon="31.3127752161" version="1" timestamp="2026-09-01T12:00:00Z" changeset="1" uid="1" user="generator"/>
  <node id="253" lat="49.1177855658" lon="31.3203354672" version="1" timestamp="2026-09-01T12:00:00Z" changeset="1" uid="1" user="generator"/>
  <node id="254" lat="49.1175605656" lon="31.3206791149" version="1" timestamp="2026-09-01T12:00:00Z" changeset="1" uid="1" user="generator"/>
  <node id="255" lat="49.1144105624" lon="31.3206791149" version="1" timestamp="2026-09-01T12:00:00Z" changeset="1" uid="1" user="generator"/>
  <node id="256" lat="49.1141855622" lon="31.3203354672" version="1" timestamp="2026-09-01T12:00:00Z" changeset="1" uid="1" user="generator"/>
  <node id="257" lat="49.1141855622" lon="31.3127752161" version="1" timestamp="2026-09-01T12:00:00Z" changeset="1" uid="1" user="generator"/>
  <node id="258" lat="49.1144105624" lon="31.3124315683" version="1" timestamp="2026-09-01T12:00:00Z" changeset="1" uid="1" user="generator"/>
  <node id="259" lat="49.1175605656" lon="31.3124315683" version="1" timestamp="2026-09-01T12:00:00Z" changeset="1" uid="1" user="generator"/>
  <node id="260" lat="49.0944927415" lon="31.2761292907" version="1" timestamp="2026-09-01T12:00:00Z" changeset="1" uid="1" user="generator"/>
  <node id="261" lat="49.0944927415" lon="31.2831397053" version="1" timestamp="2026-09-01T12:00:00Z" changeset="1" uid="1" user="generator"/>
  <node id="262" lat="49.0942677413" lon="31.2834833531" version="1" timestamp="2026-09-01T12:00:00Z" changeset="1" uid="1" user="generator"/>
  <node id="263" lat="49.0913427383" lon="31.2834833531" version="1" timestamp="2026-09-01T12:00:00Z" changeset="1" uid="1" user="generator"/>
  <node id="264" lat="49.0911177381" lon="31.2831397053" version="1" timestamp="2026-09-01T12:00:00Z" changeset="1" uid="1" user="generator"/>
  <node id="265" lat="49.0911177381" lon="31.2761292907" version="1" timestamp="2026-09-01T12:00:00Z" changeset="1" uid="1" user="generator"/>
  <node id="266" lat="49.0913427383" lon="31.2757856429" version="1" timestamp="2026-09-01T12:00:00Z" changeset="1" uid="1" user="generator"/>
  <node id="267" lat="49.0942677413" lon="31.2757856429" version="1" timestamp="2026-09-01T12:00:00Z" changeset="1" uid="1" user="generator"/>
  <node id="268" lat="49.0905131625" lon="31.3362489297" version="1" timestamp="2026-09-01T12:00:00Z" changeset="1" uid="1" user="generator"/>
  <node id="269" lat="49.0905131625" lon="31.3403177194" version="1" timestamp="2026-09-01T12:00:00Z" changeset="1" uid="1" user="generator"/>
  <node id="270" lat="49.0902881623" lon="31.3406613672" version="1" timestamp="2026-09-01T12:00:00Z" changeset="1" uid="1" user="generator"/>
  <node id="271" lat="49.0860581581" lon="31.3406613672" version="1" timestamp="2026-09-01T12:00:00Z" changeset="1" uid="1" user="generator"/>
  <node id="272" lat="49.0858331578" lon="31.3403177194" version="1" timestamp="2026-09-01T12:00:00Z" changeset="1" uid="1" user="generator"/>
  <node id="273" lat="49.0858331578" lon="31.3362489297" version="1" timestamp="2026-09-01T12:00:00Z" changeset="1" uid="1" user="generator"/>
  <node id="274" lat="49.0860581581" lon="31.3359052819" version="1" timestamp="2026-09-01T12:00:00Z" changeset="1" uid="1" user="generator"/>
  <node id="275" lat="49.0902881623" lon="31.3359052819" version="1" timestamp="2026-09-01T12:00:00Z" changeset="1" uid="1" user="generator"/>
  <node id="276" lat="49.1095402705" lon="31.3408050119" version="1" timestamp="2026-09-01T12:00:00Z" changeset="1" uid="1" user="generator"/>
  <node id="277" lat="49.1095402705" lon="31.3469906719" version="1" timestamp="2026-09-01T12:00:00Z" changeset="1" uid="1" user="generator"/>
  <node id="278" lat="49.1093152703" lon="31.3473343197" version="1" timestamp="2026-09-01T12:00:00Z" changeset="1" uid="1" user="generator"/>
  <node id="279" lat="49.1070652681" lon="31.3473343197" version="1" timestamp="2026-09-01T12:00:00Z" changeset="1" uid="1" user="generator"/>
  <node id="280" lat="49.1068402678" lon="31.3469906719" version="1" timestamp="2026-09-01T12:00:00Z" changeset="1" uid="1" user="generator"/>
  <node id="281" lat="49.1068402678" lon="31.3408050119" version="1" timestamp="2026-09-01T12:00:00Z" changeset="1" uid="1" user="generator"/>
  <node id="282" lat="49.1070652681" lon="31.3404613642" version="1" timestamp="2026-09-01T12:00:00Z" changeset="1" uid="1" user="generator"/>
  <node id="283" lat="49.1093152703" lon="31.3404613642" version="1" timestamp="2026-09-01T12:00:00Z" changeset="1" uid="1" user="generator"/>
  <node id="284" lat="49.0696730927" lon="31.3080770973" version="1" timestamp="2026-09-01T12:00:00Z" changeset="1" uid="1" user="generator"/>
  <node id="285" lat="49.0696730927" lon="31.3115135751" version="1" timestamp="2026-09-01T12:00:00Z" changeset="1" uid="1" user="generator"/>
  <node id="286" lat="49.0694480924" lon="31.3118572229" version="1" timestamp="2026-09-01T12:00:00Z" changeset="1" uid="1" user="generator"/>
  <node id="287" lat="49.0658480888" lon="31.3118572229" version="1" timestamp="2026-09-01T12:00:00Z" changeset="1" uid="1" user="generator"/>
  <node id="288" lat="49.0656230886" lon="31.3115135751" version="1" timestamp="2026-09-01T12:00:00Z" changeset="1" uid="1" user="generator"/>
  <node id="289" lat="49.0656230886" lon="31.3080770973" version="1" timestamp="2026-09-01T12:00:00Z" changeset="1" uid="1" user="generator"/>
  <node id="290" lat="49.0658480888" lon="31.3077334496" version="1" timestamp="2026-09-01T12:00:00Z" changeset="1" uid="1" user="generator"/>
  <node id="291" lat="49.0694480924" lon="31.3077334496" version="1" timestamp="2026-09-01T12:00:00Z" changeset="1" uid="1" user="generator"/>
  <node id="292" lat="49.1122786943" lon="31.2565681170" version="1" timestamp="2026-09-01T12:00:00Z" changeset="1" uid="1" user="generator"/>
  <node id="293" lat="49.1122786943" lon="31.2641283681" version="1" timestamp="2026-09-01T12:00:00Z" changeset="1" uid="1" user="generator"/>
  <node id="294" lat="49.1120536941" lon="31.2644720158" version="1" timestamp="2026-09-01T12:00:00Z" changeset="1" uid="1" user="generator"/>
  <node id="295" lat="49.1107036927" lon="31.2644720158" version="1" timestamp="2026-09-01T12:00:00Z" changeset="1" uid="1" user="generator"/>
  <node id="296" lat="49.1104786925" lon="31.2641283681" version="1" timestamp="2026-09-01T12:00:00Z" changeset="1" uid="1" user="generator"/>
  <node id="297" lat="49.1104786925" lon="31.2565681170" version="1" timestamp="2026-09-01T12:00:00Z" changeset="1" uid="1" user="generator"/>
  <node id="298" lat="49.1107036927" lon="31.2562244692" version="1" timestamp="2026-09-01T12:00:00Z" changeset="1" uid="1" user="generator"/>
  <node id="299" lat="49.1120536941" lon="31.2562244692" version="1" timestamp="2026-09-01T12:00:00Z" changeset="1" uid="1" user="generator"/>
  <node id="300" lat="49.0739567100" lon="31.3251723783" version="1" timestamp="2026-09-01T12:00:00Z" changeset="1" uid="1" user="generator"/>
  <node id="301" lat="49.0739567100" lon="31.3302583654" version="1" timestamp="2026-09-01T12:00:00Z" changeset="1" uid="1" user="generator"/>
  <node id="302" lat="49.0737317097" lon="31.3306020132" version="1" timestamp="2026-09-01T12:00:00Z" changeset="1" uid="1" user="generator"/>
  <node id="303" lat="49.0719317079" lon="31.3306020132" version="1" timestamp="2026-09-01T12:00:00Z" changeset="1" uid="1" user="generator"/>
  <node id="304" lat="49.0717067077" lon="31.3302583654" version="1" timestamp="2026-09-01T12:00:00Z" changeset="1" uid="1" user="generator"/>
  <node id="305" lat="49.0717067077" lon="31.3251723783" version="1" timestamp="2026-09-01T12:00:00Z" changeset="1" uid="1" user="generator"/>
  <node id="306" lat="49.0719317079" lon="31.3248287306" version="1" timestamp="2026-09-01T12:00:00Z" changeset="1" uid="1" user="generator"/>
  <node id="307" lat="49.0737317097" lon="31.3248287306" version="1" timestamp="2026-09-01T12:00:00Z" changeset="1" uid="1" user="generator"/>
  <node id="308" lat="49.0997208287" lon="31.2939994837" version="1" timestamp="2026-09-01T12:00:00Z" changeset="1" uid="1" user="generator"/>
  <node id="309" lat="49.0987261927" lon="31.2924090818" version="1" timestamp="2026-09-01T12:00:00Z" changeset="1" uid="1" user="generator"/>
  <node id="310" lat="49.0987334827" lon="31.2919232188" version="1" timestamp="2026-09-01T12:00:00Z" changeset="1" uid="1" user="generator"/>
  <node id="311" lat="49.0997747838" lon="31.2904040894" version="1" timestamp="2026-09-01T12:00:00Z" changeset="1" uid="1" user="generator"/>
  <node id="312" lat="49.1000928981" lon="31.2904152236" version="1" timestamp="2026-09-01T12:00:00Z" changeset="1" uid="1" user="generator"/>
  <node id="313" lat="49.1010875341" lon="31.2920056255" version="1" timestamp="2026-09-01T12:00:00Z" changeset="1" uid="1" user="generator"/>
  <node id="314" lat="49.1010802441" lon="31.2924914885" version="1" timestamp="2026-09-01T12:00:00Z" changeset="1" uid="1" user="generator"/>
  <node id="315" lat="49.1000389430" lon="31.2940106179" version="1" timestamp="2026-09-01T12:00:00Z" changeset="1" uid="1" user="generator"/>
  <node id="316" lat="49.1011210321" lon="31.2823800376" version="1" timestamp="2026-09-01T12:00:00Z" changeset="1" uid="1" user="generator"/>
  <node id="317" lat="49.1000883891" lon="31.2807501162" version="1" timestamp="2026-09-01T12:00:00Z" changeset="1" uid="1" user="generator"/>
  <node id="318" lat="49.1000936181" lon="31.2802641982" version="1" timestamp="2026-09-01T12:00:00Z" changeset="1" uid="1" user="generator"/>
  <node id="319" lat="49.1011607852" lon="31.2786870061" version="1" timestamp="2026-09-01T12:00:00Z" changeset="1" uid="1" user="generator"/>
  <node id="320" lat="49.1014789445" lon="31.2786949925" version="1" timestamp="2026-09-01T12:00:00Z" changeset="1" uid="1" user="generator"/>
  <node id="321" lat="49.1025115965" lon="31.2803249139" version="1" timestamp="2026-09-01T12:00:00Z" changeset="1" uid="1" user="generator"/>
  <node id="322" lat="49.1025063675" lon="31.2808108319" version="1" timestamp="2026-09-01T12:00:00Z" changeset="1" uid="1" user="generator"/>
  <node id="323" lat="49.1014391914" lon="31.2823880239" version="1" timestamp="2026-09-01T12:00:00Z" changeset="1" uid="1" user="generator"/>
  <node id="324" lat="49.0973014103" lon="31.2783980533" version="1" timestamp="2026-09-01T12:00:00Z" changeset="1" uid="1" user="generator"/>
  <node id="325" lat="49.0962301572" lon="31.2767296159" version="1" timestamp="2026-09-01T12:00:00Z" changeset="1" uid="1" user="generator"/>
  <node id="326" lat="49.0962332622" lon="31.2762436429" version="1" timestamp="2026-09-01T12:00:00Z" changeset="1" uid="1" user="generator"/>
  <node id="327" lat="49.0973256563" lon="31.2746074946" version="1" timestamp="2026-09-01T12:00:00Z" changeset="1" uid="1" user="generator"/>
  <node id="328" lat="49.0976438426" lon="31.2746122370" version="1" timestamp="2026-09-01T12:00:00Z" changeset="1" uid="1" user="generator"/>
  <node id="329" lat="49.0987150957" lon="31.2762806744" version="1" timestamp="2026-09-01T12:00:00Z" changeset="1" uid="1" user="generator"/>
  <node id="330" lat="49.0987119817" lon="31.2767666474" version="1" timestamp="2026-09-01T12:00:00Z" changeset="1" uid="1" user="generator"/>
  <node id="331" lat="49.0976195966" lon="31.2784027957" version="1" timestamp="2026-09-01T12:00:00Z" changeset="1" uid="1" user="generator"/>
  <node id="332" lat="49.0944054234" lon="31.2729813121" version="1" timestamp="2026-09-01T12:00:00Z" changeset="1" uid="1" user="generator"/>
  <node id="333" lat="49.0932984763" lon="31.2712894791" version="1" timestamp="2026-09-01T12:00:00Z" changeset="1" uid="1" user="generator"/>
  <node id="334" lat="49.0932985843" lon="31.2708034924" version="1" timestamp="2026-09-01T12:00:00Z" changeset="1" uid="1" user="generator"/>
  <node id="335" lat="49.0944062874" lon="31.2691128141" version="1" timestamp="2026-09-01T12:00:00Z" changeset="1" uid="1" user="generator"/>
  <node id="336" lat="49.0947244917" lon="31.2691129791" version="1" timestamp="2026-09-01T12:00:00Z" changeset="1" uid="1" user="generator"/>
  <node id="337" lat="49.0958314388" lon="31.2708048120" version="1" timestamp="2026-09-01T12:00:00Z" changeset="1" uid="1" user="generator"/>
  <node id="338" lat="49.0958313308" lon="31.2712907987" version="1" timestamp="2026-09-01T12:00:00Z" changeset="1" uid="1" user="generator"/>
  <node id="339" lat="49.0947236277" lon="31.2729814771" version="1" timestamp="2026-09-01T12:00:00Z" changeset="1" uid="1" user="generator"/>
  <node id="340" lat="49.1028447318" lon="31.2894420956" version="1" timestamp="2026-09-01T12:00:00Z" changeset="1" uid="1" user="generator"/>
  <node id="341" lat="49.1018500959" lon="31.2878516937" version="1" timestamp="2026-09-01T12:00:00Z" changeset="1" uid="1" user="generator"/>
  <node id="342" lat="49.1018573859" lon="31.2873658307" version="1" timestamp="2026-09-01T12:00:00Z" changeset="1" uid="1" user="generator"/>
  <node id="343" lat="49.1028986869" lon="31.2858467014" version="1" timestamp="2026-09-01T12:00:00Z" changeset="1" uid="1" user="generator"/>
  <node id="344" lat="49.1032168012" lon="31.2858578356" version="1" timestamp="2026-09-01T12:00:00Z" changeset="1" uid="1" user="generator"/>
  <node id="345" lat="49.1042114372" lon="31.2874482375" version="1" timestamp="2026-09-01T12:00:00Z" changeset="1" uid="1" user="generator"/>
  <node id="346" lat="49.1042041472" lon="31.2879341004" version="1" timestamp="2026-09-01T12:00:00Z" changeset="1" uid="1" user="generator"/>
  <node id="347" lat="49.1031628462" lon="31.2894532298" version="1" timestamp="2026-09-01T12:00:00Z" changeset="1" uid="1" user="generator"/>
  <node id="348" lat="49.1035787726" lon="31.2787477218" version="1" timestamp="2026-09-01T12:00:00Z" changeset="1" uid="1" user="generator"/>
  <node id="349" lat="49.1025461205" lon="31.2771178004" version="1" timestamp="2026-09-01T12:00:00Z" changeset="1" uid="1" user="generator"/>
  <node id="350" lat="49.1025513496" lon="31.2766318687" version="1" timestamp="2026-09-01T12:00:00Z" changeset="1" uid="1" user="generator"/>
  <node id="351" lat="49.1036185256" lon="31.2750546766" version="1" timestamp="2026-09-01T12:00:00Z" changeset="1" uid="1" user="generator"/>
  <node id="352" lat="49.1039366759" lon="31.2750626767" version="1" timestamp="2026-09-01T12:00:00Z" changeset="1" uid="1" user="generator"/>
  <node id="353" lat="49.1049693280" lon="31.2766925844" version="1" timestamp="2026-09-01T12:00:00Z" changeset="1" uid="1" user="generator"/>
  <node id="354" lat="49.1049640990" lon="31.2771785161" version="1" timestamp="2026-09-01T12:00:00Z" changeset="1" uid="1" user="generator"/>
  <node id="355" lat="49.1038969229" lon="31.2787557082" version="1" timestamp="2026-09-01T12:00:00Z" changeset="1" uid="1" user="generator"/>
  <node id="356" lat="49.0997432297" lon="31.2747407612" version="1" timestamp="2026-09-01T12:00:00Z" changeset="1" uid="1" user="generator"/>
  <node id="357" lat="49.0986719677" lon="31.2730723375" version="1" timestamp="2026-09-01T12:00:00Z" changeset="1" uid="1" user="generator"/>
  <node id="358" lat="49.0986750817" lon="31.2725863646" version="1" timestamp="2026-09-01T12:00:00Z" changeset="1" uid="1" user="generator"/>
  <node id="359" lat="49.0997674668" lon="31.2709502163" version="1" timestamp="2026-09-01T12:00:00Z" changeset="1" uid="1" user="generator"/>
  <node id="360" lat="49.1000856531" lon="31.2709549586" version="1" timestamp="2026-09-01T12:00:00Z" changeset="1" uid="1" user="generator"/>
  <node id="361" lat="49.1011569062" lon="31.2726233961" version="1" timestamp="2026-09-01T12:00:00Z" changeset="1" uid="1" user="generator"/>
  <node id="362" lat="49.1011538012" lon="31.2731093690" version="1" timestamp="2026-09-01T12:00:00Z" changeset="1" uid="1" user="generator"/>
  <node id="363" lat="49.1000614071" lon="31.2747455173" version="1" timestamp="2026-09-01T12:00:00Z" changeset="1" uid="1" user="generator"/>
  <node id="364" lat="49.0969837100" lon="31.2690461189" version="1" timestamp="2026-09-01T12:00:00Z" changeset="1" uid="1" user="generator"/>
  <node id="365" lat="49.0958767629" lon="31.2673542997" version="1" timestamp="2026-09-01T12:00:00Z" changeset="1" uid="1" user="generator"/>
  <node id="366" lat="49.0958768709" lon="31.2668682993" version="1" timestamp="2026-09-01T12:00:00Z" changeset="1" uid="1" user="generator"/>
  <node id="367" lat="49.0969845740" lon="31.2651776347" version="1" timestamp="2026-09-01T12:00:00Z" changeset="1" uid="1" user="generator"/>
  <node id="368" lat="49.0973027783" lon="31.2651777996" version="1" timestamp="2026-09-01T12:00:00Z" changeset="1" uid="1" user="generator"/>
  <node id="369" lat="49.0984097254" lon="31.2668696189" version="1" timestamp="2026-09-01T12:00:00Z" changeset="1" uid="1" user="generator"/>
  <node id="370" lat="49.0984096174" lon="31.2673556193" version="1" timestamp="2026-09-01T12:00:00Z" changeset="1" uid="1" user="generator"/>
  <node id="371" lat="49.0973019143" lon="31.2690462839" version="1" timestamp="2026-09-01T12:00:00Z" changeset="1" uid="1" user="generator"/>
  <node id="372" lat="49.1277929458" lon="31.2593946887" version="1" timestamp="2026-09-01T12:00:00Z" changeset="1" uid="1" user="generator"/>
  <node id="373" lat="49.1277929458" lon="31.2615940344" version="1" timestamp="2026-09-01T12:00:00Z" changeset="1" uid="1" user="generator"/>
  <node id="374" lat="49.1275679456" lon="31.2619376822" version="1" timestamp="2026-09-01T12:00:00Z" changeset="1" uid="1" user="generator"/>
  <node id="375" lat="49.1261279441" lon="31.2619376822" version="1" timestamp="2026-09-01T12:00:00Z" changeset="1" uid="1" user="generator"/>
  <node id="376" lat="49.1259029439" lon="31.2615940344" version="1" timestamp="2026-09-01T12:00:00Z" changeset="1" uid="1" user="generator"/>
  <node id="377" lat="49.1259029439" lon="31.2593946887" version="1" timestamp="2026-09-01T12:00:00Z" changeset="1" uid="1" user="generator"/>
  <node id="378" lat="49.1261279441" lon="31.2590510409" version="1" timestamp="2026-09-01T12:00:00Z" changeset="1" uid="1" user="generator"/>
  <node id="379" lat="49.1275679456" lon="31.2590510409" version="1" timestamp="2026-09-01T12:00:00Z" changeset="1" uid="1" user="generator"/>
  <node id="380" lat="49.1290791011" lon="31.3206582761" version="1" timestamp="2026-09-01T12:00:00Z" changeset="1" uid="1" user="generator"/>
  <node id="381" lat="49.1290791011" lon="31.3229263515" version="1" timestamp="2026-09-01T12:00:00Z" changeset="1" uid="1" user="generator"/>
  <node id="382" lat="49.1288541009" lon="31.3232699992" version="1" timestamp="2026-09-01T12:00:00Z" changeset="1" uid="1" user="generator"/>
  <node id="383" lat="49.1273690994" lon="31.3232699992" version="1" timestamp="2026-09-01T12:00:00Z" changeset="1" uid="1" user="generator"/>
  <node id="384" lat="49.1271440991" lon="31.3229263515" version="1" timestamp="2026-09-01T12:00:00Z" changeset="1" uid="1" user="generator"/>
  <node id="385" lat="49.1271440991" lon="31.3206582761" version="1" timestamp="2026-09-01T12:00:00Z" changeset="1" uid="1" user="generator"/>
  <node id="386" lat="49.1273690994" lon="31.3203146284" version="1" timestamp="2026-09-01T12:00:00Z" changeset="1" uid="1" user="generator"/>
  <node id="387" lat="49.1288541009" lon="31.3203146284" version="1" timestamp="2026-09-01T12:00:00Z" changeset="1" uid="1" user="generator"/>
  <node id="388" lat="49.0963979174" lon="31.3416611760" version="1" timestamp="2026-09-01T12:00:00Z" changeset="1" uid="1" user="generator"/>
  <node id="389" lat="49.0963979174" lon="31.3439979809" version="1" timestamp="2026-09-01T12:00:00Z" changeset="1" uid="1" user="generator"/>
  <node id="390" lat="49.0961729172" lon="31.3443416287" version="1" timestamp="2026-09-01T12:00:00Z" changeset="1" uid="1" user="generator"/>
  <node id="391" lat="49.0946429156" lon="31.3443416287" version="1" timestamp="2026-09-01T12:00:00Z" changeset="1" uid="1" user="generator"/>
  <node id="392" lat="49.0944179154" lon="31.3439979809" version="1" timestamp="2026-09-01T12:00:00Z" changeset="1" uid="1" user="generator"/>
  <node id="393" lat="49.0944179154" lon="31.3416611760" version="1" timestamp="2026-09-01T12:00:00Z" changeset="1" uid="1" user="generator"/>
  <node id="394" lat="49.0946429156" lon="31.3413175282" version="1" timestamp="2026-09-01T12:00:00Z" changeset="1" uid="1" user="generator"/>
  <node id="395" lat="49.0961729172" lon="31.3413175282" version="1" timestamp="2026-09-01T12:00:00Z" changeset="1" uid="1" user="generator"/>
  <node id="396" lat="49.0970400680" lon="31.2579410173" version="1" timestamp="2026-09-01T12:00:00Z" changeset="1" uid="1" user="generator"/>
  <node id="397" lat="49.0970400680" lon="31.2603328059" version="1" timestamp="2026-09-01T12:00:00Z" changeset="1" uid="1" user="generator"/>
  <node id="398" lat="49.0968150678" lon="31.2606764536" version="1" timestamp="2026-09-01T12:00:00Z" changeset="1" uid="1" user="generator"/>
  <node id="399" lat="49.0952490662" lon="31.2606764536" version="1" timestamp="2026-09-01T12:00:00Z" changeset="1" uid="1" user="generator"/>
  <node id="400" lat="49.0950240660" lon="31.2603328059" version="1" timestamp="2026-09-01T12:00:00Z" changeset="1" uid="1" user="generator"/>
  <node id="401" lat="49.0950240660" lon="31.2579410173" version="1" timestamp="2026-09-01T12:00:00Z" changeset="1" uid="1" user="generator"/>
  <node id="402" lat="49.0952490662" lon="31.2575973696" version="1" timestamp="2026-09-01T12:00:00Z" changeset="1" uid="1" user="generator"/>
  <node id="403" lat="49.0968150678" lon="31.2575973696" version="1" timestamp="2026-09-01T12:00:00Z" changeset="1" uid="1" user="generator"/>
  <node id="404" lat="49.1001571492" lon="31.3250286648" version="1" timestamp="2026-09-01T12:00:00Z" changeset="1" uid="1" user="generator"/>
  <node id="405" lat="49.1001571492" lon="31.3272280106" version="1" timestamp="2026-09-01T12:00:00Z" changeset="1" uid="1" user="generator"/>
  <node id="406" lat="49.0999321489" lon="31.3275716584" version="1" timestamp="2026-09-01T12:00:00Z" changeset="1" uid="1" user="generator"/>
  <node id="407" lat="49.0984921475" lon="31.3275716584" version="1" timestamp="2026-09-01T12:00:00Z" changeset="1" uid="1" user="generator"/>
  <node id="408" lat="49.0982671473" lon="31.3272280106" version="1" timestamp="2026-09-01T12:00:00Z" changeset="1" uid="1" user="generator"/>
  <node id="409" lat="49.0982671473" lon="31.3250286648" version="1" timestamp="2026-09-01T12:00:00Z" changeset="1" uid="1" user="generator"/>
  <node id="410" lat="49.0984921475" lon="31.3246850171" version="1" timestamp="2026-09-01T12:00:00Z" changeset="1" uid="1" user="generator"/>
  <node id="411" lat="49.0999321489" lon="31.3246850171" version="1" timestamp="2026-09-01T12:00:00Z" changeset="1" uid="1" user="generator"/>
  <node id="412" lat="49.1218387198" lon="31.2916778543" version="1" timestamp="2026-09-01T12:00:00Z" changeset="1" uid="1" user="generator"/>
  <node id="413" lat="49.1218387198" lon="31.2939459296" version="1" timestamp="2026-09-01T12:00:00Z" changeset="1" uid="1" user="generator"/>
  <node id="414" lat="49.1216137196" lon="31.2942895774" version="1" timestamp="2026-09-01T12:00:00Z" changeset="1" uid="1" user="generator"/>
  <node id="415" lat="49.1201287181" lon="31.2942895774" version="1" timestamp="2026-09-01T12:00:00Z" changeset="1" uid="1" user="generator"/>
  <node id="416" lat="49.1199037179" lon="31.2939459296" version="1" timestamp="2026-09-01T12:00:00Z" changeset="1" uid="1" user="generator"/>
  <node id="417" lat="49.1199037179" lon="31.2916778543" version="1" timestamp="2026-09-01T12:00:00Z" changeset="1" uid="1" user="generator"/>
  <node id="418" lat="49.1201287181" lon="31.2913342065" version="1" timestamp="2026-09-01T12:00:00Z" changeset="1" uid="1" user="generator"/>
  <node id="419" lat="49.1216137196" lon="31.2913342065" version="1" timestamp="2026-09-01T12:00:00Z" changeset="1" uid="1" user="generator"/>
  <node id="420" lat="49.0742584893" lon="31.3397404049" version="1" timestamp="2026-09-01T12:00:00Z" changeset="1" uid="1" user="generator"/>
  <node id="421" lat="49.0742584893" lon="31.3420772097" version="1" timestamp="2026-09-01T12:00:00Z" changeset="1" uid="1" user="generator"/>
  <node id="422" lat="49.0740334890" lon="31.3424208575" version="1" timestamp="2026-09-01T12:00:00Z" changeset="1" uid="1" user="generator"/>
  <node id="423" lat="49.0725034875" lon="31.3424208575" version="1" timestamp="2026-09-01T12:00:00Z" changeset="1" uid="1" user="generator"/>
  <node id="424" lat="49.0722784873" lon="31.3420772097" version="1" timestamp="2026-09-01T12:00:00Z" changeset="1" uid="1" user="generator"/>
  <node id="425" lat="49.0722784873" lon="31.3397404049" version="1" timestamp="2026-09-01T12:00:00Z" changeset="1" uid="1" user="generator"/>
  <node id="426" lat="49.0725034875" lon="31.3393967571" version="1" timestamp="2026-09-01T12:00:00Z" changeset="1" uid="1" user="generator"/>
  <node id="427" lat="49.0740334890" lon="31.3393967571" version="1" timestamp="2026-09-01T12:00:00Z" changeset="1" uid="1" user="generator"/>
  <node id="428" lat="49.0707634438" lon="31.2885919248" version="1" timestamp="2026-09-01T12:00:00Z" changeset="1" uid="1" user="generator"/>
  <node id="429" lat="49.0707634438" lon="31.2909837133" version="1" timestamp="2026-09-01T12:00:00Z" changeset="1" uid="1" user="generator"/>
  <node id="430" lat="49.0705384435" lon="31.2913273611" version="1" timestamp="2026-09-01T12:00:00Z" changeset="1" uid="1" user="generator"/>
  <node id="431" lat="49.0689724420" lon="31.2913273611" version="1" timestamp="2026-09-01T12:00:00Z" changeset="1" uid="1" user="generator"/>
  <node id="432" lat="49.0687474417" lon="31.2909837133" version="1" timestamp="2026-09-01T12:00:00Z" changeset="1" uid="1" user="generator"/>
  <node id="433" lat="49.0687474417" lon="31.2885919248" version="1" timestamp="2026-09-01T12:00:00Z" changeset="1" uid="1" user="generator"/>
  <node id="434" lat="49.0689724420" lon="31.2882482770" version="1" timestamp="2026-09-01T12:00:00Z" changeset="1" uid="1" user="generator"/>
  <node id="435" lat="49.0705384435" lon="31.2882482770" version="1" timestamp="2026-09-01T12:00:00Z" changeset="1" uid="1" user="generator"/>
  <node id="436" lat="49.1145750916" lon="31.3463978108" version="1" timestamp="2026-09-01T12:00:00Z" changeset="1" uid="1" user="generator"/>
  <node id="437" lat="49.1145750916" lon="31.3485971565" version="1" timestamp="2026-09-01T12:00:00Z" changeset="1" uid="1" user="generator"/>
  <node id="438" lat="49.1143500914" lon="31.3489408043" version="1" timestamp="2026-09-01T12:00:00Z" changeset="1" uid="1" user="generator"/>
  <node id="439" lat="49.1129100899" lon="31.3489408043" version="1" timestamp="2026-09-01T12:00:00Z" changeset="1" uid="1" user="generator"/>
  <node id="440" lat="49.1126850897" lon="31.3485971565" version="1" timestamp="2026-09-01T12:00:00Z" changeset="1" uid="1" user="generator"/>
  <node id="441" lat="49.1126850897" lon="31.3463978108" version="1" timestamp="2026-09-01T12:00:00Z" changeset="1" uid="1" user="generator"/>
  <node id="442" lat="49.1129100899" lon="31.3460541630" version="1" timestamp="2026-09-01T12:00:00Z" changeset="1" uid="1" user="generator"/>
  <node id="443" lat="49.1143500914" lon="31.3460541630" version="1" timestamp="2026-09-01T12:00:00Z" changeset="1" uid="1" user="generator"/>
  <node id="444" lat="49.0802550063" lon="31.2588651687" version="1" timestamp="2026-09-01T12:00:00Z" changeset="1" uid="1" user="generator"/>
  <node id="445" lat="49.0802550063" lon="31.2611332440" version="1" timestamp="2026-09-01T12:00:00Z" changeset="1" uid="1" user="generator"/>
  <node id="446" lat="49.0800300060" lon="31.2614768918" version="1" timestamp="2026-09-01T12:00:00Z" changeset="1" uid="1" user="generator"/>
  <node id="447" lat="49.0785450045" lon="31.2614768918" version="1" timestamp="2026-09-01T12:00:00Z" changeset="1" uid="1" user="generator"/>
  <node id="448" lat="49.0783200043" lon="31.2611332440" version="1" timestamp="2026-09-01T12:00:00Z" changeset="1" uid="1" user="generator"/>
  <node id="449" lat="49.0783200043" lon="31.2588651687" version="1" timestamp="2026-09-01T12:00:00Z" changeset="1" uid="1" user="generator"/>
  <node id="450" lat="49.0785450045" lon="31.2585215209" version="1" timestamp="2026-09-01T12:00:00Z" changeset="1" uid="1" user="generator"/>
  <node id="451" lat="49.0800300060" lon="31.2585215209" version="1" timestamp="2026-09-01T12:00:00Z" changeset="1" uid="1" user="generator"/>
  <node id="452" lat="49.1229933490" lon="31.3030289527" version="1" timestamp="2026-09-01T12:00:00Z" changeset="1" uid="1" user="generator"/>
  <node id="453" lat="49.1229933490" lon="31.3053657576" version="1" timestamp="2026-09-01T12:00:00Z" changeset="1" uid="1" user="generator"/>
  <node id="454" lat="49.1227683488" lon="31.3057094054" version="1" timestamp="2026-09-01T12:00:00Z" changeset="1" uid="1" user="generator"/>
  <node id="455" lat="49.1212383472" lon="31.3057094054" version="1" timestamp="2026-09-01T12:00:00Z" changeset="1" uid="1" user="generator"/>
  <node id="456" lat="49.1210133470" lon="31.3053657576" version="1" timestamp="2026-09-01T12:00:00Z" changeset="1" uid="1" user="generator"/>
  <node id="457" lat="49.1210133470" lon="31.3030289527" version="1" timestamp="2026-09-01T12:00:00Z" changeset="1" uid="1" user="generator"/>
  <node id="458" lat="49.1212383472" lon="31.3026853050" version="1" timestamp="2026-09-01T12:00:00Z" changeset="1" uid="1" user="generator"/>
  <node id="459" lat="49.1227683488" lon="31.3026853050" version="1" timestamp="2026-09-01T12:00:00Z" changeset="1" uid="1" user="generator"/>
  <node id="460" lat="49.0725975196" lon="31.3150652024" version="1" timestamp="2026-09-01T12:00:00Z" changeset="1" uid="1" user="generator"/>
  <node id="461" lat="49.0725975196" lon="31.3174569909" version="1" timestamp="2026-09-01T12:00:00Z" changeset="1" uid="1" user="generator"/>
  <node id="462" lat="49.0723725194" lon="31.3178006387" version="1" timestamp="2026-09-01T12:00:00Z" changeset="1" uid="1" user="generator"/>
  <node id="463" lat="49.0708065178" lon="31.3178006387" version="1" timestamp="2026-09-01T12:00:00Z" changeset="1" uid="1" user="generator"/>
  <node id="464" lat="49.0705815176" lon="31.3174569909" version="1" timestamp="2026-09-01T12:00:00Z" changeset="1" uid="1" user="generator"/>
  <node id="465" lat="49.0705815176" lon="31.3150652024" version="1" timestamp="2026-09-01T12:00:00Z" changeset="1" uid="1" user="generator"/>
  <node id="466" lat="49.0708065178" lon="31.3147215546" version="1" timestamp="2026-09-01T12:00:00Z" changeset="1" uid="1" user="generator"/>
  <node id="467" lat="49.0723725194" lon="31.3147215546" version="1" timestamp="2026-09-01T12:00:00Z" changeset="1" uid="1" user="generator"/>
  <node id="468" lat="49.1368637039" lon="31.2436967483" version="1" timestamp="2026-09-01T12:00:00Z" changeset="1" uid="1" user="generator"/>
  <node id="469" lat="49.1355300465" lon="31.2456839259" version="1" timestamp="2026-09-01T12:00:00Z" changeset="1" uid="1" user="generator"/>
  <node id="470" lat="49.1347168507" lon="31.2467691106" version="1" timestamp="2026-09-01T12:00:00Z" changeset="1" uid="1" user="generator"/>
  <node id="471" lat="49.1338803269" lon="31.2478121366" version="1" timestamp="2026-09-01T12:00:00Z" changeset="1" uid="1" user="generator"/>
  <node id="472" lat="49.1318625879" lon="31.2501168173" version="1" timestamp="2026-09-01T12:00:00Z" changeset="1" uid="1" user="generator"/>
  <node id="473" lat="49.1277180657" lon="31.2544958796" version="1" timestamp="2026-09-01T12:00:00Z" changeset="1" uid="1" user="generator"/>
  <node id="474" lat="49.1259732700" lon="31.2564398676" version="1" timestamp="2026-09-01T12:00:00Z" changeset="1" uid="1" user="generator"/>
  <node id="475" lat="49.1251258291" lon="31.2574621373" version="1" timestamp="2026-09-01T12:00:00Z" changeset="1" uid="1" user="generator"/>
  <node id="476" lat="49.1243037503" lon="31.2585315554" version="1" timestamp="2026-09-01T12:00:00Z" changeset="1" uid="1" user="generator"/>
  <node id="477" lat="49.1235152235" lon="31.2596582665" version="1" timestamp="2026-09-01T12:00:00Z" changeset="1" uid="1" user="generator"/>
  <node id="478" lat="49.1228909559" lon="31.2606480958" version="1" timestamp="2026-09-01T12:00:00Z" changeset="1" uid="1" user="generator"/>
  <node id="479" lat="49.1221911332" lon="31.2619038123" version="1" timestamp="2026-09-01T12:00:00Z" changeset="1" uid="1" user="generator"/>
  <node id="480" lat="49.1216589627" lon="31.2630118564" version="1" timestamp="2026-09-01T12:00:00Z" changeset="1" uid="1" user="generator"/>
  <node id="481" lat="49.1211817462" lon="31.2641768361" version="1" timestamp="2026-09-01T12:00:00Z" changeset="1" uid="1" user="generator"/>
  <node id="482" lat="49.1206780607" lon="31.2656354148" version="1" timestamp="2026-09-01T12:00:00Z" changeset="1" uid="1" user="generator"/>
  <node id="483" lat="49.1202408312" lon="31.2671433000" version="1" timestamp="2026-09-01T12:00:00Z" changeset="1" uid="1" user="generator"/>
  <node id="484" lat="49.1198574939" lon="31.2686851238" version="1" timestamp="2026-09-01T12:00:00Z" changeset="1" uid="1" user="generator"/>
  <node id="485" lat="49.1194589105" lon="31.2705104983" version="1" timestamp="2026-09-01T12:00:00Z" changeset="1" uid="1" user="generator"/>
  <node id="486" lat="49.1183955594" lon="31.2757629897" version="1" timestamp="2026-09-01T12:00:00Z" changeset="1" uid="1" user="generator"/>
  <node id="487" lat="49.1180369540" lon="31.2773186969" version="1" timestamp="2026-09-01T12:00:00Z" changeset="1" uid="1" user="generator"/>
  <node id="488" lat="49.1176334836" lon="31.2788484656" version="1" timestamp="2026-09-01T12:00:00Z" changeset="1" uid="1" user="generator"/>
  <node id="489" lat="49.1170886681" lon="31.2805830209" version="1" timestamp="2026-09-01T12:00:00Z" changeset="1" uid="1" user="generator"/>
  <node id="490" lat="49.1165460575" lon="31.2820085818" version="1" timestamp="2026-09-01T12:00:00Z" changeset="1" uid="1" user="generator"/>
  <node id="491" lat="49.1159294309" lon="31.2833621692" version="1" timestamp="2026-09-01T12:00:00Z" changeset="1" uid="1" user="generator"/>
  <node id="492" lat="49.1151473391" lon="31.2848705355" version="1" timestamp="2026-09-01T12:00:00Z" changeset="1" uid="1" user="generator"/>
  <node id="493" lat="49.1140712351" lon="31.2867193605" version="1" timestamp="2026-09-01T12:00:00Z" changeset="1" uid="1" user="generator"/>
  <node id="494" lat="49.1129343449" lon="31.2884814764" version="1" timestamp="2026-09-01T12:00:00Z" changeset="1" uid="1" user="generator"/>
  <node id="495" lat="49.1116186786" lon="31.2903571747" version="1" timestamp="2026-09-01T12:00:00Z" changeset="1" uid="1" user="generator"/>
  <node id="496" lat="49.1101263421" lon="31.2923441736" version="1" timestamp="2026-09-01T12:00:00Z" changeset="1" uid="1" user="generator"/>
  <node id="497" lat="49.1083236583" lon="31.2946223934" version="1" timestamp="2026-09-01T12:00:00Z" changeset="1" uid="1" user="generator"/>
  <node id="498" lat="49.1036965467" lon="31.3003102177" version="1" timestamp="2026-09-01T12:00:00Z" changeset="1" uid="1" user="generator"/>
  <node id="499" lat="49.1017640018" lon="31.3028041659" version="1" timestamp="2026-09-01T12:00:00Z" changeset="1" uid="1" user="generator">
    <tag k="railway" v="level_crossing"/>
  </node>
  <node id="500" lat="49.0997005787" lon="31.3054384597" version="1" timestamp="2026-09-01T12:00:00Z" changeset="1" uid="1" user="generator"/>
  <node id="501" lat="49.0980040050" lon="31.3074798650" version="1" timestamp="2026-09-01T12:00:00Z" changeset="1" uid="1" user="generator"/>
  <node id="502" lat="49.0940076140" lon="31.3121692688" version="1" timestamp="2026-09-01T12:00:00Z" changeset="1" uid="1" user="generator"/>
  <node id="503" lat="49.0921772732" lon="31.3143954466" version="1" timestamp="2026-09-01T12:00:00Z" changeset="1" uid="1" user="generator"/>
  <node id="504" lat="49.0902610633" lon="31.3168942058" version="1" timestamp="2026-09-01T12:00:00Z" changeset="1" uid="1" user="generator"/>
  <node id="505" lat="49.0886940357" lon="31.3191637382" version="1" timestamp="2026-09-01T12:00:00Z" changeset="1" uid="1" user="generator"/>
  <node id="506" lat="49.0878267138" lon="31.3205592781" version="1" timestamp="2026-09-01T12:00:00Z" changeset="1" uid="1" user="generator"/>
  <node id="507" lat="49.0871207351" lon="31.3218071731" version="1" timestamp="2026-09-01T12:00:00Z" changeset="1" uid="1" user="generator"/>
  <node id="508" lat="49.0864706375" lon="31.3231238252" version="1" timestamp="2026-09-01T12:00:00Z" changeset="1" uid="1" user="generator"/>
  <node id="509" lat="49.0858780589" lon="31.3245024301" version="1" timestamp="2026-09-01T12:00:00Z" changeset="1" uid="1" user="generator"/>
  <node id="510" lat="49.0853355023" lon="31.3259283622" version="1" timestamp="2026-09-01T12:00:00Z" changeset="1" uid="1" user="generator"/>
  <node id="511" lat="49.0848324828" lon="31.3273878206" version="1" timestamp="2026-09-01T12:00:00Z" changeset="1" uid="1" user="generator"/>
  <node id="512" lat="49.0832724303" lon="31.3323425342" version="1" timestamp="2026-09-01T12:00:00Z" changeset="1" uid="1" user="generator"/>
  <node id="513" lat="49.0827001917" lon="31.3340568005" version="1" timestamp="2026-09-01T12:00:00Z" changeset="1" uid="1" user="generator"/>
  <node id="514" lat="49.0820783451" lon="31.3357301178" version="1" timestamp="2026-09-01T12:00:00Z" changeset="1" uid="1" user="generator"/>
  <node id="515" lat="49.0813880984" lon="31.3373394341" version="1" timestamp="2026-09-01T12:00:00Z" changeset="1" uid="1" user="generator"/>
  <node id="516" lat="49.0806159336" lon="31.3388592370" version="1" timestamp="2026-09-01T12:00:00Z" changeset="1" uid="1" user="generator"/>
  <node id="517" lat="49.0797561268" lon="31.3402647976" version="1" timestamp="2026-09-01T12:00:00Z" changeset="1" uid="1" user="generator"/>
  <node id="518" lat="49.0788166338" lon="31.3415461227" version="1" timestamp="2026-09-01T12:00:00Z" changeset="1" uid="1" user="generator"/>
  <node id="519" lat="49.0778167418" lon="31.3427163121" version="1" timestamp="2026-09-01T12:00:00Z" changeset="1" uid="1" user="generator"/>
  <node id="520" lat="49.0764688555" lon="31.3440877967" version="1" timestamp="2026-09-01T12:00:00Z" changeset="1" uid="1" user="generator"/>
  <node id="521" lat="49.0744455094" lon="31.3458816656" version="1" timestamp="2026-09-01T12:00:00Z" changeset="1" uid="1" user="generator"/>
  <node id="522" lat="49.0695063675" lon="31.3498456702" version="1" timestamp="2026-09-01T12:00:00Z" changeset="1" uid="1" user="generator"/>
  <node id="523" lat="49.0673119043" lon="31.3517365852" version="1" timestamp="2026-09-01T12:00:00Z" changeset="1" uid="1" user="generator"/>
  <node id="524" lat="49.0660903511" lon="31.3529006302" version="1" timestamp="2026-09-01T12:00:00Z" changeset="1" uid="1" user="generator"/>
  <node id="525" lat="49.0650498060" lon="31.3539853750" version="1" timestamp="2026-09-01T12:00:00Z" changeset="1" uid="1" user="generator"/>
  <node id="526" lat="49.0640433440" lon="31.3551426020" version="1" timestamp="2026-09-01T12:00:00Z" changeset="1" uid="1" user="generator"/>
  <node id="527" lat="49.0631364221" lon="31.3563032517" version="1" timestamp="2026-09-01T12:00:00Z" changeset="1" uid="1" user="generator"/>
  <node id="528" lat="49.1325235035" lon="31.3563032517" version="1" timestamp="2026-09-01T12:00:00Z" changeset="1" uid="1" user="generator"/>
  <node id="529" lat="49.1304596845" lon="31.3527497963" version="1" timestamp="2026-09-01T12:00:00Z" changeset="1" uid="1" user="generator"/>
  <node id="530" lat="49.1282182412" lon="31.3488021493" version="1" timestamp="2026-09-01T12:00:00Z" changeset="1" uid="1" user="generator"/>
  <node id="531" lat="49.1130047430" lon="31.3216306619" version="1" timestamp="2026-09-01T12:00:00Z" changeset="1" uid="1" user="generator"/>
  <node id="532" lat="49.1095373275" lon="31.3156674107" version="1" timestamp="2026-09-01T12:00:00Z" changeset="1" uid="1" user="generator"/>
  <node id="533" lat="49.1054050904" lon="31.3087681868" version="1" timestamp="2026-09-01T12:00:00Z" changeset="1" uid="1" user="generator"/>
  <node id="534" lat="49.0981345411" lon="31.2969373698" version="1" timestamp="2026-09-01T12:00:00Z" changeset="1" uid="1" user="generator"/>
  <node id="535" lat="49.0946440226" lon="31.2913808052" version="1" timestamp="2026-09-01T12:00:00Z" changeset="1" uid="1" user="generator"/>
  <node id="536" lat="49.0910013590" lon="31.2856663413" version="1" timestamp="2026-09-01T12:00:00Z" changeset="1" uid="1" user="generator"/>
  <node id="537" lat="49.0875763876" lon="31.2803963377" version="1" timestamp="2026-09-01T12:00:00Z" changeset="1" uid="1" user="generator"/>
  <node id="538" lat="49.0800456570" lon="31.2689513271" version="1" timestamp="2026-09-01T12:00:00Z" changeset="1" uid="1" user="generator"/>
  <node id="539" lat="49.0756391896" lon="31.2624600543" version="1" timestamp="2026-09-01T12:00:00Z" changeset="1" uid="1" user="generator"/>
  <node id="540" lat="49.0746028296" lon="31.2609319351" version="1" timestamp="2026-09-01T12:00:00Z" changeset="1" uid="1" user="generator"/>
  <node id="541" lat="49.0717965278" lon="31.2566618916" version="1" timestamp="2026-09-01T12:00:00Z" changeset="1" uid="1" user="generator"/>
  <node id="542" lat="49.0693310833" lon="31.2526530203" version="1" timestamp="2026-09-01T12:00:00Z" changeset="1" uid="1" user="generator"/>
  <node id="543" lat="49.0672014292" lon="31.2489216790" version="1" timestamp="2026-09-01T12:00:00Z" changeset="1" uid="1" user="generator"/>
  <node id="544" lat="49.0643761464" lon="31.2436967483" version="1" timestamp="2026-09-01T12:00:00Z" changeset="1" uid="1" user="generator"/>
  <node id="545" lat="49.1209883000" lon="31.2667831021" version="1" timestamp="2026-09-01T12:00:00Z" changeset="1" uid="1" user="generator"/>
  <node id="546" lat="49.1200405990" lon="31.2708143380" version="1" timestamp="2026-09-01T12:00:00Z" changeset="1" uid="1" user="generator"/>
  <node id="547" lat="49.1197770158" lon="31.2661188310" version="1" timestamp="2026-09-01T12:00:00Z" changeset="1" uid="1" user="generator"/>
  <node id="548" lat="49.1188293148" lon="31.2701500806" version="1" timestamp="2026-09-01T12:00:00Z" changeset="1" uid="1" user="generator"/>
  <node id="549" lat="49.1211075681" lon="31.2675977398" version="1" timestamp="2026-09-01T12:00:00Z" changeset="1" uid="1" user="generator"/>
  <node id="550" lat="49.1193456993" lon="31.2666315397" version="1" timestamp="2026-09-01T12:00:00Z" changeset="1" uid="1" user="generator"/>
  <node id="551" lat="49.1207897418" lon="31.2689496914" version="1" timestamp="2026-09-01T12:00:00Z" changeset="1" uid="1" user="generator"/>
  <node id="552" lat="49.1190278730" lon="31.2679834913" version="1" timestamp="2026-09-01T12:00:00Z" changeset="1" uid="1" user="generator"/>
  <node id="553" lat="49.1204719155" lon="31.2703016292" version="1" timestamp="2026-09-01T12:00:00Z" changeset="1" uid="1" user="generator"/>
  <node id="554" lat="49.1187100467" lon="31.2693354291" version="1" timestamp="2026-09-01T12:00:00Z" changeset="1" uid="1" user="generator"/>
  <node id="555" lat="49.1038763219" lon="31.3017067748" version="1" timestamp="2026-09-01T12:00:00Z" changeset="1" uid="1" user="generator"/>
  <node id="556" lat="49.1007545698" lon="31.3058431944" version="1" timestamp="2026-09-01T12:00:00Z" changeset="1" uid="1" user="generator"/>
  <node id="557" lat="49.1027734338" lon="31.2997651374" version="1" timestamp="2026-09-01T12:00:00Z" changeset="1" uid="1" user="generator"/>
  <node id="558" lat="49.0996516817" lon="31.3039015569" version="1" timestamp="2026-09-01T12:00:00Z" changeset="1" uid="1" user="generator"/>
  <node id="559" lat="49.1036130356" lon="31.3028290597" version="1" timestamp="2026-09-01T12:00:00Z" changeset="1" uid="1" user="generator"/>
  <node id="560" lat="49.1020088290" lon="31.3000048523" version="1" timestamp="2026-09-01T12:00:00Z" changeset="1" uid="1" user="generator"/>
  <node id="561" lat="49.1025661006" lon="31.3042162696" version="1" timestamp="2026-09-01T12:00:00Z" changeset="1" uid="1" user="generator"/>
  <node id="562" lat="49.1009619030" lon="31.3013920622" version="1" timestamp="2026-09-01T12:00:00Z" changeset="1" uid="1" user="generator"/>
  <node id="563" lat="49.1015191745" lon="31.3056034794" version="1" timestamp="2026-09-01T12:00:00Z" changeset="1" uid="1" user="generator"/>
  <node id="564" lat="49.0999149679" lon="31.3027792720" version="1" timestamp="2026-09-01T12:00:00Z" changeset="1" uid="1" user="generator"/>
  <node id="565" lat="49.0839736210" lon="31.3322984511" version="1" timestamp="2026-09-01T12:00:00Z" changeset="1" uid="1" user="generator"/>
  <node id="566" lat="49.0827424557" lon="31.3358942577" version="1" timestamp="2026-09-01T12:00:00Z" changeset="1" uid="1" user="generator"/>
  <node id="567" lat="49.0829208809" lon="31.3314576275" version="1" timestamp="2026-09-01T12:00:00Z" changeset="1" uid="1" user="generator"/>
  <node id="568" lat="49.0816897067" lon="31.3350534203" version="1" timestamp="2026-09-01T12:00:00Z" changeset="1" uid="1" user="generator"/>
  <node id="569" lat="49.0840101880" lon="31.3330815419" version="1" timestamp="2026-09-01T12:00:00Z" changeset="1" uid="1" user="generator"/>
  <node id="570" lat="49.0824789265" lon="31.3318585132" version="1" timestamp="2026-09-01T12:00:00Z" changeset="1" uid="1" user="generator"/>
  <node id="571" lat="49.0835973036" lon="31.3342874432" version="1" timestamp="2026-09-01T12:00:00Z" changeset="1" uid="1" user="generator"/>
  <node id="572" lat="49.0820660331" lon="31.3330644282" version="1" timestamp="2026-09-01T12:00:00Z" changeset="1" uid="1" user="generator"/>
  <node id="573" lat="49.0831844102" lon="31.3354933582" version="1" timestamp="2026-09-01T12:00:00Z" changeset="1" uid="1" user="generator"/>
  <node id="574" lat="49.0816531397" lon="31.3342703433" version="1" timestamp="2026-09-01T12:00:00Z" changeset="1" uid="1" user="generator"/>
  <node id="575" lat="49.1252617473" lon="31.2572981898" version="1" timestamp="2026-09-01T12:00:00Z" changeset="1" uid="1" user="generator"/>
  <node id="576" lat="49.1259560260" lon="31.2583773813" version="1" timestamp="2026-09-01T12:00:00Z" changeset="1" uid="1" user="generator"/>
  <node id="577" lat="49.1262398502" lon="31.2590510409" version="1" timestamp="2026-09-01T12:00:00Z" changeset="1" uid="1" user="generator"/>
  <node id="578" lat="49.0754725635" lon="31.3449710952" version="1" timestamp="2026-09-01T12:00:00Z" changeset="1" uid="1" user="generator"/>
  <node id="579" lat="49.0743319743" lon="31.3428322589" version="1" timestamp="2026-09-01T12:00:00Z" changeset="1" uid="1" user="generator"/>
  <node id="580" lat="49.0740719911" lon="31.3423620525" version="1" timestamp="2026-09-01T12:00:00Z" changeset="1" uid="1" user="generator"/>
  <node id="581" lat="49.0837329067" lon="31.3308800793" version="1" timestamp="2026-09-01T12:00:00Z" changeset="1" uid="1" user="generator"/>
  <node id="582" lat="49.0840519841" lon="31.3309557917" version="1" timestamp="2026-09-01T12:00:00Z" changeset="1" uid="1" user="generator"/>
  <node id="583" lat="49.0846999847" lon="31.3319454973" version="1" timestamp="2026-09-01T12:00:00Z" changeset="1" uid="1" user="generator"/>
  <node id="584" lat="49.0857799858" lon="31.3352445160" version="1" timestamp="2026-09-01T12:00:00Z" changeset="1" uid="1" user="generator"/>
  <node id="585" lat="49.0863003663" lon="31.3359052819" version="1" timestamp="2026-09-01T12:00:00Z" changeset="1" uid="1" user="generator"/>
  <node id="586" lat="49.1041879742" lon="31.2997061399" version="1" timestamp="2026-09-01T12:00:00Z" changeset="1" uid="1" user="generator"/>
  <node id="587" lat="49.1006840007" lon="31.2940067828" version="1" timestamp="2026-09-01T12:00:00Z" changeset="1" uid="1" user="generator"/>
  <node id="588" lat="49.1004356904" lon="31.2934318188" version="1" timestamp="2026-09-01T12:00:00Z" changeset="1" uid="1" user="generator"/>
  <node id="589" lat="49.1015480015" lon="31.2926871753" version="1" timestamp="2026-09-01T12:00:00Z" changeset="1" uid="1" user="generator"/>
  <node id="590" lat="49.1026280026" lon="31.2900479604" version="1" timestamp="2026-09-01T12:00:00Z" changeset="1" uid="1" user="generator"/>
  <node id="591" lat="49.1027541018" lon="31.2892971862" version="1" timestamp="2026-09-01T12:00:00Z" changeset="1" uid="1" user="generator"/>
  <node id="592" lat="49.1150767521" lon="31.2849918157" version="1" timestamp="2026-09-01T12:00:00Z" changeset="1" uid="1" user="generator"/>
  <node id="593" lat="49.1194760195" lon="31.2913675678" version="1" timestamp="2026-09-01T12:00:00Z" changeset="1" uid="1" user="generator"/>
  <node id="594" lat="49.1199037179" lon="31.2918103236" version="1" timestamp="2026-09-01T12:00:00Z" changeset="1" uid="1" user="generator"/>
  <node id="595" lat="49.1026799867" lon="31.2897384300" version="1" timestamp="2026-09-01T12:00:00Z" changeset="1" uid="1" user="generator"/>
  <node id="596" lat="49.1015480015" lon="31.2880685492" version="1" timestamp="2026-09-01T12:00:00Z" changeset="1" uid="1" user="generator"/>
  <node id="597" lat="49.1015480015" lon="31.2831200212" version="1" timestamp="2026-09-01T12:00:00Z" changeset="1" uid="1" user="generator"/>
  <node id="598" lat="49.1014729145" lon="31.2823381813" version="1" timestamp="2026-09-01T12:00:00Z" changeset="1" uid="1" user="generator"/>
  <node id="599" lat="49.1021960022" lon="31.2821303156" version="1" timestamp="2026-09-01T12:00:00Z" changeset="1" uid="1" user="generator"/>
  <node id="600" lat="49.1034920035" lon="31.2794911007" version="1" timestamp="2026-09-01T12:00:00Z" changeset="1" uid="1" user="generator"/>
  <node id="601" lat="49.1035698356" lon="31.2787336185" version="1" timestamp="2026-09-01T12:00:00Z" changeset="1" uid="1" user="generator"/>
  <node id="602" lat="49.1028440028" lon="31.2785013951" version="1" timestamp="2026-09-01T12:00:00Z" changeset="1" uid="1" user="generator"/>
  <node id="603" lat="49.1009000009" lon="31.2745425727" version="1" timestamp="2026-09-01T12:00:00Z" changeset="1" uid="1" user="generator"/>
  <node id="604" lat="49.1005726886" lon="31.2739797464" version="1" timestamp="2026-09-01T12:00:00Z" changeset="1" uid="1" user="generator"/>
  <node id="605" lat="49.1006975007" lon="31.2741943613" version="1" timestamp="2026-09-01T12:00:00Z" changeset="1" uid="1" user="generator"/>
  <node id="606" lat="49.1000360000" lon="31.2752023764" version="1" timestamp="2026-09-01T12:00:00Z" changeset="1" uid="1" user="generator"/>
  <node id="607" lat="49.0991719992" lon="31.2758621802" version="1" timestamp="2026-09-01T12:00:00Z" changeset="1" uid="1" user="generator"/>
  <node id="608" lat="49.0985882136" lon="31.2760830632" version="1" timestamp="2026-09-01T12:00:00Z" changeset="1" uid="1" user="generator"/>
  <node id="609" lat="49.0994311994" lon="31.2756642390" version="1" timestamp="2026-09-01T12:00:00Z" changeset="1" uid="1" user="generator"/>
  <node id="610" lat="49.0983079983" lon="31.2732229652" version="1" timestamp="2026-09-01T12:00:00Z" changeset="1" uid="1" user="generator"/>
  <node id="611" lat="49.0976599977" lon="31.2695940447" version="1" timestamp="2026-09-01T12:00:00Z" changeset="1" uid="1" user="generator"/>
  <node id="612" lat="49.0974871075" lon="31.2687636267" version="1" timestamp="2026-09-01T12:00:00Z" changeset="1" uid="1" user="generator"/>
  <node id="613" lat="49.0977696628" lon="31.2702081708" version="1" timestamp="2026-09-01T12:00:00Z" changeset="1" uid="1" user="generator"/>
  <node id="614" lat="49.0961479961" lon="31.2702538484" version="1" timestamp="2026-09-01T12:00:00Z" changeset="1" uid="1" user="generator"/>
  <node id="615" lat="49.0956381276" lon="31.2705093574" version="1" timestamp="2026-09-01T12:00:00Z" changeset="1" uid="1" user="generator"/>
  <node id="616" lat="49.0961479961" lon="31.2712435540" version="1" timestamp="2026-09-01T12:00:00Z" changeset="1" uid="1" user="generator"/>
  <node id="617" lat="49.0944199944" lon="31.2752023764" version="1" timestamp="2026-09-01T12:00:00Z" changeset="1" uid="1" user="generator"/>
  <node id="618" lat="49.0942074952" lon="31.2757856429" version="1" timestamp="2026-09-01T12:00:00Z" changeset="1" uid="1" user="generator"/>
  <node id="619" lat="49.0959529930" lon="31.2703515681" version="1" timestamp="2026-09-01T12:00:00Z" changeset="1" uid="1" user="generator"/>
  <node id="620" lat="49.0954999955" lon="31.2676146335" version="1" timestamp="2026-09-01T12:00:00Z" changeset="1" uid="1" user="generator"/>
  <node id="621" lat="49.0954999955" lon="31.2613464981" version="1" timestamp="2026-09-01T12:00:00Z" changeset="1" uid="1" user="generator"/>
  <node id="622" lat="49.0956613387" lon="31.2606764536" version="1" timestamp="2026-09-01T12:00:00Z" changeset="1" uid="1" user="generator"/>
  <node id="623" lat="49.1194760195" lon="31.2949964884" version="1" timestamp="2026-09-01T12:00:00Z" changeset="1" uid="1" user="generator"/>
  <node id="624" lat="49.1212040212" lon="31.3019244275" version="1" timestamp="2026-09-01T12:00:00Z" changeset="1" uid="1" user="generator"/>
  <node id="625" lat="49.1214716005" lon="31.3026853050" version="1" timestamp="2026-09-01T12:00:00Z" changeset="1" uid="1" user="generator"/>
  <node id="626" lat="49.1207876898" lon="31.2653179392" version="1" timestamp="2026-09-01T12:00:00Z" changeset="1" uid="1" user="generator"/>
  <node id="627" lat="49.1164520165" lon="31.2643156149" version="1" timestamp="2026-09-01T12:00:00Z" changeset="1" uid="1" user="generator"/>
  <node id="628" lat="49.1127800128" lon="31.2643156149" version="1" timestamp="2026-09-01T12:00:00Z" changeset="1" uid="1" user="generator"/>
  <node id="629" lat="49.1122786943" lon="31.2628963083" version="1" timestamp="2026-09-01T12:00:00Z" changeset="1" uid="1" user="generator"/>
  <node id="630" lat="49.0922070722" lon="31.3143591986" version="1" timestamp="2026-09-01T12:00:00Z" changeset="1" uid="1" user="generator"/>
  <node id="631" lat="49.0983079983" lon="31.3240278526" version="1" timestamp="2026-09-01T12:00:00Z" changeset="1" uid="1" user="generator"/>
  <node id="632" lat="49.0985908686" lon="31.3246850171" version="1" timestamp="2026-09-01T12:00:00Z" changeset="1" uid="1" user="generator"/>
  <node id="633" lat="49.0745479745" lon="31.3421724552" version="1" timestamp="2026-09-01T12:00:00Z" changeset="1" uid="1" user="generator"/>
  <node id="634" lat="49.0745479745" lon="31.3368940253" version="1" timestamp="2026-09-01T12:00:00Z" changeset="1" uid="1" user="generator"/>
  <node id="635" lat="49.0736839737" lon="31.3312856936" version="1" timestamp="2026-09-01T12:00:00Z" changeset="1" uid="1" user="generator"/>
  <node id="636" lat="49.0735207765" lon="31.3306020132" version="1" timestamp="2026-09-01T12:00:00Z" changeset="1" uid="1" user="generator"/>
  <node id="637" lat="49.0905319905" lon="31.3352445160" version="1" timestamp="2026-09-01T12:00:00Z" changeset="1" uid="1" user="generator"/>
  <node id="638" lat="49.0942039942" lon="31.3408528477" version="1" timestamp="2026-09-01T12:00:00Z" changeset="1" uid="1" user="generator"/>
  <node id="639" lat="49.0945621406" lon="31.3414408978" version="1" timestamp="2026-09-01T12:00:00Z" changeset="1" uid="1" user="generator"/>
  <node id="640" lat="49.1188280188" lon="31.3055533481" version="1" timestamp="2026-09-01T12:00:00Z" changeset="1" uid="1" user="generator"/>
  <node id="641" lat="49.1177480177" lon="31.3118214835" version="1" timestamp="2026-09-01T12:00:00Z" changeset="1" uid="1" user="generator"/>
  <node id="642" lat="49.1175208755" lon="31.3124315683" version="1" timestamp="2026-09-01T12:00:00Z" changeset="1" uid="1" user="generator"/>
  <node id="643" lat="49.0719559720" lon="31.3312856936" version="1" timestamp="2026-09-01T12:00:00Z" changeset="1" uid="1" user="generator"/>
  <node id="644" lat="49.0713079713" lon="31.3302959880" version="1" timestamp="2026-09-01T12:00:00Z" changeset="1" uid="1" user="generator"/>
  <node id="645" lat="49.0713079713" lon="31.3184195208" version="1" timestamp="2026-09-01T12:00:00Z" changeset="1" uid="1" user="generator"/>
  <node id="646" lat="49.0713887014" lon="31.3178006387" version="1" timestamp="2026-09-01T12:00:00Z" changeset="1" uid="1" user="generator"/>
  <node id="647" lat="49.0706599707" lon="31.3184195208" version="1" timestamp="2026-09-01T12:00:00Z" changeset="1" uid="1" user="generator"/>
  <node id="648" lat="49.0704439704" lon="31.3180896190" version="1" timestamp="2026-09-01T12:00:00Z" changeset="1" uid="1" user="generator"/>
  <node id="649" lat="49.0702279702" lon="31.3174298152" version="1" timestamp="2026-09-01T12:00:00Z" changeset="1" uid="1" user="generator"/>
  <node id="650" lat="49.0695799696" lon="31.3124812873" version="1" timestamp="2026-09-01T12:00:00Z" changeset="1" uid="1" user="generator"/>
  <node id="651" lat="49.0691311031" lon="31.3118572229" version="1" timestamp="2026-09-01T12:00:00Z" changeset="1" uid="1" user="generator"/>
  <node id="652" lat="49.0944119124" lon="31.3411942274" version="1" timestamp="2026-09-01T12:00:00Z" changeset="1" uid="1" user="generator"/>
  <node id="653" lat="49.0946359946" lon="31.3408528477" version="1" timestamp="2026-09-01T12:00:00Z" changeset="1" uid="1" user="generator"/>
  <node id="654" lat="49.1065160065" lon="31.3408528477" version="1" timestamp="2026-09-01T12:00:00Z" changeset="1" uid="1" user="generator"/>
  <node id="655" lat="49.1068402678" lon="31.3414425748" version="1" timestamp="2026-09-01T12:00:00Z" changeset="1" uid="1" user="generator"/>
  <node id="656" lat="49.1067320067" lon="31.3401930440" version="1" timestamp="2026-09-01T12:00:00Z" changeset="1" uid="1" user="generator"/>
  <node id="657" lat="49.1069480069" lon="31.3398631421" version="1" timestamp="2026-09-01T12:00:00Z" changeset="1" uid="1" user="generator"/>
  <node id="658" lat="49.1093240093" lon="31.3398631421" version="1" timestamp="2026-09-01T12:00:00Z" changeset="1" uid="1" user="generator"/>
  <node id="659" lat="49.1097560098" lon="31.3405229458" version="1" timestamp="2026-09-01T12:00:00Z" changeset="1" uid="1" user="generator"/>
  <node id="660" lat="49.1125640126" lon="31.3454714738" version="1" timestamp="2026-09-01T12:00:00Z" changeset="1" uid="1" user="generator"/>
  <node id="661" lat="49.1128882109" lon="31.3460875930" version="1" timestamp="2026-09-01T12:00:00Z" changeset="1" uid="1" user="generator"/>
  <node id="662" lat="49.1272520273" lon="31.3197391283" version="1" timestamp="2026-09-01T12:00:00Z" changeset="1" uid="1" user="generator"/>
  <node id="663" lat="49.1274929575" lon="31.3203146284" version="1" timestamp="2026-09-01T12:00:00Z" changeset="1" uid="1" user="generator"/>
  <node id="664" lat="49.0697959698" lon="31.3121513854" version="1" timestamp="2026-09-01T12:00:00Z" changeset="1" uid="1" user="generator"/>
  <node id="665" lat="49.0700119700" lon="31.3114915817" version="1" timestamp="2026-09-01T12:00:00Z" changeset="1" uid="1" user="generator"/>
  <node id="666" lat="49.0700119700" lon="31.2920273716" version="1" timestamp="2026-09-01T12:00:00Z" changeset="1" uid="1" user="generator"/>
  <node id="667" lat="49.0699317889" lon="31.2913273611" version="1" timestamp="2026-09-01T12:00:00Z" changeset="1" uid="1" user="generator"/>
  <node id="668" lat="49.0805959806" lon="31.2583773813" version="1" timestamp="2026-09-01T12:00:00Z" changeset="1" uid="1" user="generator"/>
  <node id="669" lat="49.0802314532" lon="31.2588291956" version="1" timestamp="2026-09-01T12:00:00Z" changeset="1" uid="1" user="generator"/>
  <node id="670" lat="49.1361080361" lon="31.3130311237" version="1" timestamp="2026-09-01T12:00:00Z" changeset="1" uid="1" user="generator"/>
  <node id="671" lat="49.1361080361" lon="31.3202005785" version="1" timestamp="2026-09-01T12:00:00Z" changeset="1" uid="1" user="generator"/>
  <node id="672" lat="49.1338035118" lon="31.3202005785" version="1" timestamp="2026-09-01T12:00:00Z" changeset="1" uid="1" user="generator"/>
  <node id="673" lat="49.1338035118" lon="31.3133610256" version="1" timestamp="2026-09-01T12:00:00Z" changeset="1" uid="1" user="generator"/>
  <node id="674" lat="49.1349200349" lon="31.3130311237" version="1" timestamp="2026-09-01T12:00:00Z" changeset="1" uid="1" user="generator"/>
  <node id="675" lat="49.1361080361" lon="31.3205304804" version="1" timestamp="2026-09-01T12:00:00Z" changeset="1" uid="1" user="generator"/>
  <node id="676" lat="49.1361080361" lon="31.3279303442" version="1" timestamp="2026-09-01T12:00:00Z" changeset="1" uid="1" user="generator"/>
  <node id="677" lat="49.1342720343" lon="31.3279303442" version="1" timestamp="2026-09-01T12:00:00Z" changeset="1" uid="1" user="generator"/>
  <node id="678" lat="49.1338400338" lon="31.3271285177" version="1" timestamp="2026-09-01T12:00:00Z" changeset="1" uid="1" user="generator"/>
  <node id="679" lat="49.1338035118" lon="31.3267986158" version="1" timestamp="2026-09-01T12:00:00Z" changeset="1" uid="1" user="generator"/>
  <node id="680" lat="49.1338035118" lon="31.3205304804" version="1" timestamp="2026-09-01T12:00:00Z" changeset="1" uid="1" user="generator"/>
  <node id="681" lat="49.1355320355" lon="31.3356294015" version="1" timestamp="2026-09-01T12:00:00Z" changeset="1" uid="1" user="generator"/>
  <node id="682" lat="49.1359640360" lon="31.3359593034" version="1" timestamp="2026-09-01T12:00:00Z" changeset="1" uid="1" user="generator"/>
  <node id="683" lat="49.1361080361" lon="31.3362892052" version="1" timestamp="2026-09-01T12:00:00Z" changeset="1" uid="1" user="generator"/>
  <node id="684" lat="49.1361080361" lon="31.3552035789" version="1" timestamp="2026-09-01T12:00:00Z" changeset="1" uid="1" user="generator"/>
  <node id="685" lat="49.1338035118" lon="31.3552035789" version="1" timestamp="2026-09-01T12:00:00Z" changeset="1" uid="1" user="generator"/>
  <node id="686" lat="49.1338035118" lon="31.3356294015" version="1" timestamp="2026-09-01T12:00:00Z" changeset="1" uid="1" user="generator"/>
  <node id="687" lat="49.1359280359" lon="31.2545285262" version="1" timestamp="2026-09-01T12:00:00Z" changeset="1" uid="1" user="generator"/>
  <node id="688" lat="49.1359280359" lon="31.2710236195" version="1" timestamp="2026-09-01T12:00:00Z" changeset="1" uid="1" user="generator"/>
  <node id="689" lat="49.1287280287" lon="31.2710236195" version="1" timestamp="2026-09-01T12:00:00Z" changeset="1" uid="1" user="generator"/>
  <node id="690" lat="49.1287280287" lon="31.2545285262" version="1" timestamp="2026-09-01T12:00:00Z" changeset="1" uid="1" user="generator"/>
  <node id="691" lat="49.1357120357" lon="31.2724531942" version="1" timestamp="2026-09-01T12:00:00Z" changeset="1" uid="1" user="generator"/>
  <node id="692" lat="49.1357120357" lon="31.2905977968" version="1" timestamp="2026-09-01T12:00:00Z" changeset="1" uid="1" user="generator"/>
  <node id="693" lat="49.1288720289" lon="31.2905977968" version="1" timestamp="2026-09-01T12:00:00Z" changeset="1" uid="1" user="generator"/>
  <node id="694" lat="49.1288720289" lon="31.2724531942" version="1" timestamp="2026-09-01T12:00:00Z" changeset="1" uid="1" user="generator"/>
  <node id="695" lat="49.1359280359" lon="31.2914775351" version="1" timestamp="2026-09-01T12:00:00Z" changeset="1" uid="1" user="generator"/>
  <node id="696" lat="49.1359280359" lon="31.3071478738" version="1" timestamp="2026-09-01T12:00:00Z" changeset="1" uid="1" user="generator"/>
  <node id="697" lat="49.1287280287" lon="31.3071478738" version="1" timestamp="2026-09-01T12:00:00Z" changeset="1" uid="1" user="generator"/>
  <node id="698" lat="49.1287280287" lon="31.2914775351" version="1" timestamp="2026-09-01T12:00:00Z" changeset="1" uid="1" user="generator"/>
  <node id="699" lat="49.1335515116" lon="31.3073128247" version="1" timestamp="2026-09-01T12:00:00Z" changeset="1" uid="1" user="generator"/>
  <node id="700" lat="49.1335515116" lon="31.3079726284" version="1" timestamp="2026-09-01T12:00:00Z" changeset="1" uid="1" user="generator"/>
  <node id="701" lat="49.1329040329" lon="31.3089623340" version="1" timestamp="2026-09-01T12:00:00Z" changeset="1" uid="1" user="generator"/>
  <node id="702" lat="49.1327600328" lon="31.3109417452" version="1" timestamp="2026-09-01T12:00:00Z" changeset="1" uid="1" user="generator"/>
  <node id="703" lat="49.1327960328" lon="31.3112716471" version="1" timestamp="2026-09-01T12:00:00Z" changeset="1" uid="1" user="generator"/>
  <node id="704" lat="49.1335515116" lon="31.3129211564" version="1" timestamp="2026-09-01T12:00:00Z" changeset="1" uid="1" user="generator"/>
  <node id="705" lat="49.1335515116" lon="31.3154895524" version="1" timestamp="2026-09-01T12:00:00Z" changeset="1" uid="1" user="generator"/>
  <node id="706" lat="49.1306831907" lon="31.3154895524" version="1" timestamp="2026-09-01T12:00:00Z" changeset="1" uid="1" user="generator"/>
  <node id="707" lat="49.1306831907" lon="31.3073128247" version="1" timestamp="2026-09-01T12:00:00Z" changeset="1" uid="1" user="generator"/>
  <node id="708" lat="49.1335515116" lon="31.3158194543" version="1" timestamp="2026-09-01T12:00:00Z" changeset="1" uid="1" user="generator"/>
  <node id="709" lat="49.1335515116" lon="31.3243528609" version="1" timestamp="2026-09-01T12:00:00Z" changeset="1" uid="1" user="generator"/>
  <node id="710" lat="49.1313560314" lon="31.3243528609" version="1" timestamp="2026-09-01T12:00:00Z" changeset="1" uid="1" user="generator"/>
  <node id="711" lat="49.1308880309" lon="31.3240670009" version="1" timestamp="2026-09-01T12:00:00Z" changeset="1" uid="1" user="generator"/>
  <node id="712" lat="49.1306831907" lon="31.3237370990" version="1" timestamp="2026-09-01T12:00:00Z" changeset="1" uid="1" user="generator"/>
  <node id="713" lat="49.1306831907" lon="31.3158194543" version="1" timestamp="2026-09-01T12:00:00Z" changeset="1" uid="1" user="generator"/>
  <node id="714" lat="49.1335515116" lon="31.3350245814" version="1" timestamp="2026-09-01T12:00:00Z" changeset="1" uid="1" user="generator"/>
  <node id="715" lat="49.1335515116" lon="31.3436796668" version="1" timestamp="2026-09-01T12:00:00Z" changeset="1" uid="1" user="generator"/>
  <node id="716" lat="49.1306831907" lon="31.3436796668" version="1" timestamp="2026-09-01T12:00:00Z" changeset="1" uid="1" user="generator"/>
  <node id="717" lat="49.1306831907" lon="31.3360142870" version="1" timestamp="2026-09-01T12:00:00Z" changeset="1" uid="1" user="generator"/>
  <node id="718" lat="49.1310680311" lon="31.3353544833" version="1" timestamp="2026-09-01T12:00:00Z" changeset="1" uid="1" user="generator"/>
  <node id="719" lat="49.1315000315" lon="31.3350245814" version="1" timestamp="2026-09-01T12:00:00Z" changeset="1" uid="1" user="generator"/>
  <node id="720" lat="49.1335515116" lon="31.3440095687" version="1" timestamp="2026-09-01T12:00:00Z" changeset="1" uid="1" user="generator"/>
  <node id="721" lat="49.1335515116" lon="31.3528820044" version="1" timestamp="2026-09-01T12:00:00Z" changeset="1" uid="1" user="generator"/>
  <node id="722" lat="49.1309600310" lon="31.3528820044" version="1" timestamp="2026-09-01T12:00:00Z" changeset="1" uid="1" user="generator"/>
  <node id="723" lat="49.1307440307" lon="31.3525870172" version="1" timestamp="2026-09-01T12:00:00Z" changeset="1" uid="1" user="generator"/>
  <node id="724" lat="49.1306831907" lon="31.3522571153" version="1" timestamp="2026-09-01T12:00:00Z" changeset="1" uid="1" user="generator"/>
  <node id="725" lat="49.1306831907" lon="31.3440095687" version="1" timestamp="2026-09-01T12:00:00Z" changeset="1" uid="1" user="generator"/>
  <node id="726" lat="49.1304311904" lon="31.3073128247" version="1" timestamp="2026-09-01T12:00:00Z" changeset="1" uid="1" user="generator"/>
  <node id="727" lat="49.1304311904" lon="31.3197941119" version="1" timestamp="2026-09-01T12:00:00Z" changeset="1" uid="1" user="generator"/>
  <node id="728" lat="49.1275628606" lon="31.3197941119" version="1" timestamp="2026-09-01T12:00:00Z" changeset="1" uid="1" user="generator"/>
  <node id="729" lat="49.1275628606" lon="31.3073128247" version="1" timestamp="2026-09-01T12:00:00Z" changeset="1" uid="1" user="generator"/>
  <node id="730" lat="49.1300600301" lon="31.3526743312" version="1" timestamp="2026-09-01T12:00:00Z" changeset="1" uid="1" user="generator"/>
  <node id="731" lat="49.1303840304" lon="31.3533341350" version="1" timestamp="2026-09-01T12:00:00Z" changeset="1" uid="1" user="generator"/>
  <node id="732" lat="49.1304311904" lon="31.3552035789" version="1" timestamp="2026-09-01T12:00:00Z" changeset="1" uid="1" user="generator"/>
  <node id="733" lat="49.1275628606" lon="31.3552035789" version="1" timestamp="2026-09-01T12:00:00Z" changeset="1" uid="1" user="generator"/>
  <node id="734" lat="49.1275628606" lon="31.3533341350" version="1" timestamp="2026-09-01T12:00:00Z" changeset="1" uid="1" user="generator"/>
  <node id="735" lat="49.1279360279" lon="31.3526743312" version="1" timestamp="2026-09-01T12:00:00Z" changeset="1" uid="1" user="generator"/>
  <node id="736" lat="49.1289440289" lon="31.3369490090" version="1" timestamp="2026-09-01T12:00:00Z" changeset="1" uid="1" user="generator"/>
  <node id="737" lat="49.1304311904" lon="31.3372789108" version="1" timestamp="2026-09-01T12:00:00Z" changeset="1" uid="1" user="generator"/>
  <node id="738" lat="49.1304311904" lon="31.3430833829" version="1" timestamp="2026-09-01T12:00:00Z" changeset="1" uid="1" user="generator"/>
  <node id="739" lat="49.1275628606" lon="31.3430833829" version="1" timestamp="2026-09-01T12:00:00Z" changeset="1" uid="1" user="generator"/>
  <node id="740" lat="49.1275628606" lon="31.3369490090" version="1" timestamp="2026-09-01T12:00:00Z" changeset="1" uid="1" user="generator"/>
  <node id="741" lat="49.1304311904" lon="31.3434132848" version="1" timestamp="2026-09-01T12:00:00Z" changeset="1" uid="1" user="generator"/>
  <node id="742" lat="49.1304311904" lon="31.3484405906" version="1" timestamp="2026-09-01T12:00:00Z" changeset="1" uid="1" user="generator"/>
  <node id="743" lat="49.1283680284" lon="31.3484405906" version="1" timestamp="2026-09-01T12:00:00Z" changeset="1" uid="1" user="generator"/>
  <node id="744" lat="49.1282240282" lon="31.3480319109" version="1" timestamp="2026-09-01T12:00:00Z" changeset="1" uid="1" user="generator"/>
  <node id="745" lat="49.1277920278" lon="31.3473721072" version="1" timestamp="2026-09-01T12:00:00Z" changeset="1" uid="1" user="generator"/>
  <node id="746" lat="49.1275628606" lon="31.3467123035" version="1" timestamp="2026-09-01T12:00:00Z" changeset="1" uid="1" user="generator"/>
  <node id="747" lat="49.1275628606" lon="31.3434132848" version="1" timestamp="2026-09-01T12:00:00Z" changeset="1" uid="1" user="generator"/>
  <node id="748" lat="49.1273108603" lon="31.2448514048" version="1" timestamp="2026-09-01T12:00:00Z" changeset="1" uid="1" user="generator"/>
  <node id="749" lat="49.1273108603" lon="31.2544185589" version="1" timestamp="2026-09-01T12:00:00Z" changeset="1" uid="1" user="generator"/>
  <node id="750" lat="49.1266400266" lon="31.2552433136" version="1" timestamp="2026-09-01T12:00:00Z" changeset="1" uid="1" user="generator"/>
  <node id="751" lat="49.1248556309" lon="31.2552433136" version="1" timestamp="2026-09-01T12:00:00Z" changeset="1" uid="1" user="generator"/>
  <node id="752" lat="49.1248556309" lon="31.2448514048" version="1" timestamp="2026-09-01T12:00:00Z" changeset="1" uid="1" user="generator"/>
  <node id="753" lat="49.1273108603" lon="31.2625011546" version="1" timestamp="2026-09-01T12:00:00Z" changeset="1" uid="1" user="generator"/>
  <node id="754" lat="49.1273108603" lon="31.2663311091" version="1" timestamp="2026-09-01T12:00:00Z" changeset="1" uid="1" user="generator"/>
  <node id="755" lat="49.1248556309" lon="31.2663311091" version="1" timestamp="2026-09-01T12:00:00Z" changeset="1" uid="1" user="generator"/>
  <node id="756" lat="49.1248556309" lon="31.2625011546" version="1" timestamp="2026-09-01T12:00:00Z" changeset="1" uid="1" user="generator"/>
  <node id="757" lat="49.1273108603" lon="31.2666610109" version="1" timestamp="2026-09-01T12:00:00Z" changeset="1" uid="1" user="generator"/>
  <node id="758" lat="49.1273108603" lon="31.2702802956" version="1" timestamp="2026-09-01T12:00:00Z" changeset="1" uid="1" user="generator"/>
  <node id="759" lat="49.1248556309" lon="31.2702802956" version="1" timestamp="2026-09-01T12:00:00Z" changeset="1" uid="1" user="generator"/>
  <node id="760" lat="49.1248556309" lon="31.2666610109" version="1" timestamp="2026-09-01T12:00:00Z" changeset="1" uid="1" user="generator"/>
  <node id="761" lat="49.1273108603" lon="31.2706101974" version="1" timestamp="2026-09-01T12:00:00Z" changeset="1" uid="1" user="generator"/>
  <node id="762" lat="49.1273108603" lon="31.2739867705" version="1" timestamp="2026-09-01T12:00:00Z" changeset="1" uid="1" user="generator"/>
  <node id="763" lat="49.1248556309" lon="31.2739867705" version="1" timestamp="2026-09-01T12:00:00Z" changeset="1" uid="1" user="generator"/>
  <node id="764" lat="49.1248556309" lon="31.2706101974" version="1" timestamp="2026-09-01T12:00:00Z" changeset="1" uid="1" user="generator"/>
  <node id="765" lat="49.1273108603" lon="31.2743166724" version="1" timestamp="2026-09-01T12:00:00Z" changeset="1" uid="1" user="generator"/>
  <node id="766" lat="49.1273108603" lon="31.2776766404" version="1" timestamp="2026-09-01T12:00:00Z" changeset="1" uid="1" user="generator"/>
  <node id="767" lat="49.1248556309" lon="31.2776766404" version="1" timestamp="2026-09-01T12:00:00Z" changeset="1" uid="1" user="generator"/>
  <node id="768" lat="49.1248556309" lon="31.2743166724" version="1" timestamp="2026-09-01T12:00:00Z" changeset="1" uid="1" user="generator"/>
  <node id="769" lat="49.1284400284" lon="31.2778415914" version="1" timestamp="2026-09-01T12:00:00Z" changeset="1" uid="1" user="generator"/>
  <node id="770" lat="49.1284400284" lon="31.2984604580" version="1" timestamp="2026-09-01T12:00:00Z" changeset="1" uid="1" user="generator"/>
  <node id="771" lat="49.1223200223" lon="31.2984604580" version="1" timestamp="2026-09-01T12:00:00Z" changeset="1" uid="1" user="generator"/>
  <node id="772" lat="49.1223200223" lon="31.2778415914" version="1" timestamp="2026-09-01T12:00:00Z" changeset="1" uid="1" user="generator"/>
  <node id="773" lat="49.1273108603" lon="31.2986254089" version="1" timestamp="2026-09-01T12:00:00Z" changeset="1" uid="1" user="generator"/>
  <node id="774" lat="49.1273108603" lon="31.3074029291" version="1" timestamp="2026-09-01T12:00:00Z" changeset="1" uid="1" user="generator"/>
  <node id="775" lat="49.1248556309" lon="31.3074029291" version="1" timestamp="2026-09-01T12:00:00Z" changeset="1" uid="1" user="generator"/>
  <node id="776" lat="49.1248556309" lon="31.2986254089" version="1" timestamp="2026-09-01T12:00:00Z" changeset="1" uid="1" user="generator"/>
  <node id="777" lat="49.1273108603" lon="31.3077328310" version="1" timestamp="2026-09-01T12:00:00Z" changeset="1" uid="1" user="generator"/>
  <node id="778" lat="49.1273108603" lon="31.3169603236" version="1" timestamp="2026-09-01T12:00:00Z" changeset="1" uid="1" user="generator"/>
  <node id="779" lat="49.1248556309" lon="31.3169603236" version="1" timestamp="2026-09-01T12:00:00Z" changeset="1" uid="1" user="generator"/>
  <node id="780" lat="49.1248556309" lon="31.3077328310" version="1" timestamp="2026-09-01T12:00:00Z" changeset="1" uid="1" user="generator"/>
  <node id="781" lat="49.1266400266" lon="31.3288114296" version="1" timestamp="2026-09-01T12:00:00Z" changeset="1" uid="1" user="generator"/>
  <node id="782" lat="49.1272520273" lon="31.3291413315" version="1" timestamp="2026-09-01T12:00:00Z" changeset="1" uid="1" user="generator"/>
  <node id="783" lat="49.1273108603" lon="31.3294712333" version="1" timestamp="2026-09-01T12:00:00Z" changeset="1" uid="1" user="generator"/>
  <node id="784" lat="49.1273108603" lon="31.3434370790" version="1" timestamp="2026-09-01T12:00:00Z" changeset="1" uid="1" user="generator"/>
  <node id="785" lat="49.1255600256" lon="31.3434370790" version="1" timestamp="2026-09-01T12:00:00Z" changeset="1" uid="1" user="generator"/>
  <node id="786" lat="49.1248556309" lon="31.3420075042" version="1" timestamp="2026-09-01T12:00:00Z" changeset="1" uid="1" user="generator"/>
  <node id="787" lat="49.1248556309" lon="31.3288114296" version="1" timestamp="2026-09-01T12:00:00Z" changeset="1" uid="1" user="generator"/>
  <node id="788" lat="49.1246036306" lon="31.2448514048" version="1" timestamp="2026-09-01T12:00:00Z" changeset="1" uid="1" user="generator"/>
  <node id="789" lat="49.1246036306" lon="31.2573876757" version="1" timestamp="2026-09-01T12:00:00Z" changeset="1" uid="1" user="generator"/>
  <node id="790" lat="49.1245160245" lon="31.2577175775" version="1" timestamp="2026-09-01T12:00:00Z" changeset="1" uid="1" user="generator"/>
  <node id="791" lat="49.1239760240" lon="31.2585423322" version="1" timestamp="2026-09-01T12:00:00Z" changeset="1" uid="1" user="generator"/>
  <node id="792" lat="49.1221991702" lon="31.2585423322" version="1" timestamp="2026-09-01T12:00:00Z" changeset="1" uid="1" user="generator"/>
  <node id="793" lat="49.1221991702" lon="31.2448514048" version="1" timestamp="2026-09-01T12:00:00Z" changeset="1" uid="1" user="generator"/>
  <node id="794" lat="49.1246036306" lon="31.2612365308" version="1" timestamp="2026-09-01T12:00:00Z" changeset="1" uid="1" user="generator"/>
  <node id="795" lat="49.1246036306" lon="31.2644639057" version="1" timestamp="2026-09-01T12:00:00Z" changeset="1" uid="1" user="generator"/>
  <node id="796" lat="49.1221991702" lon="31.2644639057" version="1" timestamp="2026-09-01T12:00:00Z" changeset="1" uid="1" user="generator"/>
  <node id="797" lat="49.1221991702" lon="31.2625561382" version="1" timestamp="2026-09-01T12:00:00Z" changeset="1" uid="1" user="generator"/>
  <node id="798" lat="49.1228600229" lon="31.2612365308" version="1" timestamp="2026-09-01T12:00:00Z" changeset="1" uid="1" user="generator"/>
  <node id="799" lat="49.1246036306" lon="31.2647938076" version="1" timestamp="2026-09-01T12:00:00Z" changeset="1" uid="1" user="generator"/>
  <node id="800" lat="49.1246036306" lon="31.2677837357" version="1" timestamp="2026-09-01T12:00:00Z" changeset="1" uid="1" user="generator"/>
  <node id="801" lat="49.1221991702" lon="31.2677837357" version="1" timestamp="2026-09-01T12:00:00Z" changeset="1" uid="1" user="generator"/>
  <node id="802" lat="49.1221991702" lon="31.2647938076" version="1" timestamp="2026-09-01T12:00:00Z" changeset="1" uid="1" user="generator"/>
  <node id="803" lat="49.1246036306" lon="31.2681136376" version="1" timestamp="2026-09-01T12:00:00Z" changeset="1" uid="1" user="generator"/>
  <node id="804" lat="49.1246036306" lon="31.2710138186" version="1" timestamp="2026-09-01T12:00:00Z" changeset="1" uid="1" user="generator"/>
  <node id="805" lat="49.1221991702" lon="31.2710138186" version="1" timestamp="2026-09-01T12:00:00Z" changeset="1" uid="1" user="generator"/>
  <node id="806" lat="49.1221991702" lon="31.2681136376" version="1" timestamp="2026-09-01T12:00:00Z" changeset="1" uid="1" user="generator"/>
  <node id="807" lat="49.1246036306" lon="31.2713437205" version="1" timestamp="2026-09-01T12:00:00Z" changeset="1" uid="1" user="generator"/>
  <node id="808" lat="49.1246036306" lon="31.2747270016" version="1" timestamp="2026-09-01T12:00:00Z" changeset="1" uid="1" user="generator"/>
  <node id="809" lat="49.1221991702" lon="31.2747270016" version="1" timestamp="2026-09-01T12:00:00Z" changeset="1" uid="1" user="generator"/>
  <node id="810" lat="49.1221991702" lon="31.2713437205" version="1" timestamp="2026-09-01T12:00:00Z" changeset="1" uid="1" user="generator"/>
  <node id="811" lat="49.1246036306" lon="31.2750569035" version="1" timestamp="2026-09-01T12:00:00Z" changeset="1" uid="1" user="generator"/>
  <node id="812" lat="49.1246036306" lon="31.2776766404" version="1" timestamp="2026-09-01T12:00:00Z" changeset="1" uid="1" user="generator"/>
  <node id="813" lat="49.1221991702" lon="31.2776766404" version="1" timestamp="2026-09-01T12:00:00Z" changeset="1" uid="1" user="generator"/>
  <node id="814" lat="49.1221991702" lon="31.2750569035" version="1" timestamp="2026-09-01T12:00:00Z" changeset="1" uid="1" user="generator"/>
  <node id="815" lat="49.1246036306" lon="31.2986254089" version="1" timestamp="2026-09-01T12:00:00Z" changeset="1" uid="1" user="generator"/>
  <node id="816" lat="49.1246036306" lon="31.3021443621" version="1" timestamp="2026-09-01T12:00:00Z" changeset="1" uid="1" user="generator"/>
  <node id="817" lat="49.1221991702" lon="31.3021443621" version="1" timestamp="2026-09-01T12:00:00Z" changeset="1" uid="1" user="generator"/>
  <node id="818" lat="49.1221991702" lon="31.2986254089" version="1" timestamp="2026-09-01T12:00:00Z" changeset="1" uid="1" user="generator"/>
  <node id="819" lat="49.1246036306" lon="31.3062681354" version="1" timestamp="2026-09-01T12:00:00Z" changeset="1" uid="1" user="generator"/>
  <node id="820" lat="49.1246036306" lon="31.3157803059" version="1" timestamp="2026-09-01T12:00:00Z" changeset="1" uid="1" user="generator"/>
  <node id="821" lat="49.1228600229" lon="31.3157803059" version="1" timestamp="2026-09-01T12:00:00Z" changeset="1" uid="1" user="generator"/>
  <node id="822" lat="49.1221991702" lon="31.3151754858" version="1" timestamp="2026-09-01T12:00:00Z" changeset="1" uid="1" user="generator"/>
  <node id="823" lat="49.1221991702" lon="31.3062681354" version="1" timestamp="2026-09-01T12:00:00Z" changeset="1" uid="1" user="generator"/>
  <node id="824" lat="49.1239400239" lon="31.3272718876" version="1" timestamp="2026-09-01T12:00:00Z" changeset="1" uid="1" user="generator"/>
  <node id="825" lat="49.1246036306" lon="31.3279316913" version="1" timestamp="2026-09-01T12:00:00Z" changeset="1" uid="1" user="generator"/>
  <node id="826" lat="49.1246036306" lon="31.3386535019" version="1" timestamp="2026-09-01T12:00:00Z" changeset="1" uid="1" user="generator"/>
  <node id="827" lat="49.1228600229" lon="31.3386535019" version="1" timestamp="2026-09-01T12:00:00Z" changeset="1" uid="1" user="generator"/>
  <node id="828" lat="49.1221991702" lon="31.3371689435" version="1" timestamp="2026-09-01T12:00:00Z" changeset="1" uid="1" user="generator"/>
  <node id="829" lat="49.1221991702" lon="31.3272718876" version="1" timestamp="2026-09-01T12:00:00Z" changeset="1" uid="1" user="generator"/>
  <node id="830" lat="49.1246036306" lon="31.3436020299" version="1" timestamp="2026-09-01T12:00:00Z" changeset="1" uid="1" user="generator"/>
  <node id="831" lat="49.1246036306" lon="31.3482206560" version="1" timestamp="2026-09-01T12:00:00Z" changeset="1" uid="1" user="generator"/>
  <node id="832" lat="49.1245520246" lon="31.3485505579" version="1" timestamp="2026-09-01T12:00:00Z" changeset="1" uid="1" user="generator"/>
  <node id="833" lat="49.1242280242" lon="31.3492103616" version="1" timestamp="2026-09-01T12:00:00Z" changeset="1" uid="1" user="generator"/>
  <node id="834" lat="49.1242280242" lon="31.3508598710" version="1" timestamp="2026-09-01T12:00:00Z" changeset="1" uid="1" user="generator"/>
  <node id="835" lat="49.1246036306" lon="31.3521794784" version="1" timestamp="2026-09-01T12:00:00Z" changeset="1" uid="1" user="generator"/>
  <node id="836" lat="49.1246036306" lon="31.3552035789" version="1" timestamp="2026-09-01T12:00:00Z" changeset="1" uid="1" user="generator"/>
  <node id="837" lat="49.1221991702" lon="31.3552035789" version="1" timestamp="2026-09-01T12:00:00Z" changeset="1" uid="1" user="generator"/>
  <node id="838" lat="49.1221991702" lon="31.3449216374" version="1" timestamp="2026-09-01T12:00:00Z" changeset="1" uid="1" user="generator"/>
  <node id="839" lat="49.1228240228" lon="31.3445917355" version="1" timestamp="2026-09-01T12:00:00Z" changeset="1" uid="1" user="generator"/>
  <node id="840" lat="49.1228600229" lon="31.3436020299" version="1" timestamp="2026-09-01T12:00:00Z" changeset="1" uid="1" user="generator"/>
  <node id="841" lat="49.1219471699" lon="31.2448514048" version="1" timestamp="2026-09-01T12:00:00Z" changeset="1" uid="1" user="generator"/>
  <node id="842" lat="49.1219471699" lon="31.2550539499" version="1" timestamp="2026-09-01T12:00:00Z" changeset="1" uid="1" user="generator"/>
  <node id="843" lat="49.1195427095" lon="31.2550539499" version="1" timestamp="2026-09-01T12:00:00Z" changeset="1" uid="1" user="generator"/>
  <node id="844" lat="49.1195427095" lon="31.2448514048" version="1" timestamp="2026-09-01T12:00:00Z" changeset="1" uid="1" user="generator"/>
  <node id="845" lat="49.1219471699" lon="31.2553838517" version="1" timestamp="2026-09-01T12:00:00Z" changeset="1" uid="1" user="generator"/>
  <node id="846" lat="49.1219471699" lon="31.2616519872" version="1" timestamp="2026-09-01T12:00:00Z" changeset="1" uid="1" user="generator"/>
  <node id="847" lat="49.1212040212" lon="31.2633014965" version="1" timestamp="2026-09-01T12:00:00Z" changeset="1" uid="1" user="generator"/>
  <node id="848" lat="49.1207000207" lon="31.2647554840" version="1" timestamp="2026-09-01T12:00:00Z" changeset="1" uid="1" user="generator"/>
  <node id="849" lat="49.1195427095" lon="31.2647554840" version="1" timestamp="2026-09-01T12:00:00Z" changeset="1" uid="1" user="generator"/>
  <node id="850" lat="49.1195427095" lon="31.2553838517" version="1" timestamp="2026-09-01T12:00:00Z" changeset="1" uid="1" user="generator"/>
  <node id="851" lat="49.1219471699" lon="31.2717933905" version="1" timestamp="2026-09-01T12:00:00Z" changeset="1" uid="1" user="generator"/>
  <node id="852" lat="49.1219471699" lon="31.2908177314" version="1" timestamp="2026-09-01T12:00:00Z" changeset="1" uid="1" user="generator"/>
  <node id="853" lat="49.1195427095" lon="31.2908177314" version="1" timestamp="2026-09-01T12:00:00Z" changeset="1" uid="1" user="generator"/>
  <node id="854" lat="49.1196560197" lon="31.2889482875" version="1" timestamp="2026-09-01T12:00:00Z" changeset="1" uid="1" user="generator"/>
  <node id="855" lat="49.1195427095" lon="31.2886183856" version="1" timestamp="2026-09-01T12:00:00Z" changeset="1" uid="1" user="generator"/>
  <node id="856" lat="49.1195427095" lon="31.2721232923" version="1" timestamp="2026-09-01T12:00:00Z" changeset="1" uid="1" user="generator"/>
  <node id="857" lat="49.1205200205" lon="31.2717933905" version="1" timestamp="2026-09-01T12:00:00Z" changeset="1" uid="1" user="generator"/>
  <node id="858" lat="49.1219471699" lon="31.2948315374" version="1" timestamp="2026-09-01T12:00:00Z" changeset="1" uid="1" user="generator"/>
  <node id="859" lat="49.1219471699" lon="31.3001099673" version="1" timestamp="2026-09-01T12:00:00Z" changeset="1" uid="1" user="generator"/>
  <node id="860" lat="49.1205560206" lon="31.3004398692" version="1" timestamp="2026-09-01T12:00:00Z" changeset="1" uid="1" user="generator"/>
  <node id="861" lat="49.1208800209" lon="31.3017594766" version="1" timestamp="2026-09-01T12:00:00Z" changeset="1" uid="1" user="generator"/>
  <node id="862" lat="49.1208080208" lon="31.3020893785" version="1" timestamp="2026-09-01T12:00:00Z" changeset="1" uid="1" user="generator"/>
  <node id="863" lat="49.1195427095" lon="31.3020893785" version="1" timestamp="2026-09-01T12:00:00Z" changeset="1" uid="1" user="generator"/>
  <node id="864" lat="49.1195427095" lon="31.3004398692" version="1" timestamp="2026-09-01T12:00:00Z" changeset="1" uid="1" user="generator"/>
  <node id="865" lat="49.1209520210" lon="31.3001099673" version="1" timestamp="2026-09-01T12:00:00Z" changeset="1" uid="1" user="generator"/>
  <node id="866" lat="49.1196560197" lon="31.2948315374" version="1" timestamp="2026-09-01T12:00:00Z" changeset="1" uid="1" user="generator"/>
  <node id="867" lat="49.1212760213" lon="31.3151205022" version="1" timestamp="2026-09-01T12:00:00Z" changeset="1" uid="1" user="generator"/>
  <node id="868" lat="49.1219471699" lon="31.3157803059" version="1" timestamp="2026-09-01T12:00:00Z" changeset="1" uid="1" user="generator"/>
  <node id="869" lat="49.1219471699" lon="31.3200690302" version="1" timestamp="2026-09-01T12:00:00Z" changeset="1" uid="1" user="generator"/>
  <node id="870" lat="49.1217440217" lon="31.3203989320" version="1" timestamp="2026-09-01T12:00:00Z" changeset="1" uid="1" user="generator"/>
  <node id="871" lat="49.1216720217" lon="31.3207288339" version="1" timestamp="2026-09-01T12:00:00Z" changeset="1" uid="1" user="generator"/>
  <node id="872" lat="49.1216720217" lon="31.3233680488" version="1" timestamp="2026-09-01T12:00:00Z" changeset="1" uid="1" user="generator"/>
  <node id="873" lat="49.1219471699" lon="31.3243577544" version="1" timestamp="2026-09-01T12:00:00Z" changeset="1" uid="1" user="generator"/>
  <node id="874" lat="49.1219471699" lon="31.3338149412" version="1" timestamp="2026-09-01T12:00:00Z" changeset="1" uid="1" user="generator"/>
  <node id="875" lat="49.1201600202" lon="31.3338149412" version="1" timestamp="2026-09-01T12:00:00Z" changeset="1" uid="1" user="generator"/>
  <node id="876" lat="49.1201240201" lon="31.3335950067" version="1" timestamp="2026-09-01T12:00:00Z" changeset="1" uid="1" user="generator"/>
  <node id="877" lat="49.1195480195" lon="31.3326053011" version="1" timestamp="2026-09-01T12:00:00Z" changeset="1" uid="1" user="generator"/>
  <node id="878" lat="49.1195427095" lon="31.3151205022" version="1" timestamp="2026-09-01T12:00:00Z" changeset="1" uid="1" user="generator"/>
  <node id="879" lat="49.1212760213" lon="31.3371689435" version="1" timestamp="2026-09-01T12:00:00Z" changeset="1" uid="1" user="generator"/>
  <node id="880" lat="49.1218520219" lon="31.3381586491" version="1" timestamp="2026-09-01T12:00:00Z" changeset="1" uid="1" user="generator"/>
  <node id="881" lat="49.1219471699" lon="31.3384885510" version="1" timestamp="2026-09-01T12:00:00Z" changeset="1" uid="1" user="generator"/>
  <node id="882" lat="49.1219471699" lon="31.3404679622" version="1" timestamp="2026-09-01T12:00:00Z" changeset="1" uid="1" user="generator"/>
  <node id="883" lat="49.1217440217" lon="31.3407978641" version="1" timestamp="2026-09-01T12:00:00Z" changeset="1" uid="1" user="generator"/>
  <node id="884" lat="49.1195427095" lon="31.3407978641" version="1" timestamp="2026-09-01T12:00:00Z" changeset="1" uid="1" user="generator"/>
  <node id="885" lat="49.1195427095" lon="31.3371689435" version="1" timestamp="2026-09-01T12:00:00Z" changeset="1" uid="1" user="generator"/>
  <node id="886" lat="49.1212760213" lon="31.3444267846" version="1" timestamp="2026-09-01T12:00:00Z" changeset="1" uid="1" user="generator"/>
  <node id="887" lat="49.1214560215" lon="31.3447566864" version="1" timestamp="2026-09-01T12:00:00Z" changeset="1" uid="1" user="generator"/>
  <node id="888" lat="49.1219471699" lon="31.3450865883" version="1" timestamp="2026-09-01T12:00:00Z" changeset="1" uid="1" user="generator"/>
  <node id="889" lat="49.1219471699" lon="31.3552035789" version="1" timestamp="2026-09-01T12:00:00Z" changeset="1" uid="1" user="generator"/>
  <node id="890" lat="49.1195427095" lon="31.3552035789" version="1" timestamp="2026-09-01T12:00:00Z" changeset="1" uid="1" user="generator"/>
  <node id="891" lat="49.1195427095" lon="31.3444267846" version="1" timestamp="2026-09-01T12:00:00Z" changeset="1" uid="1" user="generator"/>
  <node id="892" lat="49.1192907093" lon="31.2448514048" version="1" timestamp="2026-09-01T12:00:00Z" changeset="1" uid="1" user="generator"/>
  <node id="893" lat="49.1192907093" lon="31.2600268906" version="1" timestamp="2026-09-01T12:00:00Z" changeset="1" uid="1" user="generator"/>
  <node id="894" lat="49.1177840178" lon="31.2600268906" version="1" timestamp="2026-09-01T12:00:00Z" changeset="1" uid="1" user="generator"/>
  <node id="895" lat="49.1176040176" lon="31.2590371850" version="1" timestamp="2026-09-01T12:00:00Z" changeset="1" uid="1" user="generator"/>
  <node id="896" lat="49.1172053982" lon="31.2583773813" version="1" timestamp="2026-09-01T12:00:00Z" changeset="1" uid="1" user="generator"/>
  <node id="897" lat="49.1172053982" lon="31.2448514048" version="1" timestamp="2026-09-01T12:00:00Z" changeset="1" uid="1" user="generator"/>
  <node id="898" lat="49.1187200187" lon="31.2711335868" version="1" timestamp="2026-09-01T12:00:00Z" changeset="1" uid="1" user="generator"/>
  <node id="899" lat="49.1189720190" lon="31.2714634886" version="1" timestamp="2026-09-01T12:00:00Z" changeset="1" uid="1" user="generator"/>
  <node id="900" lat="49.1189720190" lon="31.2717933905" version="1" timestamp="2026-09-01T12:00:00Z" changeset="1" uid="1" user="generator"/>
  <node id="901" lat="49.1180000180" lon="31.2764120166" version="1" timestamp="2026-09-01T12:00:00Z" changeset="1" uid="1" user="generator"/>
  <node id="902" lat="49.1192907093" lon="31.2767419185" version="1" timestamp="2026-09-01T12:00:00Z" changeset="1" uid="1" user="generator"/>
  <node id="903" lat="49.1192907093" lon="31.2859791707" version="1" timestamp="2026-09-01T12:00:00Z" changeset="1" uid="1" user="generator"/>
  <node id="904" lat="49.1177480177" lon="31.2859791707" version="1" timestamp="2026-09-01T12:00:00Z" changeset="1" uid="1" user="generator"/>
  <node id="905" lat="49.1172053982" lon="31.2856492688" version="1" timestamp="2026-09-01T12:00:00Z" changeset="1" uid="1" user="generator"/>
  <node id="906" lat="49.1172080172" lon="31.2810306427" version="1" timestamp="2026-09-01T12:00:00Z" changeset="1" uid="1" user="generator"/>
  <node id="907" lat="49.1182160182" lon="31.2777316241" version="1" timestamp="2026-09-01T12:00:00Z" changeset="1" uid="1" user="generator"/>
  <node id="908" lat="49.1184320184" lon="31.2767419185" version="1" timestamp="2026-09-01T12:00:00Z" changeset="1" uid="1" user="generator"/>
  <node id="909" lat="49.1172053982" lon="31.2764120166" version="1" timestamp="2026-09-01T12:00:00Z" changeset="1" uid="1" user="generator"/>
  <node id="910" lat="49.1172053982" lon="31.2711335868" version="1" timestamp="2026-09-01T12:00:00Z" changeset="1" uid="1" user="generator"/>
  <node id="911" lat="49.1186840187" lon="31.2907077641" version="1" timestamp="2026-09-01T12:00:00Z" changeset="1" uid="1" user="generator"/>
  <node id="912" lat="49.1191520192" lon="31.2913675678" version="1" timestamp="2026-09-01T12:00:00Z" changeset="1" uid="1" user="generator"/>
  <node id="913" lat="49.1192240192" lon="31.2916974697" version="1" timestamp="2026-09-01T12:00:00Z" changeset="1" uid="1" user="generator"/>
  <node id="914" lat="49.1192907093" lon="31.3042337406" version="1" timestamp="2026-09-01T12:00:00Z" changeset="1" uid="1" user="generator"/>
  <node id="915" lat="49.1186840187" lon="31.3053334135" version="1" timestamp="2026-09-01T12:00:00Z" changeset="1" uid="1" user="generator"/>
  <node id="916" lat="49.1172053982" lon="31.3053334135" version="1" timestamp="2026-09-01T12:00:00Z" changeset="1" uid="1" user="generator"/>
  <node id="917" lat="49.1172053982" lon="31.2907077641" version="1" timestamp="2026-09-01T12:00:00Z" changeset="1" uid="1" user="generator"/>
  <node id="918" lat="49.1192907093" lon="31.3210587358" version="1" timestamp="2026-09-01T12:00:00Z" changeset="1" uid="1" user="generator"/>
  <node id="919" lat="49.1192907093" lon="31.3294162497" version="1" timestamp="2026-09-01T12:00:00Z" changeset="1" uid="1" user="generator"/>
  <node id="920" lat="49.1177840178" lon="31.3294162497" version="1" timestamp="2026-09-01T12:00:00Z" changeset="1" uid="1" user="generator"/>
  <node id="921" lat="49.1172053982" lon="31.3283165768" version="1" timestamp="2026-09-01T12:00:00Z" changeset="1" uid="1" user="generator"/>
  <node id="922" lat="49.1172053982" lon="31.3213886376" version="1" timestamp="2026-09-01T12:00:00Z" changeset="1" uid="1" user="generator"/>
  <node id="923" lat="49.1177840178" lon="31.3210587358" version="1" timestamp="2026-09-01T12:00:00Z" changeset="1" uid="1" user="generator"/>
  <node id="924" lat="49.1186840187" lon="31.3324403501" version="1" timestamp="2026-09-01T12:00:00Z" changeset="1" uid="1" user="generator"/>
  <node id="925" lat="49.1192907093" lon="31.3337599576" version="1" timestamp="2026-09-01T12:00:00Z" changeset="1" uid="1" user="generator"/>
  <node id="926" lat="49.1192907093" lon="31.3552035789" version="1" timestamp="2026-09-01T12:00:00Z" changeset="1" uid="1" user="generator"/>
  <node id="927" lat="49.1172053982" lon="31.3552035789" version="1" timestamp="2026-09-01T12:00:00Z" changeset="1" uid="1" user="generator"/>
  <node id="928" lat="49.1172053982" lon="31.3324403501" version="1" timestamp="2026-09-01T12:00:00Z" changeset="1" uid="1" user="generator"/>
  <node id="929" lat="49.1169533980" lon="31.2448514048" version="1" timestamp="2026-09-01T12:00:00Z" changeset="1" uid="1" user="generator"/>
  <node id="930" lat="49.1169533980" lon="31.2577175775" version="1" timestamp="2026-09-01T12:00:00Z" changeset="1" uid="1" user="generator"/>
  <node id="931" lat="49.1162720163" lon="31.2579375121" version="1" timestamp="2026-09-01T12:00:00Z" changeset="1" uid="1" user="generator"/>
  <node id="932" lat="49.1148680779" lon="31.2579375121" version="1" timestamp="2026-09-01T12:00:00Z" changeset="1" uid="1" user="generator"/>
  <node id="933" lat="49.1148680779" lon="31.2448514048" version="1" timestamp="2026-09-01T12:00:00Z" changeset="1" uid="1" user="generator"/>
  <node id="934" lat="49.1163440163" lon="31.2872987782" version="1" timestamp="2026-09-01T12:00:00Z" changeset="1" uid="1" user="generator"/>
  <node id="935" lat="49.1169533980" lon="31.2882884838" version="1" timestamp="2026-09-01T12:00:00Z" changeset="1" uid="1" user="generator"/>
  <node id="936" lat="49.1169533980" lon="31.3049485280" version="1" timestamp="2026-09-01T12:00:00Z" changeset="1" uid="1" user="generator"/>
  <node id="937" lat="49.1154080154" lon="31.3049485280" version="1" timestamp="2026-09-01T12:00:00Z" changeset="1" uid="1" user="generator"/>
  <node id="938" lat="49.1148680779" lon="31.3044536752" version="1" timestamp="2026-09-01T12:00:00Z" changeset="1" uid="1" user="generator"/>
  <node id="939" lat="49.1148680779" lon="31.2872987782" version="1" timestamp="2026-09-01T12:00:00Z" changeset="1" uid="1" user="generator"/>
  <node id="940" lat="49.1169533980" lon="31.3212236867" version="1" timestamp="2026-09-01T12:00:00Z" changeset="1" uid="1" user="generator"/>
  <node id="941" lat="49.1169533980" lon="31.3253474600" version="1" timestamp="2026-09-01T12:00:00Z" changeset="1" uid="1" user="generator"/>
  <node id="942" lat="49.1154800155" lon="31.3253474600" version="1" timestamp="2026-09-01T12:00:00Z" changeset="1" uid="1" user="generator"/>
  <node id="943" lat="49.1149040149" lon="31.3241928035" version="1" timestamp="2026-09-01T12:00:00Z" changeset="1" uid="1" user="generator"/>
  <node id="944" lat="49.1148680779" lon="31.3212236867" version="1" timestamp="2026-09-01T12:00:00Z" changeset="1" uid="1" user="generator"/>
  <node id="945" lat="49.1163440163" lon="31.3283165768" version="1" timestamp="2026-09-01T12:00:00Z" changeset="1" uid="1" user="generator"/>
  <node id="946" lat="49.1169533980" lon="31.3293062824" version="1" timestamp="2026-09-01T12:00:00Z" changeset="1" uid="1" user="generator"/>
  <node id="947" lat="49.1169533980" lon="31.3366005226" version="1" timestamp="2026-09-01T12:00:00Z" changeset="1" uid="1" user="generator"/>
  <node id="948" lat="49.1148680779" lon="31.3366005226" version="1" timestamp="2026-09-01T12:00:00Z" changeset="1" uid="1" user="generator"/>
  <node id="949" lat="49.1148680779" lon="31.3283165768" version="1" timestamp="2026-09-01T12:00:00Z" changeset="1" uid="1" user="generator"/>
  <node id="950" lat="49.1169533980" lon="31.3369304245" version="1" timestamp="2026-09-01T12:00:00Z" changeset="1" uid="1" user="generator"/>
  <node id="951" lat="49.1169533980" lon="31.3457847019" version="1" timestamp="2026-09-01T12:00:00Z" changeset="1" uid="1" user="generator"/>
  <node id="952" lat="49.1148680779" lon="31.3457847019" version="1" timestamp="2026-09-01T12:00:00Z" changeset="1" uid="1" user="generator"/>
  <node id="953" lat="49.1148680779" lon="31.3369304245" version="1" timestamp="2026-09-01T12:00:00Z" changeset="1" uid="1" user="generator"/>
  <node id="954" lat="49.1146160776" lon="31.2448514048" version="1" timestamp="2026-09-01T12:00:00Z" changeset="1" uid="1" user="generator"/>
  <node id="955" lat="49.1146160776" lon="31.2580474794" version="1" timestamp="2026-09-01T12:00:00Z" changeset="1" uid="1" user="generator"/>
  <node id="956" lat="49.1142200142" lon="31.2583223976" version="1" timestamp="2026-09-01T12:00:00Z" changeset="1" uid="1" user="generator"/>
  <node id="957" lat="49.1126360126" lon="31.2583223976" version="1" timestamp="2026-09-01T12:00:00Z" changeset="1" uid="1" user="generator"/>
  <node id="958" lat="49.1126360126" lon="31.2563979701" version="1" timestamp="2026-09-01T12:00:00Z" changeset="1" uid="1" user="generator"/>
  <node id="959" lat="49.1125288495" lon="31.2560680682" version="1" timestamp="2026-09-01T12:00:00Z" changeset="1" uid="1" user="generator"/>
  <node id="960" lat="49.1125288495" lon="31.2448514048" version="1" timestamp="2026-09-01T12:00:00Z" changeset="1" uid="1" user="generator"/>
  <node id="961" lat="49.1146160776" lon="31.2794911007" version="1" timestamp="2026-09-01T12:00:00Z" changeset="1" uid="1" user="generator"/>
  <node id="962" lat="49.1146160776" lon="31.2850994324" version="1" timestamp="2026-09-01T12:00:00Z" changeset="1" uid="1" user="generator"/>
  <node id="963" lat="49.1140400140" lon="31.2862540889" version="1" timestamp="2026-09-01T12:00:00Z" changeset="1" uid="1" user="generator"/>
  <node id="964" lat="49.1125288495" lon="31.2862540889" version="1" timestamp="2026-09-01T12:00:00Z" changeset="1" uid="1" user="generator"/>
  <node id="965" lat="49.1125288495" lon="31.2794911007" version="1" timestamp="2026-09-01T12:00:00Z" changeset="1" uid="1" user="generator"/>
  <node id="966" lat="49.1146160776" lon="31.2886733693" version="1" timestamp="2026-09-01T12:00:00Z" changeset="1" uid="1" user="generator"/>
  <node id="967" lat="49.1146160776" lon="31.2957112757" version="1" timestamp="2026-09-01T12:00:00Z" changeset="1" uid="1" user="generator"/>
  <node id="968" lat="49.1131040131" lon="31.2957112757" version="1" timestamp="2026-09-01T12:00:00Z" changeset="1" uid="1" user="generator"/>
  <node id="969" lat="49.1126720127" lon="31.2956013085" version="1" timestamp="2026-09-01T12:00:00Z" changeset="1" uid="1" user="generator"/>
  <node id="970" lat="49.1125288495" lon="31.2952714066" version="1" timestamp="2026-09-01T12:00:00Z" changeset="1" uid="1" user="generator"/>
  <node id="971" lat="49.1125288495" lon="31.2896630749" version="1" timestamp="2026-09-01T12:00:00Z" changeset="1" uid="1" user="generator"/>
  <node id="972" lat="49.1131400131" lon="31.2886733693" version="1" timestamp="2026-09-01T12:00:00Z" changeset="1" uid="1" user="generator"/>
  <node id="973" lat="49.1146160776" lon="31.3286464787" version="1" timestamp="2026-09-01T12:00:00Z" changeset="1" uid="1" user="generator"/>
  <node id="974" lat="49.1146160776" lon="31.3455264575" version="1" timestamp="2026-09-01T12:00:00Z" changeset="1" uid="1" user="generator"/>
  <node id="975" lat="49.1128520129" lon="31.3455264575" version="1" timestamp="2026-09-01T12:00:00Z" changeset="1" uid="1" user="generator"/>
  <node id="976" lat="49.1125288495" lon="31.3448116701" version="1" timestamp="2026-09-01T12:00:00Z" changeset="1" uid="1" user="generator"/>
  <node id="977" lat="49.1125288495" lon="31.3289763805" version="1" timestamp="2026-09-01T12:00:00Z" changeset="1" uid="1" user="generator"/>
  <node id="978" lat="49.1131400131" lon="31.3286464787" version="1" timestamp="2026-09-01T12:00:00Z" changeset="1" uid="1" user="generator"/>
  <node id="979" lat="49.1169533980" lon="31.3461146038" version="1" timestamp="2026-09-01T12:00:00Z" changeset="1" uid="1" user="generator"/>
  <node id="980" lat="49.1169533980" lon="31.3544863172" version="1" timestamp="2026-09-01T12:00:00Z" changeset="1" uid="1" user="generator"/>
  <node id="981" lat="49.1148680779" lon="31.3544863172" version="1" timestamp="2026-09-01T12:00:00Z" changeset="1" uid="1" user="generator"/>
  <node id="982" lat="49.1148680779" lon="31.3490837206" version="1" timestamp="2026-09-01T12:00:00Z" changeset="1" uid="1" user="generator"/>
  <node id="983" lat="49.1149400149" lon="31.3487538187" version="1" timestamp="2026-09-01T12:00:00Z" changeset="1" uid="1" user="generator"/>
  <node id="984" lat="49.1149400149" lon="31.3464445056" version="1" timestamp="2026-09-01T12:00:00Z" changeset="1" uid="1" user="generator"/>
  <node id="985" lat="49.1148680779" lon="31.3461146038" version="1" timestamp="2026-09-01T12:00:00Z" changeset="1" uid="1" user="generator"/>
  <node id="986" lat="49.1146160776" lon="31.3494852799" version="1" timestamp="2026-09-01T12:00:00Z" changeset="1" uid="1" user="generator"/>
  <node id="987" lat="49.1146160776" lon="31.3552035789" version="1" timestamp="2026-09-01T12:00:00Z" changeset="1" uid="1" user="generator"/>
  <node id="988" lat="49.1125288495" lon="31.3552035789" version="1" timestamp="2026-09-01T12:00:00Z" changeset="1" uid="1" user="generator"/>
  <node id="989" lat="49.1125288495" lon="31.3494852799" version="1" timestamp="2026-09-01T12:00:00Z" changeset="1" uid="1" user="generator"/>
  <node id="990" lat="49.1122768493" lon="31.2448514048" version="1" timestamp="2026-09-01T12:00:00Z" changeset="1" uid="1" user="generator"/>
  <node id="991" lat="49.1122768493" lon="31.2556831827" version="1" timestamp="2026-09-01T12:00:00Z" changeset="1" uid="1" user="generator"/>
  <node id="992" lat="49.1101896212" lon="31.2556831827" version="1" timestamp="2026-09-01T12:00:00Z" changeset="1" uid="1" user="generator"/>
  <node id="993" lat="49.1101896212" lon="31.2448514048" version="1" timestamp="2026-09-01T12:00:00Z" changeset="1" uid="1" user="generator"/>
  <node id="994" lat="49.1169200169" lon="31.2653053205" version="1" timestamp="2026-09-01T12:00:00Z" changeset="1" uid="1" user="generator"/>
  <node id="995" lat="49.1169200169" lon="31.2793261497" version="1" timestamp="2026-09-01T12:00:00Z" changeset="1" uid="1" user="generator"/>
  <node id="996" lat="49.1093600094" lon="31.2793261497" version="1" timestamp="2026-09-01T12:00:00Z" changeset="1" uid="1" user="generator"/>
  <node id="997" lat="49.1093600094" lon="31.2653053205" version="1" timestamp="2026-09-01T12:00:00Z" changeset="1" uid="1" user="generator"/>
  <node id="998" lat="49.1122768493" lon="31.2794911007" version="1" timestamp="2026-09-01T12:00:00Z" changeset="1" uid="1" user="generator"/>
  <node id="999" lat="49.1122768493" lon="31.2887283529" version="1" timestamp="2026-09-01T12:00:00Z" changeset="1" uid="1" user="generator"/>
  <node id="1000" lat="49.1121680122" lon="31.2890582548" version="1" timestamp="2026-09-01T12:00:00Z" changeset="1" uid="1" user="generator"/>
  <node id="1001" lat="49.1117000117" lon="31.2897730422" version="1" timestamp="2026-09-01T12:00:00Z" changeset="1" uid="1" user="generator"/>
  <node id="1002" lat="49.1101896212" lon="31.2897730422" version="1" timestamp="2026-09-01T12:00:00Z" changeset="1" uid="1" user="generator"/>
  <node id="1003" lat="49.1101896212" lon="31.2794911007" version="1" timestamp="2026-09-01T12:00:00Z" changeset="1" uid="1" user="generator"/>
  <node id="1004" lat="49.1122768493" lon="31.2919723879" version="1" timestamp="2026-09-01T12:00:00Z" changeset="1" uid="1" user="generator"/>
  <node id="1005" lat="49.1122768493" lon="31.2952714066" version="1" timestamp="2026-09-01T12:00:00Z" changeset="1" uid="1" user="generator"/>
  <node id="1006" lat="49.1111960112" lon="31.2954913412" version="1" timestamp="2026-09-01T12:00:00Z" changeset="1" uid="1" user="generator"/>
  <node id="1007" lat="49.1101896212" lon="31.2954913412" version="1" timestamp="2026-09-01T12:00:00Z" changeset="1" uid="1" user="generator"/>
  <node id="1008" lat="49.1101896212" lon="31.2929620935" version="1" timestamp="2026-09-01T12:00:00Z" changeset="1" uid="1" user="generator"/>
  <node id="1009" lat="49.1102960103" lon="31.2926321917" version="1" timestamp="2026-09-01T12:00:00Z" changeset="1" uid="1" user="generator"/>
  <node id="1010" lat="49.1107640108" lon="31.2919723879" version="1" timestamp="2026-09-01T12:00:00Z" changeset="1" uid="1" user="generator"/>
  <node id="1011" lat="49.1117360117" lon="31.3052234462" version="1" timestamp="2026-09-01T12:00:00Z" changeset="1" uid="1" user="generator"/>
  <node id="1012" lat="49.1122760123" lon="31.3058832499" version="1" timestamp="2026-09-01T12:00:00Z" changeset="1" uid="1" user="generator"/>
  <node id="1013" lat="49.1122768493" lon="31.3170999134" version="1" timestamp="2026-09-01T12:00:00Z" changeset="1" uid="1" user="generator"/>
  <node id="1014" lat="49.1108000108" lon="31.3170999134" version="1" timestamp="2026-09-01T12:00:00Z" changeset="1" uid="1" user="generator"/>
  <node id="1015" lat="49.1102240102" lon="31.3161102078" version="1" timestamp="2026-09-01T12:00:00Z" changeset="1" uid="1" user="generator"/>
  <node id="1016" lat="49.1101896212" lon="31.3157803059" version="1" timestamp="2026-09-01T12:00:00Z" changeset="1" uid="1" user="generator"/>
  <node id="1017" lat="49.1101896212" lon="31.3052234462" version="1" timestamp="2026-09-01T12:00:00Z" changeset="1" uid="1" user="generator"/>
  <node id="1018" lat="49.1117000117" lon="31.3200140465" version="1" timestamp="2026-09-01T12:00:00Z" changeset="1" uid="1" user="generator"/>
  <node id="1019" lat="49.1122400122" lon="31.3210037521" version="1" timestamp="2026-09-01T12:00:00Z" changeset="1" uid="1" user="generator"/>
  <node id="1020" lat="49.1122768493" lon="31.3226532614" version="1" timestamp="2026-09-01T12:00:00Z" changeset="1" uid="1" user="generator"/>
  <node id="1021" lat="49.1118440118" lon="31.3229831633" version="1" timestamp="2026-09-01T12:00:00Z" changeset="1" uid="1" user="generator"/>
  <node id="1022" lat="49.1117000117" lon="31.3233680488" version="1" timestamp="2026-09-01T12:00:00Z" changeset="1" uid="1" user="generator"/>
  <node id="1023" lat="49.1101896212" lon="31.3233680488" version="1" timestamp="2026-09-01T12:00:00Z" changeset="1" uid="1" user="generator"/>
  <node id="1024" lat="49.1101896212" lon="31.3200140465" version="1" timestamp="2026-09-01T12:00:00Z" changeset="1" uid="1" user="generator"/>
  <node id="1025" lat="49.1117000117" lon="31.3286464787" version="1" timestamp="2026-09-01T12:00:00Z" changeset="1" uid="1" user="generator"/>
  <node id="1026" lat="49.1122768493" lon="31.3289763805" version="1" timestamp="2026-09-01T12:00:00Z" changeset="1" uid="1" user="generator"/>
  <node id="1027" lat="49.1122768493" lon="31.3408360502" version="1" timestamp="2026-09-01T12:00:00Z" changeset="1" uid="1" user="generator"/>
  <node id="1028" lat="49.1101896212" lon="31.3408360502" version="1" timestamp="2026-09-01T12:00:00Z" changeset="1" uid="1" user="generator"/>
  <node id="1029" lat="49.1101896212" lon="31.3286464787" version="1" timestamp="2026-09-01T12:00:00Z" changeset="1" uid="1" user="generator"/>
  <node id="1030" lat="49.1122768493" lon="31.3411659521" version="1" timestamp="2026-09-01T12:00:00Z" changeset="1" uid="1" user="generator"/>
  <node id="1031" lat="49.1122768493" lon="31.3431453633" version="1" timestamp="2026-09-01T12:00:00Z" changeset="1" uid="1" user="generator"/>
  <node id="1032" lat="49.1110880111" lon="31.3434752651" version="1" timestamp="2026-09-01T12:00:00Z" changeset="1" uid="1" user="generator"/>
  <node id="1033" lat="49.1122400122" lon="31.3454546763" version="1" timestamp="2026-09-01T12:00:00Z" changeset="1" uid="1" user="generator"/>
  <node id="1034" lat="49.1122768493" lon="31.3539033669" version="1" timestamp="2026-09-01T12:00:00Z" changeset="1" uid="1" user="generator"/>
  <node id="1035" lat="49.1101896212" lon="31.3539033669" version="1" timestamp="2026-09-01T12:00:00Z" changeset="1" uid="1" user="generator"/>
  <node id="1036" lat="49.1101896212" lon="31.3434752651" version="1" timestamp="2026-09-01T12:00:00Z" changeset="1" uid="1" user="generator"/>
  <node id="1037" lat="49.1114840115" lon="31.3431453633" version="1" timestamp="2026-09-01T12:00:00Z" changeset="1" uid="1" user="generator"/>
  <node id="1038" lat="49.1103680104" lon="31.3411659521" version="1" timestamp="2026-09-01T12:00:00Z" changeset="1" uid="1" user="generator"/>
  <node id="1039" lat="49.1099376209" lon="31.2448514048" version="1" timestamp="2026-09-01T12:00:00Z" changeset="1" uid="1" user="generator"/>
  <node id="1040" lat="49.1099376209" lon="31.2508361133" version="1" timestamp="2026-09-01T12:00:00Z" changeset="1" uid="1" user="generator"/>
  <node id="1041" lat="49.1056385056" lon="31.2508361133" version="1" timestamp="2026-09-01T12:00:00Z" changeset="1" uid="1" user="generator"/>
  <node id="1042" lat="49.1061920062" lon="31.2504597365" version="1" timestamp="2026-09-01T12:00:00Z" changeset="1" uid="1" user="generator"/>
  <node id="1043" lat="49.1068400068" lon="31.2488102272" version="1" timestamp="2026-09-01T12:00:00Z" changeset="1" uid="1" user="generator"/>
  <node id="1044" lat="49.1068400068" lon="31.2465009141" version="1" timestamp="2026-09-01T12:00:00Z" changeset="1" uid="1" user="generator"/>
  <node id="1045" lat="49.1060120060" lon="31.2451813066" version="1" timestamp="2026-09-01T12:00:00Z" changeset="1" uid="1" user="generator"/>
  <node id="1046" lat="49.1056385056" lon="31.2448514048" version="1" timestamp="2026-09-01T12:00:00Z" changeset="1" uid="1" user="generator"/>
  <node id="1047" lat="49.1099376209" lon="31.2511660152" version="1" timestamp="2026-09-01T12:00:00Z" changeset="1" uid="1" user="generator"/>
  <node id="1048" lat="49.1099376209" lon="31.2569019777" version="1" timestamp="2026-09-01T12:00:00Z" changeset="1" uid="1" user="generator"/>
  <node id="1049" lat="49.1056385056" lon="31.2569019777" version="1" timestamp="2026-09-01T12:00:00Z" changeset="1" uid="1" user="generator"/>
  <node id="1050" lat="49.1056385056" lon="31.2511660152" version="1" timestamp="2026-09-01T12:00:00Z" changeset="1" uid="1" user="generator"/>
  <node id="1051" lat="49.1099376209" lon="31.2572318795" version="1" timestamp="2026-09-01T12:00:00Z" changeset="1" uid="1" user="generator"/>
  <node id="1052" lat="49.1099376209" lon="31.2630736031" version="1" timestamp="2026-09-01T12:00:00Z" changeset="1" uid="1" user="generator"/>
  <node id="1053" lat="49.1056385056" lon="31.2630736031" version="1" timestamp="2026-09-01T12:00:00Z" changeset="1" uid="1" user="generator"/>
  <node id="1054" lat="49.1056385056" lon="31.2572318795" version="1" timestamp="2026-09-01T12:00:00Z" changeset="1" uid="1" user="generator"/>
  <node id="1055" lat="49.1099376209" lon="31.2634035049" version="1" timestamp="2026-09-01T12:00:00Z" changeset="1" uid="1" user="generator"/>
  <node id="1056" lat="49.1099376209" lon="31.2650530143" version="1" timestamp="2026-09-01T12:00:00Z" changeset="1" uid="1" user="generator"/>
  <node id="1057" lat="49.1092520093" lon="31.2653829161" version="1" timestamp="2026-09-01T12:00:00Z" changeset="1" uid="1" user="generator"/>
  <node id="1058" lat="49.1092520093" lon="31.2680545027" version="1" timestamp="2026-09-01T12:00:00Z" changeset="1" uid="1" user="generator"/>
  <node id="1059" lat="49.1074520075" lon="31.2680545027" version="1" timestamp="2026-09-01T12:00:00Z" changeset="1" uid="1" user="generator"/>
  <node id="1060" lat="49.1056385056" lon="31.2676922292" version="1" timestamp="2026-09-01T12:00:00Z" changeset="1" uid="1" user="generator"/>
  <node id="1061" lat="49.1056385056" lon="31.2634035049" version="1" timestamp="2026-09-01T12:00:00Z" changeset="1" uid="1" user="generator"/>
  <node id="1062" lat="49.1092520093" lon="31.2712985377" version="1" timestamp="2026-09-01T12:00:00Z" changeset="1" uid="1" user="generator"/>
  <node id="1063" lat="49.1092520093" lon="31.2785949085" version="1" timestamp="2026-09-01T12:00:00Z" changeset="1" uid="1" user="generator"/>
  <node id="1064" lat="49.1056385056" lon="31.2785949085" version="1" timestamp="2026-09-01T12:00:00Z" changeset="1" uid="1" user="generator"/>
  <node id="1065" lat="49.1056385056" lon="31.2712985377" version="1" timestamp="2026-09-01T12:00:00Z" changeset="1" uid="1" user="generator"/>
  <node id="1066" lat="49.1092520093" lon="31.2789248104" version="1" timestamp="2026-09-01T12:00:00Z" changeset="1" uid="1" user="generator"/>
  <node id="1067" lat="49.1092520093" lon="31.2792547122" version="1" timestamp="2026-09-01T12:00:00Z" changeset="1" uid="1" user="generator"/>
  <node id="1068" lat="49.1099376209" lon="31.2795846141" version="1" timestamp="2026-09-01T12:00:00Z" changeset="1" uid="1" user="generator"/>
  <node id="1069" lat="49.1099376209" lon="31.2858628253" version="1" timestamp="2026-09-01T12:00:00Z" changeset="1" uid="1" user="generator"/>
  <node id="1070" lat="49.1065880066" lon="31.2858628253" version="1" timestamp="2026-09-01T12:00:00Z" changeset="1" uid="1" user="generator"/>
  <node id="1071" lat="49.1061560062" lon="31.2851929458" version="1" timestamp="2026-09-01T12:00:00Z" changeset="1" uid="1" user="generator"/>
  <node id="1072" lat="49.1056385056" lon="31.2848630440" version="1" timestamp="2026-09-01T12:00:00Z" changeset="1" uid="1" user="generator"/>
  <node id="1073" lat="49.1056385056" lon="31.2789248104" version="1" timestamp="2026-09-01T12:00:00Z" changeset="1" uid="1" user="generator"/>
  <node id="1074" lat="49.1089280089" lon="31.3035189532" version="1" timestamp="2026-09-01T12:00:00Z" changeset="1" uid="1" user="generator"/>
  <node id="1075" lat="49.1098640099" lon="31.3038488551" version="1" timestamp="2026-09-01T12:00:00Z" changeset="1" uid="1" user="generator"/>
  <node id="1076" lat="49.1099376209" lon="31.3041787570" version="1" timestamp="2026-09-01T12:00:00Z" changeset="1" uid="1" user="generator"/>
  <node id="1077" lat="49.1099376209" lon="31.3078035400" version="1" timestamp="2026-09-01T12:00:00Z" changeset="1" uid="1" user="generator"/>
  <node id="1078" lat="49.1056385056" lon="31.3078035400" version="1" timestamp="2026-09-01T12:00:00Z" changeset="1" uid="1" user="generator"/>
  <node id="1079" lat="49.1056385056" lon="31.3035189532" version="1" timestamp="2026-09-01T12:00:00Z" changeset="1" uid="1" user="generator"/>
  <node id="1080" lat="49.1099376209" lon="31.3081334418" version="1" timestamp="2026-09-01T12:00:00Z" changeset="1" uid="1" user="generator"/>
  <node id="1081" lat="49.1099376209" lon="31.3125762165" version="1" timestamp="2026-09-01T12:00:00Z" changeset="1" uid="1" user="generator"/>
  <node id="1082" lat="49.1080640081" lon="31.3125762165" version="1" timestamp="2026-09-01T12:00:00Z" changeset="1" uid="1" user="generator"/>
  <node id="1083" lat="49.1060120060" lon="31.3091231474" version="1" timestamp="2026-09-01T12:00:00Z" changeset="1" uid="1" user="generator"/>
  <node id="1084" lat="49.1056520057" lon="31.3084633437" version="1" timestamp="2026-09-01T12:00:00Z" changeset="1" uid="1" user="generator"/>
  <node id="1085" lat="49.1056385056" lon="31.3081334418" version="1" timestamp="2026-09-01T12:00:00Z" changeset="1" uid="1" user="generator"/>
  <node id="1086" lat="49.1099376209" lon="31.3312307100" version="1" timestamp="2026-09-01T12:00:00Z" changeset="1" uid="1" user="generator"/>
  <node id="1087" lat="49.1099376209" lon="31.3351091050" version="1" timestamp="2026-09-01T12:00:00Z" changeset="1" uid="1" user="generator"/>
  <node id="1088" lat="49.1056385056" lon="31.3351091050" version="1" timestamp="2026-09-01T12:00:00Z" changeset="1" uid="1" user="generator"/>
  <node id="1089" lat="49.1056385056" lon="31.3312307100" version="1" timestamp="2026-09-01T12:00:00Z" changeset="1" uid="1" user="generator"/>
  <node id="1090" lat="49.1099376209" lon="31.3354390069" version="1" timestamp="2026-09-01T12:00:00Z" changeset="1" uid="1" user="generator"/>
  <node id="1091" lat="49.1099376209" lon="31.3394687444" version="1" timestamp="2026-09-01T12:00:00Z" changeset="1" uid="1" user="generator"/>
  <node id="1092" lat="49.1056385056" lon="31.3394687444" version="1" timestamp="2026-09-01T12:00:00Z" changeset="1" uid="1" user="generator"/>
  <node id="1093" lat="49.1056385056" lon="31.3354390069" version="1" timestamp="2026-09-01T12:00:00Z" changeset="1" uid="1" user="generator"/>
  <node id="1094" lat="49.1099376209" lon="31.3478907542" version="1" timestamp="2026-09-01T12:00:00Z" changeset="1" uid="1" user="generator"/>
  <node id="1095" lat="49.1099376209" lon="31.3552035789" version="1" timestamp="2026-09-01T12:00:00Z" changeset="1" uid="1" user="generator"/>
  <node id="1096" lat="49.1056385056" lon="31.3552035789" version="1" timestamp="2026-09-01T12:00:00Z" changeset="1" uid="1" user="generator"/>
  <node id="1097" lat="49.1056385056" lon="31.3478907542" version="1" timestamp="2026-09-01T12:00:00Z" changeset="1" uid="1" user="generator"/>
  <node id="1098" lat="49.1048240048" lon="31.2504597365" version="1" timestamp="2026-09-01T12:00:00Z" changeset="1" uid="1" user="generator"/>
  <node id="1099" lat="49.1053865054" lon="31.2507896384" version="1" timestamp="2026-09-01T12:00:00Z" changeset="1" uid="1" user="generator"/>
  <node id="1100" lat="49.1053865054" lon="31.2745425727" version="1" timestamp="2026-09-01T12:00:00Z" changeset="1" uid="1" user="generator"/>
  <node id="1101" lat="49.1033142533" lon="31.2745425727" version="1" timestamp="2026-09-01T12:00:00Z" changeset="1" uid="1" user="generator"/>
  <node id="1102" lat="49.1033142533" lon="31.2504597365" version="1" timestamp="2026-09-01T12:00:00Z" changeset="1" uid="1" user="generator"/>
  <node id="1103" lat="49.1047880048" lon="31.3084124976" version="1" timestamp="2026-09-01T12:00:00Z" changeset="1" uid="1" user="generator"/>
  <node id="1104" lat="49.1053640054" lon="31.3094022032" version="1" timestamp="2026-09-01T12:00:00Z" changeset="1" uid="1" user="generator"/>
  <node id="1105" lat="49.1053865054" lon="31.3127562055" version="1" timestamp="2026-09-01T12:00:00Z" changeset="1" uid="1" user="generator"/>
  <node id="1106" lat="49.1033142533" lon="31.3127562055" version="1" timestamp="2026-09-01T12:00:00Z" changeset="1" uid="1" user="generator"/>
  <node id="1107" lat="49.1033142533" lon="31.3084124976" version="1" timestamp="2026-09-01T12:00:00Z" changeset="1" uid="1" user="generator"/>
  <node id="1108" lat="49.1053865054" lon="31.3312307100" version="1" timestamp="2026-09-01T12:00:00Z" changeset="1" uid="1" user="generator"/>
  <node id="1109" lat="49.1053865054" lon="31.3405229458" version="1" timestamp="2026-09-01T12:00:00Z" changeset="1" uid="1" user="generator"/>
  <node id="1110" lat="49.1033142533" lon="31.3405229458" version="1" timestamp="2026-09-01T12:00:00Z" changeset="1" uid="1" user="generator"/>
  <node id="1111" lat="49.1033142533" lon="31.3312307100" version="1" timestamp="2026-09-01T12:00:00Z" changeset="1" uid="1" user="generator"/>
  <node id="1112" lat="49.1053865054" lon="31.3411827496" version="1" timestamp="2026-09-01T12:00:00Z" changeset="1" uid="1" user="generator"/>
  <node id="1113" lat="49.1053865054" lon="31.3552035789" version="1" timestamp="2026-09-01T12:00:00Z" changeset="1" uid="1" user="generator"/>
  <node id="1114" lat="49.1033142533" lon="31.3552035789" version="1" timestamp="2026-09-01T12:00:00Z" changeset="1" uid="1" user="generator"/>
  <node id="1115" lat="49.1033142533" lon="31.3411827496" version="1" timestamp="2026-09-01T12:00:00Z" changeset="1" uid="1" user="generator"/>
  <node id="1116" lat="49.1053865054" lon="31.2792711661" version="1" timestamp="2026-09-01T12:00:00Z" changeset="1" uid="1" user="generator"/>
  <node id="1117" lat="49.1053865054" lon="31.2844946123" version="1" timestamp="2026-09-01T12:00:00Z" changeset="1" uid="1" user="generator"/>
  <node id="1118" lat="49.1046080046" lon="31.2844946123" version="1" timestamp="2026-09-01T12:00:00Z" changeset="1" uid="1" user="generator"/>
  <node id="1119" lat="49.1034560035" lon="31.2842196941" version="1" timestamp="2026-09-01T12:00:00Z" changeset="1" uid="1" user="generator"/>
  <node id="1120" lat="49.1033142533" lon="31.2838897922" version="1" timestamp="2026-09-01T12:00:00Z" changeset="1" uid="1" user="generator"/>
  <node id="1121" lat="49.1033142533" lon="31.2805907736" version="1" timestamp="2026-09-01T12:00:00Z" changeset="1" uid="1" user="generator"/>
  <node id="1122" lat="49.1037440037" lon="31.2792711661" version="1" timestamp="2026-09-01T12:00:00Z" changeset="1" uid="1" user="generator"/>
  <node id="1123" lat="49.1028800029" lon="31.2934019627" version="1" timestamp="2026-09-01T12:00:00Z" changeset="1" uid="1" user="generator"/>
  <node id="1124" lat="49.1030622531" lon="31.2940617664" version="1" timestamp="2026-09-01T12:00:00Z" changeset="1" uid="1" user="generator"/>
  <node id="1125" lat="49.1030622531" lon="31.2960411776" version="1" timestamp="2026-09-01T12:00:00Z" changeset="1" uid="1" user="generator"/>
  <node id="1126" lat="49.1018360018" lon="31.2963710795" version="1" timestamp="2026-09-01T12:00:00Z" changeset="1" uid="1" user="generator"/>
  <node id="1127" lat="49.1028800029" lon="31.2980205888" version="1" timestamp="2026-09-01T12:00:00Z" changeset="1" uid="1" user="generator"/>
  <node id="1128" lat="49.1023760024" lon="31.2982405234" version="1" timestamp="2026-09-01T12:00:00Z" changeset="1" uid="1" user="generator"/>
  <node id="1129" lat="49.1009900010" lon="31.2982405234" version="1" timestamp="2026-09-01T12:00:00Z" changeset="1" uid="1" user="generator"/>
  <node id="1130" lat="49.1009900010" lon="31.2963710795" version="1" timestamp="2026-09-01T12:00:00Z" changeset="1" uid="1" user="generator"/>
  <node id="1131" lat="49.1021960022" lon="31.2960411776" version="1" timestamp="2026-09-01T12:00:00Z" changeset="1" uid="1" user="generator"/>
  <node id="1132" lat="49.1009900010" lon="31.2940617664" version="1" timestamp="2026-09-01T12:00:00Z" changeset="1" uid="1" user="generator"/>
  <node id="1133" lat="49.1013680014" lon="31.2934019627" version="1" timestamp="2026-09-01T12:00:00Z" changeset="1" uid="1" user="generator"/>
  <node id="1134" lat="49.1020160020" lon="31.3101169905" version="1" timestamp="2026-09-01T12:00:00Z" changeset="1" uid="1" user="generator"/>
  <node id="1135" lat="49.1030622531" lon="31.3104468924" version="1" timestamp="2026-09-01T12:00:00Z" changeset="1" uid="1" user="generator"/>
  <node id="1136" lat="49.1030622531" lon="31.3127562055" version="1" timestamp="2026-09-01T12:00:00Z" changeset="1" uid="1" user="generator"/>
  <node id="1137" lat="49.1009900010" lon="31.3127562055" version="1" timestamp="2026-09-01T12:00:00Z" changeset="1" uid="1" user="generator"/>
  <node id="1138" lat="49.1009900010" lon="31.3101169905" version="1" timestamp="2026-09-01T12:00:00Z" changeset="1" uid="1" user="generator"/>
  <node id="1139" lat="49.1068400068" lon="31.3129211564" version="1" timestamp="2026-09-01T12:00:00Z" changeset="1" uid="1" user="generator"/>
  <node id="1140" lat="49.1068400068" lon="31.3310657590" version="1" timestamp="2026-09-01T12:00:00Z" changeset="1" uid="1" user="generator"/>
  <node id="1141" lat="49.1007200007" lon="31.3310657590" version="1" timestamp="2026-09-01T12:00:00Z" changeset="1" uid="1" user="generator"/>
  <node id="1142" lat="49.1007200007" lon="31.3129211564" version="1" timestamp="2026-09-01T12:00:00Z" changeset="1" uid="1" user="generator"/>
  <node id="1143" lat="49.1030622531" lon="31.3312307100" version="1" timestamp="2026-09-01T12:00:00Z" changeset="1" uid="1" user="generator"/>
  <node id="1144" lat="49.1030622531" lon="31.3405229458" version="1" timestamp="2026-09-01T12:00:00Z" changeset="1" uid="1" user="generator"/>
  <node id="1145" lat="49.1009900010" lon="31.3405229458" version="1" timestamp="2026-09-01T12:00:00Z" changeset="1" uid="1" user="generator"/>
  <node id="1146" lat="49.1009900010" lon="31.3312307100" version="1" timestamp="2026-09-01T12:00:00Z" changeset="1" uid="1" user="generator"/>
  <node id="1147" lat="49.1030622531" lon="31.3411827496" version="1" timestamp="2026-09-01T12:00:00Z" changeset="1" uid="1" user="generator"/>
  <node id="1148" lat="49.1030622531" lon="31.3552035789" version="1" timestamp="2026-09-01T12:00:00Z" changeset="1" uid="1" user="generator"/>
  <node id="1149" lat="49.1009900010" lon="31.3552035789" version="1" timestamp="2026-09-01T12:00:00Z" changeset="1" uid="1" user="generator"/>
  <node id="1150" lat="49.1009900010" lon="31.3411827496" version="1" timestamp="2026-09-01T12:00:00Z" changeset="1" uid="1" user="generator"/>
  <node id="1151" lat="49.1030622531" lon="31.2448514048" version="1" timestamp="2026-09-01T12:00:00Z" changeset="1" uid="1" user="generator"/>
  <node id="1152" lat="49.1030622531" lon="31.2580474794" version="1" timestamp="2026-09-01T12:00:00Z" changeset="1" uid="1" user="generator"/>
  <node id="1153" lat="49.1015480015" lon="31.2580474794" version="1" timestamp="2026-09-01T12:00:00Z" changeset="1" uid="1" user="generator"/>
  <node id="1154" lat="49.1011160011" lon="31.2577175775" version="1" timestamp="2026-09-01T12:00:00Z" changeset="1" uid="1" user="generator"/>
  <node id="1155" lat="49.1009900010" lon="31.2573876757" version="1" timestamp="2026-09-01T12:00:00Z" changeset="1" uid="1" user="generator"/>
  <node id="1156" lat="49.1009900010" lon="31.2448514048" version="1" timestamp="2026-09-01T12:00:00Z" changeset="1" uid="1" user="generator"/>
  <node id="1157" lat="49.1030622531" lon="31.2632709256" version="1" timestamp="2026-09-01T12:00:00Z" changeset="1" uid="1" user="generator"/>
  <node id="1158" lat="49.1030600031" lon="31.2751473928" version="1" timestamp="2026-09-01T12:00:00Z" changeset="1" uid="1" user="generator"/>
  <node id="1159" lat="49.1029880030" lon="31.2753123437" version="1" timestamp="2026-09-01T12:00:00Z" changeset="1" uid="1" user="generator"/>
  <node id="1160" lat="49.1015120015" lon="31.2753123437" version="1" timestamp="2026-09-01T12:00:00Z" changeset="1" uid="1" user="generator"/>
  <node id="1161" lat="49.1009900010" lon="31.2741576872" version="1" timestamp="2026-09-01T12:00:00Z" changeset="1" uid="1" user="generator"/>
  <node id="1162" lat="49.1015120015" lon="31.2731679816" version="1" timestamp="2026-09-01T12:00:00Z" changeset="1" uid="1" user="generator"/>
  <node id="1163" lat="49.1015120015" lon="31.2725081779" version="1" timestamp="2026-09-01T12:00:00Z" changeset="1" uid="1" user="generator"/>
  <node id="1164" lat="49.1009900010" lon="31.2715184723" version="1" timestamp="2026-09-01T12:00:00Z" changeset="1" uid="1" user="generator"/>
  <node id="1165" lat="49.1009900010" lon="31.2636008275" version="1" timestamp="2026-09-01T12:00:00Z" changeset="1" uid="1" user="generator"/>
  <node id="1166" lat="49.1014400014" lon="31.2632709256" version="1" timestamp="2026-09-01T12:00:00Z" changeset="1" uid="1" user="generator"/>
  <node id="1167" lat="49.1007380007" lon="31.2448514048" version="1" timestamp="2026-09-01T12:00:00Z" changeset="1" uid="1" user="generator"/>
  <node id="1168" lat="49.1007380007" lon="31.2511610529" version="1" timestamp="2026-09-01T12:00:00Z" changeset="1" uid="1" user="generator"/>
  <node id="1169" lat="49.0965275985" lon="31.2511610529" version="1" timestamp="2026-09-01T12:00:00Z" changeset="1" uid="1" user="generator"/>
  <node id="1170" lat="49.0965275985" lon="31.2448514048" version="1" timestamp="2026-09-01T12:00:00Z" changeset="1" uid="1" user="generator"/>
  <node id="1171" lat="49.1007380007" lon="31.2514909547" version="1" timestamp="2026-09-01T12:00:00Z" changeset="1" uid="1" user="generator"/>
  <node id="1172" lat="49.1007380007" lon="31.2570992865" version="1" timestamp="2026-09-01T12:00:00Z" changeset="1" uid="1" user="generator"/>
  <node id="1173" lat="49.1003240003" lon="31.2574976430" version="1" timestamp="2026-09-01T12:00:00Z" changeset="1" uid="1" user="generator"/>
  <node id="1174" lat="49.0972279972" lon="31.2574976430" version="1" timestamp="2026-09-01T12:00:00Z" changeset="1" uid="1" user="generator"/>
  <node id="1175" lat="49.0969759970" lon="31.2570992865" version="1" timestamp="2026-09-01T12:00:00Z" changeset="1" uid="1" user="generator"/>
  <node id="1176" lat="49.0965275985" lon="31.2567693846" version="1" timestamp="2026-09-01T12:00:00Z" changeset="1" uid="1" user="generator"/>
  <node id="1177" lat="49.0966159966" lon="31.2561095809" version="1" timestamp="2026-09-01T12:00:00Z" changeset="1" uid="1" user="generator"/>
  <node id="1178" lat="49.0971919972" lon="31.2554497771" version="1" timestamp="2026-09-01T12:00:00Z" changeset="1" uid="1" user="generator"/>
  <node id="1179" lat="49.0973359973" lon="31.2551198753" version="1" timestamp="2026-09-01T12:00:00Z" changeset="1" uid="1" user="generator"/>
  <node id="1180" lat="49.0973359973" lon="31.2538002678" version="1" timestamp="2026-09-01T12:00:00Z" changeset="1" uid="1" user="generator"/>
  <node id="1181" lat="49.0965275985" lon="31.2531404641" version="1" timestamp="2026-09-01T12:00:00Z" changeset="1" uid="1" user="generator"/>
  <node id="1182" lat="49.0965275985" lon="31.2514909547" version="1" timestamp="2026-09-01T12:00:00Z" changeset="1" uid="1" user="generator"/>
  <node id="1183" lat="49.0995679996" lon="31.2626111219" version="1" timestamp="2026-09-01T12:00:00Z" changeset="1" uid="1" user="generator"/>
  <node id="1184" lat="49.0998199998" lon="31.2629410238" version="1" timestamp="2026-09-01T12:00:00Z" changeset="1" uid="1" user="generator"/>
  <node id="1185" lat="49.1006120006" lon="31.2632709256" version="1" timestamp="2026-09-01T12:00:00Z" changeset="1" uid="1" user="generator"/>
  <node id="1186" lat="49.1007380007" lon="31.2636008275" version="1" timestamp="2026-09-01T12:00:00Z" changeset="1" uid="1" user="generator"/>
  <node id="1187" lat="49.1007380007" lon="31.2650853859" version="1" timestamp="2026-09-01T12:00:00Z" changeset="1" uid="1" user="generator"/>
  <node id="1188" lat="49.0976959977" lon="31.2650853859" version="1" timestamp="2026-09-01T12:00:00Z" changeset="1" uid="1" user="generator"/>
  <node id="1189" lat="49.0976239976" lon="31.2649204349" version="1" timestamp="2026-09-01T12:00:00Z" changeset="1" uid="1" user="generator"/>
  <node id="1190" lat="49.0965275985" lon="31.2645905331" version="1" timestamp="2026-09-01T12:00:00Z" changeset="1" uid="1" user="generator"/>
  <node id="1191" lat="49.0965275985" lon="31.2626111219" version="1" timestamp="2026-09-01T12:00:00Z" changeset="1" uid="1" user="generator"/>
  <node id="1192" lat="49.0995679996" lon="31.2945016356" version="1" timestamp="2026-09-01T12:00:00Z" changeset="1" uid="1" user="generator"/>
  <node id="1193" lat="49.1007380007" lon="31.2948315374" version="1" timestamp="2026-09-01T12:00:00Z" changeset="1" uid="1" user="generator"/>
  <node id="1194" lat="49.1007380007" lon="31.2964133069" version="1" timestamp="2026-09-01T12:00:00Z" changeset="1" uid="1" user="generator"/>
  <node id="1195" lat="49.0982359982" lon="31.2964133069" version="1" timestamp="2026-09-01T12:00:00Z" changeset="1" uid="1" user="generator"/>
  <node id="1196" lat="49.0970479970" lon="31.2945016356" version="1" timestamp="2026-09-01T12:00:00Z" changeset="1" uid="1" user="generator"/>
  <node id="1197" lat="49.0996759997" lon="31.3001345037" version="1" timestamp="2026-09-01T12:00:00Z" changeset="1" uid="1" user="generator"/>
  <node id="1198" lat="49.1001440001" lon="31.3007943075" version="1" timestamp="2026-09-01T12:00:00Z" changeset="1" uid="1" user="generator"/>
  <node id="1199" lat="49.1001800002" lon="31.3011242093" version="1" timestamp="2026-09-01T12:00:00Z" changeset="1" uid="1" user="generator"/>
  <node id="1200" lat="49.0995679996" lon="31.3019794112" version="1" timestamp="2026-09-01T12:00:00Z" changeset="1" uid="1" user="generator"/>
  <node id="1201" lat="49.0965275985" lon="31.3019794112" version="1" timestamp="2026-09-01T12:00:00Z" changeset="1" uid="1" user="generator"/>
  <node id="1202" lat="49.0965275985" lon="31.3001345037" version="1" timestamp="2026-09-01T12:00:00Z" changeset="1" uid="1" user="generator"/>
  <node id="1203" lat="49.1003960004" lon="31.3070379065" version="1" timestamp="2026-09-01T12:00:00Z" changeset="1" uid="1" user="generator"/>
  <node id="1204" lat="49.1007380007" lon="31.3073678083" version="1" timestamp="2026-09-01T12:00:00Z" changeset="1" uid="1" user="generator"/>
  <node id="1205" lat="49.1007380007" lon="31.3126462382" version="1" timestamp="2026-09-01T12:00:00Z" changeset="1" uid="1" user="generator"/>
  <node id="1206" lat="49.1006120006" lon="31.3129761401" version="1" timestamp="2026-09-01T12:00:00Z" changeset="1" uid="1" user="generator"/>
  <node id="1207" lat="49.1006120006" lon="31.3150606112" version="1" timestamp="2026-09-01T12:00:00Z" changeset="1" uid="1" user="generator"/>
  <node id="1208" lat="49.0965275985" lon="31.3150606112" version="1" timestamp="2026-09-01T12:00:00Z" changeset="1" uid="1" user="generator"/>
  <node id="1209" lat="49.0965439965" lon="31.3096771214" version="1" timestamp="2026-09-01T12:00:00Z" changeset="1" uid="1" user="generator"/>
  <node id="1210" lat="49.0987759988" lon="31.3070379065" version="1" timestamp="2026-09-01T12:00:00Z" changeset="1" uid="1" user="generator"/>
  <node id="1211" lat="49.1006120006" lon="31.3153905131" version="1" timestamp="2026-09-01T12:00:00Z" changeset="1" uid="1" user="generator"/>
  <node id="1212" lat="49.1006120006" lon="31.3231679771" version="1" timestamp="2026-09-01T12:00:00Z" changeset="1" uid="1" user="generator"/>
  <node id="1213" lat="49.0980199980" lon="31.3231679771" version="1" timestamp="2026-09-01T12:00:00Z" changeset="1" uid="1" user="generator"/>
  <node id="1214" lat="49.0965275985" lon="31.3206689430" version="1" timestamp="2026-09-01T12:00:00Z" changeset="1" uid="1" user="generator"/>
  <node id="1215" lat="49.0965275985" lon="31.3153905131" version="1" timestamp="2026-09-01T12:00:00Z" changeset="1" uid="1" user="generator"/>
  <node id="1216" lat="49.1006120006" lon="31.3280966422" version="1" timestamp="2026-09-01T12:00:00Z" changeset="1" uid="1" user="generator"/>
  <node id="1217" lat="49.1006120006" lon="31.3310657590" version="1" timestamp="2026-09-01T12:00:00Z" changeset="1" uid="1" user="generator"/>
  <node id="1218" lat="49.1007380007" lon="31.3313956609" version="1" timestamp="2026-09-01T12:00:00Z" changeset="1" uid="1" user="generator"/>
  <node id="1219" lat="49.1007380007" lon="31.3343370384" version="1" timestamp="2026-09-01T12:00:00Z" changeset="1" uid="1" user="generator"/>
  <node id="1220" lat="49.0965275985" lon="31.3343370384" version="1" timestamp="2026-09-01T12:00:00Z" changeset="1" uid="1" user="generator"/>
  <node id="1221" lat="49.0965275985" lon="31.3280966422" version="1" timestamp="2026-09-01T12:00:00Z" changeset="1" uid="1" user="generator"/>
  <node id="1222" lat="49.1007380007" lon="31.3346669403" version="1" timestamp="2026-09-01T12:00:00Z" changeset="1" uid="1" user="generator"/>
  <node id="1223" lat="49.1007380007" lon="31.3405229458" version="1" timestamp="2026-09-01T12:00:00Z" changeset="1" uid="1" user="generator"/>
  <node id="1224" lat="49.0965275985" lon="31.3405229458" version="1" timestamp="2026-09-01T12:00:00Z" changeset="1" uid="1" user="generator"/>
  <node id="1225" lat="49.0965275985" lon="31.3346669403" version="1" timestamp="2026-09-01T12:00:00Z" changeset="1" uid="1" user="generator"/>
  <node id="1226" lat="49.1007380007" lon="31.3411827496" version="1" timestamp="2026-09-01T12:00:00Z" changeset="1" uid="1" user="generator"/>
  <node id="1227" lat="49.1007380007" lon="31.3481274313" version="1" timestamp="2026-09-01T12:00:00Z" changeset="1" uid="1" user="generator"/>
  <node id="1228" lat="49.0965275985" lon="31.3481274313" version="1" timestamp="2026-09-01T12:00:00Z" changeset="1" uid="1" user="generator"/>
  <node id="1229" lat="49.0965275985" lon="31.3448116701" version="1" timestamp="2026-09-01T12:00:00Z" changeset="1" uid="1" user="generator"/>
  <node id="1230" lat="49.0965799966" lon="31.3444817682" version="1" timestamp="2026-09-01T12:00:00Z" changeset="1" uid="1" user="generator"/>
  <node id="1231" lat="49.0967599968" lon="31.3441518664" version="1" timestamp="2026-09-01T12:00:00Z" changeset="1" uid="1" user="generator"/>
  <node id="1232" lat="49.0967599968" lon="31.3415126514" version="1" timestamp="2026-09-01T12:00:00Z" changeset="1" uid="1" user="generator"/>
  <node id="1233" lat="49.0966159966" lon="31.3411827496" version="1" timestamp="2026-09-01T12:00:00Z" changeset="1" uid="1" user="generator"/>
  <node id="1234" lat="49.1007380007" lon="31.3484573331" version="1" timestamp="2026-09-01T12:00:00Z" changeset="1" uid="1" user="generator"/>
  <node id="1235" lat="49.1007380007" lon="31.3546483403" version="1" timestamp="2026-09-01T12:00:00Z" changeset="1" uid="1" user="generator"/>
  <node id="1236" lat="49.0974799975" lon="31.3546483403" version="1" timestamp="2026-09-01T12:00:00Z" changeset="1" uid="1" user="generator"/>
  <node id="1237" lat="49.0974799975" lon="31.3543955667" version="1" timestamp="2026-09-01T12:00:00Z" changeset="1" uid="1" user="generator"/>
  <node id="1238" lat="49.0965799966" lon="31.3534058611" version="1" timestamp="2026-09-01T12:00:00Z" changeset="1" uid="1" user="generator"/>
  <node id="1239" lat="49.0965275985" lon="31.3484573331" version="1" timestamp="2026-09-01T12:00:00Z" changeset="1" uid="1" user="generator"/>
  <node id="1240" lat="49.0962755983" lon="31.2448514048" version="1" timestamp="2026-09-01T12:00:00Z" changeset="1" uid="1" user="generator"/>
  <node id="1241" lat="49.0962755983" lon="31.2530989514" version="1" timestamp="2026-09-01T12:00:00Z" changeset="1" uid="1" user="generator"/>
  <node id="1242" lat="49.0955719956" lon="31.2533738696" version="1" timestamp="2026-09-01T12:00:00Z" changeset="1" uid="1" user="generator"/>
  <node id="1243" lat="49.0938952489" lon="31.2533738696" version="1" timestamp="2026-09-01T12:00:00Z" changeset="1" uid="1" user="generator"/>
  <node id="1244" lat="49.0938952489" lon="31.2448514048" version="1" timestamp="2026-09-01T12:00:00Z" changeset="1" uid="1" user="generator"/>
  <node id="1245" lat="49.0952839953" lon="31.2616763999" version="1" timestamp="2026-09-01T12:00:00Z" changeset="1" uid="1" user="generator"/>
  <node id="1246" lat="49.0952839953" lon="31.2659101405" version="1" timestamp="2026-09-01T12:00:00Z" changeset="1" uid="1" user="generator"/>
  <node id="1247" lat="49.0938952489" lon="31.2659101405" version="1" timestamp="2026-09-01T12:00:00Z" changeset="1" uid="1" user="generator"/>
  <node id="1248" lat="49.0938952489" lon="31.2616763999" version="1" timestamp="2026-09-01T12:00:00Z" changeset="1" uid="1" user="generator"/>
  <node id="1249" lat="49.0962755983" lon="31.2837248413" version="1" timestamp="2026-09-01T12:00:00Z" changeset="1" uid="1" user="generator"/>
  <node id="1250" lat="49.0962755983" lon="31.2905977968" version="1" timestamp="2026-09-01T12:00:00Z" changeset="1" uid="1" user="generator"/>
  <node id="1251" lat="49.0945639946" lon="31.2905977968" version="1" timestamp="2026-09-01T12:00:00Z" changeset="1" uid="1" user="generator"/>
  <node id="1252" lat="49.0939879940" lon="31.2896630749" version="1" timestamp="2026-09-01T12:00:00Z" changeset="1" uid="1" user="generator"/>
  <node id="1253" lat="49.0938952489" lon="31.2893331730" version="1" timestamp="2026-09-01T12:00:00Z" changeset="1" uid="1" user="generator"/>
  <node id="1254" lat="49.0938952489" lon="31.2840547432" version="1" timestamp="2026-09-01T12:00:00Z" changeset="1" uid="1" user="generator"/>
  <node id="1255" lat="49.0945639946" lon="31.2837248413" version="1" timestamp="2026-09-01T12:00:00Z" changeset="1" uid="1" user="generator"/>
  <node id="1256" lat="49.0962755983" lon="31.3120414181" version="1" timestamp="2026-09-01T12:00:00Z" changeset="1" uid="1" user="generator"/>
  <node id="1257" lat="49.0962755983" lon="31.3186394554" version="1" timestamp="2026-09-01T12:00:00Z" changeset="1" uid="1" user="generator"/>
  <node id="1258" lat="49.0948519949" lon="31.3189693573" version="1" timestamp="2026-09-01T12:00:00Z" changeset="1" uid="1" user="generator"/>
  <node id="1259" lat="49.0961479961" lon="31.3211105029" version="1" timestamp="2026-09-01T12:00:00Z" changeset="1" uid="1" user="generator"/>
  <node id="1260" lat="49.0938952489" lon="31.3211105029" version="1" timestamp="2026-09-01T12:00:00Z" changeset="1" uid="1" user="generator"/>
  <node id="1261" lat="49.0938952489" lon="31.3189693573" version="1" timestamp="2026-09-01T12:00:00Z" changeset="1" uid="1" user="generator"/>
  <node id="1262" lat="49.0952119952" lon="31.3186394554" version="1" timestamp="2026-09-01T12:00:00Z" changeset="1" uid="1" user="generator"/>
  <node id="1263" lat="49.0939519940" lon="31.3166600442" version="1" timestamp="2026-09-01T12:00:00Z" changeset="1" uid="1" user="generator"/>
  <node id="1264" lat="49.0938952489" lon="31.3130311237" version="1" timestamp="2026-09-01T12:00:00Z" changeset="1" uid="1" user="generator"/>
  <node id="1265" lat="49.0939879940" lon="31.3127012218" version="1" timestamp="2026-09-01T12:00:00Z" changeset="1" uid="1" user="generator"/>
  <node id="1266" lat="49.0945639946" lon="31.3120414181" version="1" timestamp="2026-09-01T12:00:00Z" changeset="1" uid="1" user="generator"/>
  <node id="1267" lat="49.0962755983" lon="31.3214404047" version="1" timestamp="2026-09-01T12:00:00Z" changeset="1" uid="1" user="generator"/>
  <node id="1268" lat="49.0962755983" lon="31.3304999361" version="1" timestamp="2026-09-01T12:00:00Z" changeset="1" uid="1" user="generator"/>
  <node id="1269" lat="49.0938952489" lon="31.3304999361" version="1" timestamp="2026-09-01T12:00:00Z" changeset="1" uid="1" user="generator"/>
  <node id="1270" lat="49.0938952489" lon="31.3214404047" version="1" timestamp="2026-09-01T12:00:00Z" changeset="1" uid="1" user="generator"/>
  <node id="1271" lat="49.0962755983" lon="31.3308298379" version="1" timestamp="2026-09-01T12:00:00Z" changeset="1" uid="1" user="generator"/>
  <node id="1272" lat="49.0962755983" lon="31.3405229458" version="1" timestamp="2026-09-01T12:00:00Z" changeset="1" uid="1" user="generator"/>
  <node id="1273" lat="49.0942399942" lon="31.3405229458" version="1" timestamp="2026-09-01T12:00:00Z" changeset="1" uid="1" user="generator"/>
  <node id="1274" lat="49.0939519940" lon="31.3400670902" version="1" timestamp="2026-09-01T12:00:00Z" changeset="1" uid="1" user="generator"/>
  <node id="1275" lat="49.0938952489" lon="31.3397371883" version="1" timestamp="2026-09-01T12:00:00Z" changeset="1" uid="1" user="generator"/>
  <node id="1276" lat="49.0938952489" lon="31.3308298379" version="1" timestamp="2026-09-01T12:00:00Z" changeset="1" uid="1" user="generator"/>
  <node id="1277" lat="49.0962755983" lon="31.3448666537" version="1" timestamp="2026-09-01T12:00:00Z" changeset="1" uid="1" user="generator"/>
  <node id="1278" lat="49.0962755983" lon="31.3511897728" version="1" timestamp="2026-09-01T12:00:00Z" changeset="1" uid="1" user="generator"/>
  <node id="1279" lat="49.0945639946" lon="31.3511897728" version="1" timestamp="2026-09-01T12:00:00Z" changeset="1" uid="1" user="generator"/>
  <node id="1280" lat="49.0939519940" lon="31.3504749855" version="1" timestamp="2026-09-01T12:00:00Z" changeset="1" uid="1" user="generator"/>
  <node id="1281" lat="49.0938952489" lon="31.3501450836" version="1" timestamp="2026-09-01T12:00:00Z" changeset="1" uid="1" user="generator"/>
  <node id="1282" lat="49.0938952489" lon="31.3448666537" version="1" timestamp="2026-09-01T12:00:00Z" changeset="1" uid="1" user="generator"/>
  <node id="1283" lat="49.0936432486" lon="31.2448514048" version="1" timestamp="2026-09-01T12:00:00Z" changeset="1" uid="1" user="generator"/>
  <node id="1284" lat="49.0936432486" lon="31.2529108799" version="1" timestamp="2026-09-01T12:00:00Z" changeset="1" uid="1" user="generator"/>
  <node id="1285" lat="49.0900259110" lon="31.2529108799" version="1" timestamp="2026-09-01T12:00:00Z" changeset="1" uid="1" user="generator"/>
  <node id="1286" lat="49.0900259110" lon="31.2448514048" version="1" timestamp="2026-09-01T12:00:00Z" changeset="1" uid="1" user="generator"/>
  <node id="1287" lat="49.0936432486" lon="31.2532407817" version="1" timestamp="2026-09-01T12:00:00Z" changeset="1" uid="1" user="generator"/>
  <node id="1288" lat="49.0936432486" lon="31.2601918415" version="1" timestamp="2026-09-01T12:00:00Z" changeset="1" uid="1" user="generator"/>
  <node id="1289" lat="49.0909639910" lon="31.2601918415" version="1" timestamp="2026-09-01T12:00:00Z" changeset="1" uid="1" user="generator"/>
  <node id="1290" lat="49.0903879904" lon="31.2598388190" version="1" timestamp="2026-09-01T12:00:00Z" changeset="1" uid="1" user="generator"/>
  <node id="1291" lat="49.0900259110" lon="31.2591790153" version="1" timestamp="2026-09-01T12:00:00Z" changeset="1" uid="1" user="generator"/>
  <node id="1292" lat="49.0900259110" lon="31.2532407817" version="1" timestamp="2026-09-01T12:00:00Z" changeset="1" uid="1" user="generator"/>
  <node id="1293" lat="49.0936432486" lon="31.2839997595" version="1" timestamp="2026-09-01T12:00:00Z" changeset="1" uid="1" user="generator"/>
  <node id="1294" lat="49.0936432486" lon="31.2866389744" version="1" timestamp="2026-09-01T12:00:00Z" changeset="1" uid="1" user="generator"/>
  <node id="1295" lat="49.0914319914" lon="31.2869688763" version="1" timestamp="2026-09-01T12:00:00Z" changeset="1" uid="1" user="generator"/>
  <node id="1296" lat="49.0927279927" lon="31.2889482875" version="1" timestamp="2026-09-01T12:00:00Z" changeset="1" uid="1" user="generator"/>
  <node id="1297" lat="49.0936432486" lon="31.2905977968" version="1" timestamp="2026-09-01T12:00:00Z" changeset="1" uid="1" user="generator"/>
  <node id="1298" lat="49.0936432486" lon="31.2940067828" version="1" timestamp="2026-09-01T12:00:00Z" changeset="1" uid="1" user="generator"/>
  <node id="1299" lat="49.0900259110" lon="31.2940067828" version="1" timestamp="2026-09-01T12:00:00Z" changeset="1" uid="1" user="generator"/>
  <node id="1300" lat="49.0900259110" lon="31.2869688763" version="1" timestamp="2026-09-01T12:00:00Z" changeset="1" uid="1" user="generator"/>
  <node id="1301" lat="49.0920439920" lon="31.2866389744" version="1" timestamp="2026-09-01T12:00:00Z" changeset="1" uid="1" user="generator"/>
  <node id="1302" lat="49.0903879904" lon="31.2839997595" version="1" timestamp="2026-09-01T12:00:00Z" changeset="1" uid="1" user="generator"/>
  <node id="1303" lat="49.0954639955" lon="31.2941717337" version="1" timestamp="2026-09-01T12:00:00Z" changeset="1" uid="1" user="generator"/>
  <node id="1304" lat="49.0954639955" lon="31.3090173177" version="1" timestamp="2026-09-01T12:00:00Z" changeset="1" uid="1" user="generator"/>
  <node id="1305" lat="49.0875439875" lon="31.3090173177" version="1" timestamp="2026-09-01T12:00:00Z" changeset="1" uid="1" user="generator"/>
  <node id="1306" lat="49.0875439875" lon="31.2941717337" version="1" timestamp="2026-09-01T12:00:00Z" changeset="1" uid="1" user="generator"/>
  <node id="1307" lat="49.0936432486" lon="31.3091822686" version="1" timestamp="2026-09-01T12:00:00Z" changeset="1" uid="1" user="generator"/>
  <node id="1308" lat="49.0935919936" lon="31.3121513854" version="1" timestamp="2026-09-01T12:00:00Z" changeset="1" uid="1" user="generator"/>
  <node id="1309" lat="49.0916479916" lon="31.3146256494" version="1" timestamp="2026-09-01T12:00:00Z" changeset="1" uid="1" user="generator"/>
  <node id="1310" lat="49.0900259110" lon="31.3146256494" version="1" timestamp="2026-09-01T12:00:00Z" changeset="1" uid="1" user="generator"/>
  <node id="1311" lat="49.0900259110" lon="31.3091822686" version="1" timestamp="2026-09-01T12:00:00Z" changeset="1" uid="1" user="generator"/>
  <node id="1312" lat="49.0933759934" lon="31.3166050606" version="1" timestamp="2026-09-01T12:00:00Z" changeset="1" uid="1" user="generator"/>
  <node id="1313" lat="49.0936432486" lon="31.3172648643" version="1" timestamp="2026-09-01T12:00:00Z" changeset="1" uid="1" user="generator"/>
  <node id="1314" lat="49.0936432486" lon="31.3260656289" version="1" timestamp="2026-09-01T12:00:00Z" changeset="1" uid="1" user="generator"/>
  <node id="1315" lat="49.0900259110" lon="31.3260656289" version="1" timestamp="2026-09-01T12:00:00Z" changeset="1" uid="1" user="generator"/>
  <node id="1316" lat="49.0900259110" lon="31.3179246680" version="1" timestamp="2026-09-01T12:00:00Z" changeset="1" uid="1" user="generator"/>
  <node id="1317" lat="49.0900999901" lon="31.3175947662" version="1" timestamp="2026-09-01T12:00:00Z" changeset="1" uid="1" user="generator"/>
  <node id="1318" lat="49.0908559909" lon="31.3166050606" version="1" timestamp="2026-09-01T12:00:00Z" changeset="1" uid="1" user="generator"/>
  <node id="1319" lat="49.0936432486" lon="31.3263955308" version="1" timestamp="2026-09-01T12:00:00Z" changeset="1" uid="1" user="generator"/>
  <node id="1320" lat="49.0936432486" lon="31.3356294015" version="1" timestamp="2026-09-01T12:00:00Z" changeset="1" uid="1" user="generator"/>
  <node id="1321" lat="49.0910359910" lon="31.3356294015" version="1" timestamp="2026-09-01T12:00:00Z" changeset="1" uid="1" user="generator"/>
  <node id="1322" lat="49.0906039906" lon="31.3349729793" version="1" timestamp="2026-09-01T12:00:00Z" changeset="1" uid="1" user="generator"/>
  <node id="1323" lat="49.0900259110" lon="31.3346430774" version="1" timestamp="2026-09-01T12:00:00Z" changeset="1" uid="1" user="generator"/>
  <node id="1324" lat="49.0900259110" lon="31.3263955308" version="1" timestamp="2026-09-01T12:00:00Z" changeset="1" uid="1" user="generator"/>
  <node id="1325" lat="49.0934479934" lon="31.3401930440" version="1" timestamp="2026-09-01T12:00:00Z" changeset="1" uid="1" user="generator"/>
  <node id="1326" lat="49.0936432486" lon="31.3405229458" version="1" timestamp="2026-09-01T12:00:00Z" changeset="1" uid="1" user="generator"/>
  <node id="1327" lat="49.0936432486" lon="31.3446467192" version="1" timestamp="2026-09-01T12:00:00Z" changeset="1" uid="1" user="generator"/>
  <node id="1328" lat="49.0910359910" lon="31.3446467192" version="1" timestamp="2026-09-01T12:00:00Z" changeset="1" uid="1" user="generator"/>
  <node id="1329" lat="49.0903879904" lon="31.3431621608" version="1" timestamp="2026-09-01T12:00:00Z" changeset="1" uid="1" user="generator"/>
  <node id="1330" lat="49.0900259110" lon="31.3428322589" version="1" timestamp="2026-09-01T12:00:00Z" changeset="1" uid="1" user="generator"/>
  <node id="1331" lat="49.0900259110" lon="31.3411827496" version="1" timestamp="2026-09-01T12:00:00Z" changeset="1" uid="1" user="generator"/>
  <node id="1332" lat="49.0906399906" lon="31.3408528477" version="1" timestamp="2026-09-01T12:00:00Z" changeset="1" uid="1" user="generator"/>
  <node id="1333" lat="49.0908559909" lon="31.3405229458" version="1" timestamp="2026-09-01T12:00:00Z" changeset="1" uid="1" user="generator"/>
  <node id="1334" lat="49.0908559909" lon="31.3401930440" version="1" timestamp="2026-09-01T12:00:00Z" changeset="1" uid="1" user="generator"/>
  <node id="1335" lat="49.0897739108" lon="31.2448514048" version="1" timestamp="2026-09-01T12:00:00Z" changeset="1" uid="1" user="generator"/>
  <node id="1336" lat="49.0897739108" lon="31.2584323649" version="1" timestamp="2026-09-01T12:00:00Z" changeset="1" uid="1" user="generator"/>
  <node id="1337" lat="49.0882999883" lon="31.2584323649" version="1" timestamp="2026-09-01T12:00:00Z" changeset="1" uid="1" user="generator"/>
  <node id="1338" lat="49.0877088137" lon="31.2577175775" version="1" timestamp="2026-09-01T12:00:00Z" changeset="1" uid="1" user="generator"/>
  <node id="1339" lat="49.0877088137" lon="31.2448514048" version="1" timestamp="2026-09-01T12:00:00Z" changeset="1" uid="1" user="generator"/>
  <node id="1340" lat="49.0893799894" lon="31.2781165096" version="1" timestamp="2026-09-01T12:00:00Z" changeset="1" uid="1" user="generator"/>
  <node id="1341" lat="49.0897739108" lon="31.2784464114" version="1" timestamp="2026-09-01T12:00:00Z" changeset="1" uid="1" user="generator"/>
  <node id="1342" lat="49.0897739108" lon="31.2808656918" version="1" timestamp="2026-09-01T12:00:00Z" changeset="1" uid="1" user="generator"/>
  <node id="1343" lat="49.0882999883" lon="31.2808656918" version="1" timestamp="2026-09-01T12:00:00Z" changeset="1" uid="1" user="generator"/>
  <node id="1344" lat="49.0877959878" lon="31.2800959208" version="1" timestamp="2026-09-01T12:00:00Z" changeset="1" uid="1" user="generator"/>
  <node id="1345" lat="49.0877088137" lon="31.2797660189" version="1" timestamp="2026-09-01T12:00:00Z" changeset="1" uid="1" user="generator"/>
  <node id="1346" lat="49.0877088137" lon="31.2781165096" version="1" timestamp="2026-09-01T12:00:00Z" changeset="1" uid="1" user="generator"/>
  <node id="1347" lat="49.0891639892" lon="31.2835049067" version="1" timestamp="2026-09-01T12:00:00Z" changeset="1" uid="1" user="generator"/>
  <node id="1348" lat="49.0897739108" lon="31.2844946123" version="1" timestamp="2026-09-01T12:00:00Z" changeset="1" uid="1" user="generator"/>
  <node id="1349" lat="49.0897739108" lon="31.2940067828" version="1" timestamp="2026-09-01T12:00:00Z" changeset="1" uid="1" user="generator"/>
  <node id="1350" lat="49.0877088137" lon="31.2940067828" version="1" timestamp="2026-09-01T12:00:00Z" changeset="1" uid="1" user="generator"/>
  <node id="1351" lat="49.0877088137" lon="31.2835049067" version="1" timestamp="2026-09-01T12:00:00Z" changeset="1" uid="1" user="generator"/>
  <node id="1352" lat="49.0897739108" lon="31.3091822686" version="1" timestamp="2026-09-01T12:00:00Z" changeset="1" uid="1" user="generator"/>
  <node id="1353" lat="49.0897399897" lon="31.3170999134" version="1" timestamp="2026-09-01T12:00:00Z" changeset="1" uid="1" user="generator"/>
  <node id="1354" lat="49.0891639892" lon="31.3179796517" version="1" timestamp="2026-09-01T12:00:00Z" changeset="1" uid="1" user="generator"/>
  <node id="1355" lat="49.0877088137" lon="31.3179796517" version="1" timestamp="2026-09-01T12:00:00Z" changeset="1" uid="1" user="generator"/>
  <node id="1356" lat="49.0877088137" lon="31.3091822686" version="1" timestamp="2026-09-01T12:00:00Z" changeset="1" uid="1" user="generator"/>
  <node id="1357" lat="49.0897739108" lon="31.3202889647" version="1" timestamp="2026-09-01T12:00:00Z" changeset="1" uid="1" user="generator"/>
  <node id="1358" lat="49.0897739108" lon="31.3349146141" version="1" timestamp="2026-09-01T12:00:00Z" changeset="1" uid="1" user="generator"/>
  <node id="1359" lat="49.0877088137" lon="31.3349146141" version="1" timestamp="2026-09-01T12:00:00Z" changeset="1" uid="1" user="generator"/>
  <node id="1360" lat="49.0877239877" lon="31.3212786703" version="1" timestamp="2026-09-01T12:00:00Z" changeset="1" uid="1" user="generator"/>
  <node id="1361" lat="49.0882999883" lon="31.3202889647" version="1" timestamp="2026-09-01T12:00:00Z" changeset="1" uid="1" user="generator"/>
  <node id="1362" lat="49.0874568135" lon="31.2448514048" version="1" timestamp="2026-09-01T12:00:00Z" changeset="1" uid="1" user="generator"/>
  <node id="1363" lat="49.0874568135" lon="31.2539786897" version="1" timestamp="2026-09-01T12:00:00Z" changeset="1" uid="1" user="generator"/>
  <node id="1364" lat="49.0859959860" lon="31.2539786897" version="1" timestamp="2026-09-01T12:00:00Z" changeset="1" uid="1" user="generator"/>
  <node id="1365" lat="49.0859599860" lon="31.2537587552" version="1" timestamp="2026-09-01T12:00:00Z" changeset="1" uid="1" user="generator"/>
  <node id="1366" lat="49.0853917254" lon="31.2534288533" version="1" timestamp="2026-09-01T12:00:00Z" changeset="1" uid="1" user="generator"/>
  <node id="1367" lat="49.0853917254" lon="31.2448514048" version="1" timestamp="2026-09-01T12:00:00Z" changeset="1" uid="1" user="generator"/>
  <node id="1368" lat="49.0868959869" lon="31.2676146335" version="1" timestamp="2026-09-01T12:00:00Z" changeset="1" uid="1" user="generator"/>
  <node id="1369" lat="49.0871119871" lon="31.2679445354" version="1" timestamp="2026-09-01T12:00:00Z" changeset="1" uid="1" user="generator"/>
  <node id="1370" lat="49.0871119871" lon="31.2758621802" version="1" timestamp="2026-09-01T12:00:00Z" changeset="1" uid="1" user="generator"/>
  <node id="1371" lat="49.0874359874" lon="31.2768518858" version="1" timestamp="2026-09-01T12:00:00Z" changeset="1" uid="1" user="generator"/>
  <node id="1372" lat="49.0874568135" lon="31.2773467386" version="1" timestamp="2026-09-01T12:00:00Z" changeset="1" uid="1" user="generator"/>
  <node id="1373" lat="49.0859959860" lon="31.2773467386" version="1" timestamp="2026-09-01T12:00:00Z" changeset="1" uid="1" user="generator"/>
  <node id="1374" lat="49.0854919855" lon="31.2765219839" version="1" timestamp="2026-09-01T12:00:00Z" changeset="1" uid="1" user="generator"/>
  <node id="1375" lat="49.0853917254" lon="31.2761920820" version="1" timestamp="2026-09-01T12:00:00Z" changeset="1" uid="1" user="generator"/>
  <node id="1376" lat="49.0853917254" lon="31.2676146335" version="1" timestamp="2026-09-01T12:00:00Z" changeset="1" uid="1" user="generator"/>
  <node id="1377" lat="49.0868239868" lon="31.2798759862" version="1" timestamp="2026-09-01T12:00:00Z" changeset="1" uid="1" user="generator"/>
  <node id="1378" lat="49.0874568135" lon="31.2808656918" version="1" timestamp="2026-09-01T12:00:00Z" changeset="1" uid="1" user="generator"/>
  <node id="1379" lat="49.0874359874" lon="31.2973607851" version="1" timestamp="2026-09-01T12:00:00Z" changeset="1" uid="1" user="generator"/>
  <node id="1380" lat="49.0859959860" lon="31.2973607851" version="1" timestamp="2026-09-01T12:00:00Z" changeset="1" uid="1" user="generator"/>
  <node id="1381" lat="49.0859599860" lon="31.2970308832" version="1" timestamp="2026-09-01T12:00:00Z" changeset="1" uid="1" user="generator"/>
  <node id="1382" lat="49.0853917254" lon="31.2957112757" version="1" timestamp="2026-09-01T12:00:00Z" changeset="1" uid="1" user="generator"/>
  <node id="1383" lat="49.0853917254" lon="31.2798759862" version="1" timestamp="2026-09-01T12:00:00Z" changeset="1" uid="1" user="generator"/>
  <node id="1384" lat="49.0874568135" lon="31.3091822686" version="1" timestamp="2026-09-01T12:00:00Z" changeset="1" uid="1" user="generator"/>
  <node id="1385" lat="49.0874568135" lon="31.3203989320" version="1" timestamp="2026-09-01T12:00:00Z" changeset="1" uid="1" user="generator"/>
  <node id="1386" lat="49.0868599869" lon="31.3217185395" version="1" timestamp="2026-09-01T12:00:00Z" changeset="1" uid="1" user="generator"/>
  <node id="1387" lat="49.0853917254" lon="31.3217185395" version="1" timestamp="2026-09-01T12:00:00Z" changeset="1" uid="1" user="generator"/>
  <node id="1388" lat="49.0853917254" lon="31.3118214835" version="1" timestamp="2026-09-01T12:00:00Z" changeset="1" uid="1" user="generator"/>
  <node id="1389" lat="49.0859959860" lon="31.3091822686" version="1" timestamp="2026-09-01T12:00:00Z" changeset="1" uid="1" user="generator"/>
  <node id="1390" lat="49.0874568135" lon="31.3244677217" version="1" timestamp="2026-09-01T12:00:00Z" changeset="1" uid="1" user="generator"/>
  <node id="1391" lat="49.0874568135" lon="31.3280900442" version="1" timestamp="2026-09-01T12:00:00Z" changeset="1" uid="1" user="generator"/>
  <node id="1392" lat="49.0853917254" lon="31.3280900442" version="1" timestamp="2026-09-01T12:00:00Z" changeset="1" uid="1" user="generator"/>
  <node id="1393" lat="49.0854199854" lon="31.3264471329" version="1" timestamp="2026-09-01T12:00:00Z" changeset="1" uid="1" user="generator"/>
  <node id="1394" lat="49.0861759862" lon="31.3244677217" version="1" timestamp="2026-09-01T12:00:00Z" changeset="1" uid="1" user="generator"/>
  <node id="1395" lat="49.0874568135" lon="31.3284199461" version="1" timestamp="2026-09-01T12:00:00Z" changeset="1" uid="1" user="generator"/>
  <node id="1396" lat="49.0874568135" lon="31.3318369734" version="1" timestamp="2026-09-01T12:00:00Z" changeset="1" uid="1" user="generator"/>
  <node id="1397" lat="49.0853917254" lon="31.3318369734" version="1" timestamp="2026-09-01T12:00:00Z" changeset="1" uid="1" user="generator"/>
  <node id="1398" lat="49.0853917254" lon="31.3284199461" version="1" timestamp="2026-09-01T12:00:00Z" changeset="1" uid="1" user="generator"/>
  <node id="1399" lat="49.0874568135" lon="31.3321668752" version="1" timestamp="2026-09-01T12:00:00Z" changeset="1" uid="1" user="generator"/>
  <node id="1400" lat="49.0874568135" lon="31.3349146141" version="1" timestamp="2026-09-01T12:00:00Z" changeset="1" uid="1" user="generator"/>
  <node id="1401" lat="49.0858519859" lon="31.3349146141" version="1" timestamp="2026-09-01T12:00:00Z" changeset="1" uid="1" user="generator"/>
  <node id="1402" lat="49.0853917254" lon="31.3334864827" version="1" timestamp="2026-09-01T12:00:00Z" changeset="1" uid="1" user="generator"/>
  <node id="1403" lat="49.0853917254" lon="31.3321668752" version="1" timestamp="2026-09-01T12:00:00Z" changeset="1" uid="1" user="generator"/>
  <node id="1404" lat="49.0851397251" lon="31.2497999328" version="1" timestamp="2026-09-01T12:00:00Z" changeset="1" uid="1" user="generator"/>
  <node id="1405" lat="49.0851319851" lon="31.2535388206" version="1" timestamp="2026-09-01T12:00:00Z" changeset="1" uid="1" user="generator"/>
  <node id="1406" lat="49.0810586621" lon="31.2535388206" version="1" timestamp="2026-09-01T12:00:00Z" changeset="1" uid="1" user="generator"/>
  <node id="1407" lat="49.0810586621" lon="31.2504597365" version="1" timestamp="2026-09-01T12:00:00Z" changeset="1" uid="1" user="generator"/>
  <node id="1408" lat="49.0820719821" lon="31.2501298346" version="1" timestamp="2026-09-01T12:00:00Z" changeset="1" uid="1" user="generator"/>
  <node id="1409" lat="49.0823239823" lon="31.2497999328" version="1" timestamp="2026-09-01T12:00:00Z" changeset="1" uid="1" user="generator"/>
  <node id="1410" lat="49.0831879832" lon="31.2666249279" version="1" timestamp="2026-09-01T12:00:00Z" changeset="1" uid="1" user="generator"/>
  <node id="1411" lat="49.0851397251" lon="31.2669548298" version="1" timestamp="2026-09-01T12:00:00Z" changeset="1" uid="1" user="generator"/>
  <node id="1412" lat="49.0851397251" lon="31.2735528671" version="1" timestamp="2026-09-01T12:00:00Z" changeset="1" uid="1" user="generator"/>
  <node id="1413" lat="49.0828639829" lon="31.2738827690" version="1" timestamp="2026-09-01T12:00:00Z" changeset="1" uid="1" user="generator"/>
  <node id="1414" lat="49.0835119835" lon="31.2748724746" version="1" timestamp="2026-09-01T12:00:00Z" changeset="1" uid="1" user="generator"/>
  <node id="1415" lat="49.0813159813" lon="31.2748724746" version="1" timestamp="2026-09-01T12:00:00Z" changeset="1" uid="1" user="generator"/>
  <node id="1416" lat="49.0810586621" lon="31.2745425727" version="1" timestamp="2026-09-01T12:00:00Z" changeset="1" uid="1" user="generator"/>
  <node id="1417" lat="49.0810586621" lon="31.2738827690" version="1" timestamp="2026-09-01T12:00:00Z" changeset="1" uid="1" user="generator"/>
  <node id="1418" lat="49.0835119835" lon="31.2735528671" version="1" timestamp="2026-09-01T12:00:00Z" changeset="1" uid="1" user="generator"/>
  <node id="1419" lat="49.0811359811" lon="31.2699239466" version="1" timestamp="2026-09-01T12:00:00Z" changeset="1" uid="1" user="generator"/>
  <node id="1420" lat="49.0810586621" lon="31.2695940447" version="1" timestamp="2026-09-01T12:00:00Z" changeset="1" uid="1" user="generator"/>
  <node id="1421" lat="49.0810586621" lon="31.2666249279" version="1" timestamp="2026-09-01T12:00:00Z" changeset="1" uid="1" user="generator"/>
  <node id="1422" lat="49.0840159840" lon="31.2977456706" version="1" timestamp="2026-09-01T12:00:00Z" changeset="1" uid="1" user="generator"/>
  <node id="1423" lat="49.0847719848" lon="31.3000549836" version="1" timestamp="2026-09-01T12:00:00Z" changeset="1" uid="1" user="generator"/>
  <node id="1424" lat="49.0851319851" lon="31.3017044930" version="1" timestamp="2026-09-01T12:00:00Z" changeset="1" uid="1" user="generator"/>
  <node id="1425" lat="49.0851397251" lon="31.3030241004" version="1" timestamp="2026-09-01T12:00:00Z" changeset="1" uid="1" user="generator"/>
  <node id="1426" lat="49.0846639847" lon="31.3033540023" version="1" timestamp="2026-09-01T12:00:00Z" changeset="1" uid="1" user="generator"/>
  <node id="1427" lat="49.0845919846" lon="31.3050433198" version="1" timestamp="2026-09-01T12:00:00Z" changeset="1" uid="1" user="generator"/>
  <node id="1428" lat="49.0810586621" lon="31.3050433198" version="1" timestamp="2026-09-01T12:00:00Z" changeset="1" uid="1" user="generator"/>
  <node id="1429" lat="49.0810586621" lon="31.2977456706" version="1" timestamp="2026-09-01T12:00:00Z" changeset="1" uid="1" user="generator"/>
  <node id="1430" lat="49.0845919846" lon="31.3053732217" version="1" timestamp="2026-09-01T12:00:00Z" changeset="1" uid="1" user="generator"/>
  <node id="1431" lat="49.0844479844" lon="31.3093320440" version="1" timestamp="2026-09-01T12:00:00Z" changeset="1" uid="1" user="generator"/>
  <node id="1432" lat="49.0848799849" lon="31.3096619459" version="1" timestamp="2026-09-01T12:00:00Z" changeset="1" uid="1" user="generator"/>
  <node id="1433" lat="49.0845919846" lon="31.3109815534" version="1" timestamp="2026-09-01T12:00:00Z" changeset="1" uid="1" user="generator"/>
  <node id="1434" lat="49.0840879841" lon="31.3123011608" version="1" timestamp="2026-09-01T12:00:00Z" changeset="1" uid="1" user="generator"/>
  <node id="1435" lat="49.0839439839" lon="31.3125362709" version="1" timestamp="2026-09-01T12:00:00Z" changeset="1" uid="1" user="generator"/>
  <node id="1436" lat="49.0810586621" lon="31.3125362709" version="1" timestamp="2026-09-01T12:00:00Z" changeset="1" uid="1" user="generator"/>
  <node id="1437" lat="49.0810586621" lon="31.3053732217" version="1" timestamp="2026-09-01T12:00:00Z" changeset="1" uid="1" user="generator"/>
  <node id="1438" lat="49.0851397251" lon="31.3190243409" version="1" timestamp="2026-09-01T12:00:00Z" changeset="1" uid="1" user="generator"/>
  <node id="1439" lat="49.0851397251" lon="31.3207265796" version="1" timestamp="2026-09-01T12:00:00Z" changeset="1" uid="1" user="generator"/>
  <node id="1440" lat="49.0810586621" lon="31.3207265796" version="1" timestamp="2026-09-01T12:00:00Z" changeset="1" uid="1" user="generator"/>
  <node id="1441" lat="49.0810586621" lon="31.3196841447" version="1" timestamp="2026-09-01T12:00:00Z" changeset="1" uid="1" user="generator"/>
  <node id="1442" lat="49.0814599815" lon="31.3190243409" version="1" timestamp="2026-09-01T12:00:00Z" changeset="1" uid="1" user="generator"/>
  <node id="1443" lat="49.0851397251" lon="31.3210564814" version="1" timestamp="2026-09-01T12:00:00Z" changeset="1" uid="1" user="generator"/>
  <node id="1444" lat="49.0851397251" lon="31.3225011080" version="1" timestamp="2026-09-01T12:00:00Z" changeset="1" uid="1" user="generator"/>
  <node id="1445" lat="49.0810586621" lon="31.3225011080" version="1" timestamp="2026-09-01T12:00:00Z" changeset="1" uid="1" user="generator"/>
  <node id="1446" lat="49.0810586621" lon="31.3210564814" version="1" timestamp="2026-09-01T12:00:00Z" changeset="1" uid="1" user="generator"/>
  <node id="1447" lat="49.0851397251" lon="31.3228310098" version="1" timestamp="2026-09-01T12:00:00Z" changeset="1" uid="1" user="generator"/>
  <node id="1448" lat="49.0851397251" lon="31.3242930112" version="1" timestamp="2026-09-01T12:00:00Z" changeset="1" uid="1" user="generator"/>
  <node id="1449" lat="49.0810586621" lon="31.3242930112" version="1" timestamp="2026-09-01T12:00:00Z" changeset="1" uid="1" user="generator"/>
  <node id="1450" lat="49.0810586621" lon="31.3228310098" version="1" timestamp="2026-09-01T12:00:00Z" changeset="1" uid="1" user="generator"/>
  <node id="1451" lat="49.0851397251" lon="31.3246229130" version="1" timestamp="2026-09-01T12:00:00Z" changeset="1" uid="1" user="generator"/>
  <node id="1452" lat="49.0851397251" lon="31.3256126186" version="1" timestamp="2026-09-01T12:00:00Z" changeset="1" uid="1" user="generator"/>
  <node id="1453" lat="49.0848799849" lon="31.3263515713" version="1" timestamp="2026-09-01T12:00:00Z" changeset="1" uid="1" user="generator"/>
  <node id="1454" lat="49.0810586621" lon="31.3263515713" version="1" timestamp="2026-09-01T12:00:00Z" changeset="1" uid="1" user="generator"/>
  <node id="1455" lat="49.0810586621" lon="31.3246229130" version="1" timestamp="2026-09-01T12:00:00Z" changeset="1" uid="1" user="generator"/>
  <node id="1456" lat="49.0847719848" lon="31.3266814732" version="1" timestamp="2026-09-01T12:00:00Z" changeset="1" uid="1" user="generator"/>
  <node id="1457" lat="49.0843039843" lon="31.3281865542" version="1" timestamp="2026-09-01T12:00:00Z" changeset="1" uid="1" user="generator"/>
  <node id="1458" lat="49.0810586621" lon="31.3281865542" version="1" timestamp="2026-09-01T12:00:00Z" changeset="1" uid="1" user="generator"/>
  <node id="1459" lat="49.0810586621" lon="31.3266814732" version="1" timestamp="2026-09-01T12:00:00Z" changeset="1" uid="1" user="generator"/>
  <node id="1460" lat="49.0840159840" lon="31.3486055415" version="1" timestamp="2026-09-01T12:00:00Z" changeset="1" uid="1" user="generator"/>
  <node id="1461" lat="49.0848439848" lon="31.3515746583" version="1" timestamp="2026-09-01T12:00:00Z" changeset="1" uid="1" user="generator"/>
  <node id="1462" lat="49.0851397251" lon="31.3522344621" version="1" timestamp="2026-09-01T12:00:00Z" changeset="1" uid="1" user="generator"/>
  <node id="1463" lat="49.0851397251" lon="31.3552035789" version="1" timestamp="2026-09-01T12:00:00Z" changeset="1" uid="1" user="generator"/>
  <node id="1464" lat="49.0810586621" lon="31.3552035789" version="1" timestamp="2026-09-01T12:00:00Z" changeset="1" uid="1" user="generator"/>
  <node id="1465" lat="49.0810586621" lon="31.3486055415" version="1" timestamp="2026-09-01T12:00:00Z" changeset="1" uid="1" user="generator"/>
  <node id="1466" lat="49.0799119799" lon="31.3438769481" version="1" timestamp="2026-09-01T12:00:00Z" changeset="1" uid="1" user="generator"/>
  <node id="1467" lat="49.0802719803" lon="31.3445367519" version="1" timestamp="2026-09-01T12:00:00Z" changeset="1" uid="1" user="generator"/>
  <node id="1468" lat="49.0807039807" lon="31.3448666537" version="1" timestamp="2026-09-01T12:00:00Z" changeset="1" uid="1" user="generator"/>
  <node id="1469" lat="49.0808066618" lon="31.3451965556" version="1" timestamp="2026-09-01T12:00:00Z" changeset="1" uid="1" user="generator"/>
  <node id="1470" lat="49.0808066618" lon="31.3542688569" version="1" timestamp="2026-09-01T12:00:00Z" changeset="1" uid="1" user="generator"/>
  <node id="1471" lat="49.0785079785" lon="31.3542688569" version="1" timestamp="2026-09-01T12:00:00Z" changeset="1" uid="1" user="generator"/>
  <node id="1472" lat="49.0776439776" lon="31.3524543966" version="1" timestamp="2026-09-01T12:00:00Z" changeset="1" uid="1" user="generator"/>
  <node id="1473" lat="49.0776439776" lon="31.3438769481" version="1" timestamp="2026-09-01T12:00:00Z" changeset="1" uid="1" user="generator"/>
  <node id="1474" lat="49.0808066618" lon="31.2620063018" version="1" timestamp="2026-09-01T12:00:00Z" changeset="1" uid="1" user="generator"/>
  <node id="1475" lat="49.0808066618" lon="31.2660201078" version="1" timestamp="2026-09-01T12:00:00Z" changeset="1" uid="1" user="generator"/>
  <node id="1476" lat="49.0784719785" lon="31.2660201078" version="1" timestamp="2026-09-01T12:00:00Z" changeset="1" uid="1" user="generator"/>
  <node id="1477" lat="49.0776435906" lon="31.2646455167" version="1" timestamp="2026-09-01T12:00:00Z" changeset="1" uid="1" user="generator"/>
  <node id="1478" lat="49.0776435906" lon="31.2620063018" version="1" timestamp="2026-09-01T12:00:00Z" changeset="1" uid="1" user="generator"/>
  <node id="1479" lat="49.0799119799" lon="31.2761370984" version="1" timestamp="2026-09-01T12:00:00Z" changeset="1" uid="1" user="generator"/>
  <node id="1480" lat="49.0808066618" lon="31.2784464114" version="1" timestamp="2026-09-01T12:00:00Z" changeset="1" uid="1" user="generator"/>
  <node id="1481" lat="49.0808066618" lon="31.2827351357" version="1" timestamp="2026-09-01T12:00:00Z" changeset="1" uid="1" user="generator"/>
  <node id="1482" lat="49.0807399807" lon="31.2830650376" version="1" timestamp="2026-09-01T12:00:00Z" changeset="1" uid="1" user="generator"/>
  <node id="1483" lat="49.0804159804" lon="31.2836698576" version="1" timestamp="2026-09-01T12:00:00Z" changeset="1" uid="1" user="generator"/>
  <node id="1484" lat="49.0781479781" lon="31.2836698576" version="1" timestamp="2026-09-01T12:00:00Z" changeset="1" uid="1" user="generator"/>
  <node id="1485" lat="49.0781479781" lon="31.2820753320" version="1" timestamp="2026-09-01T12:00:00Z" changeset="1" uid="1" user="generator"/>
  <node id="1486" lat="49.0776435906" lon="31.2817454301" version="1" timestamp="2026-09-01T12:00:00Z" changeset="1" uid="1" user="generator"/>
  <node id="1487" lat="49.0776435906" lon="31.2761370984" version="1" timestamp="2026-09-01T12:00:00Z" changeset="1" uid="1" user="generator"/>
  <node id="1488" lat="49.0804159804" lon="31.2930170772" version="1" timestamp="2026-09-01T12:00:00Z" changeset="1" uid="1" user="generator"/>
  <node id="1489" lat="49.0808066618" lon="31.2940067828" version="1" timestamp="2026-09-01T12:00:00Z" changeset="1" uid="1" user="generator"/>
  <node id="1490" lat="49.0808066618" lon="31.3048975307" version="1" timestamp="2026-09-01T12:00:00Z" changeset="1" uid="1" user="generator"/>
  <node id="1491" lat="49.0776435906" lon="31.3048975307" version="1" timestamp="2026-09-01T12:00:00Z" changeset="1" uid="1" user="generator"/>
  <node id="1492" lat="49.0776435906" lon="31.3015945257" version="1" timestamp="2026-09-01T12:00:00Z" changeset="1" uid="1" user="generator"/>
  <node id="1493" lat="49.0781479781" lon="31.3012646238" version="1" timestamp="2026-09-01T12:00:00Z" changeset="1" uid="1" user="generator"/>
  <node id="1494" lat="49.0781479781" lon="31.2930170772" version="1" timestamp="2026-09-01T12:00:00Z" changeset="1" uid="1" user="generator"/>
  <node id="1495" lat="49.0808066618" lon="31.3052274325" version="1" timestamp="2026-09-01T12:00:00Z" changeset="1" uid="1" user="generator"/>
  <node id="1496" lat="49.0808066618" lon="31.3154543904" version="1" timestamp="2026-09-01T12:00:00Z" changeset="1" uid="1" user="generator"/>
  <node id="1497" lat="49.0801999802" lon="31.3166950688" version="1" timestamp="2026-09-01T12:00:00Z" changeset="1" uid="1" user="generator"/>
  <node id="1498" lat="49.0776435906" lon="31.3166950688" version="1" timestamp="2026-09-01T12:00:00Z" changeset="1" uid="1" user="generator"/>
  <node id="1499" lat="49.0776435906" lon="31.3052274325" version="1" timestamp="2026-09-01T12:00:00Z" changeset="1" uid="1" user="generator"/>
  <node id="1500" lat="49.0767439767" lon="31.2706937176" version="1" timestamp="2026-09-01T12:00:00Z" changeset="1" uid="1" user="generator"/>
  <node id="1501" lat="49.0773915904" lon="31.2716834232" version="1" timestamp="2026-09-01T12:00:00Z" changeset="1" uid="1" user="generator"/>
  <node id="1502" lat="49.0773915904" lon="31.2820203483" version="1" timestamp="2026-09-01T12:00:00Z" changeset="1" uid="1" user="generator"/>
  <node id="1503" lat="49.0751689482" lon="31.2820203483" version="1" timestamp="2026-09-01T12:00:00Z" changeset="1" uid="1" user="generator"/>
  <node id="1504" lat="49.0751689482" lon="31.2706937176" version="1" timestamp="2026-09-01T12:00:00Z" changeset="1" uid="1" user="generator"/>
  <node id="1505" lat="49.0773915904" lon="31.3013196075" version="1" timestamp="2026-09-01T12:00:00Z" changeset="1" uid="1" user="generator"/>
  <node id="1506" lat="49.0773915904" lon="31.3087001170" version="1" timestamp="2026-09-01T12:00:00Z" changeset="1" uid="1" user="generator"/>
  <node id="1507" lat="49.0751689482" lon="31.3087001170" version="1" timestamp="2026-09-01T12:00:00Z" changeset="1" uid="1" user="generator"/>
  <node id="1508" lat="49.0751689482" lon="31.3013196075" version="1" timestamp="2026-09-01T12:00:00Z" changeset="1" uid="1" user="generator"/>
  <node id="1509" lat="49.0773915904" lon="31.3090300189" version="1" timestamp="2026-09-01T12:00:00Z" changeset="1" uid="1" user="generator"/>
  <node id="1510" lat="49.0773915904" lon="31.3159430712" version="1" timestamp="2026-09-01T12:00:00Z" changeset="1" uid="1" user="generator"/>
  <node id="1511" lat="49.0751689482" lon="31.3159430712" version="1" timestamp="2026-09-01T12:00:00Z" changeset="1" uid="1" user="generator"/>
  <node id="1512" lat="49.0751689482" lon="31.3090300189" version="1" timestamp="2026-09-01T12:00:00Z" changeset="1" uid="1" user="generator"/>
  <node id="1513" lat="49.0773915904" lon="31.3162729731" version="1" timestamp="2026-09-01T12:00:00Z" changeset="1" uid="1" user="generator"/>
  <node id="1514" lat="49.0773915904" lon="31.3238378153" version="1" timestamp="2026-09-01T12:00:00Z" changeset="1" uid="1" user="generator"/>
  <node id="1515" lat="49.0751689482" lon="31.3238378153" version="1" timestamp="2026-09-01T12:00:00Z" changeset="1" uid="1" user="generator"/>
  <node id="1516" lat="49.0751689482" lon="31.3162729731" version="1" timestamp="2026-09-01T12:00:00Z" changeset="1" uid="1" user="generator"/>
  <node id="1517" lat="49.0772119772" lon="31.3346946795" version="1" timestamp="2026-09-01T12:00:00Z" changeset="1" uid="1" user="generator"/>
  <node id="1518" lat="49.0772119772" lon="31.3366740907" version="1" timestamp="2026-09-01T12:00:00Z" changeset="1" uid="1" user="generator"/>
  <node id="1519" lat="49.0773915904" lon="31.3370039926" version="1" timestamp="2026-09-01T12:00:00Z" changeset="1" uid="1" user="generator"/>
  <node id="1520" lat="49.0773915904" lon="31.3396432075" version="1" timestamp="2026-09-01T12:00:00Z" changeset="1" uid="1" user="generator"/>
  <node id="1521" lat="49.0767439767" lon="31.3431621608" version="1" timestamp="2026-09-01T12:00:00Z" changeset="1" uid="1" user="generator"/>
  <node id="1522" lat="49.0751689482" lon="31.3431621608" version="1" timestamp="2026-09-01T12:00:00Z" changeset="1" uid="1" user="generator"/>
  <node id="1523" lat="49.0751689482" lon="31.3346946795" version="1" timestamp="2026-09-01T12:00:00Z" changeset="1" uid="1" user="generator"/>
  <node id="1524" lat="49.0749169479" lon="31.2448514048" version="1" timestamp="2026-09-01T12:00:00Z" changeset="1" uid="1" user="generator"/>
  <node id="1525" lat="49.0749169479" lon="31.2501319653" version="1" timestamp="2026-09-01T12:00:00Z" changeset="1" uid="1" user="generator"/>
  <node id="1526" lat="49.0711595792" lon="31.2501319653" version="1" timestamp="2026-09-01T12:00:00Z" changeset="1" uid="1" user="generator"/>
  <node id="1527" lat="49.0711595792" lon="31.2448514048" version="1" timestamp="2026-09-01T12:00:00Z" changeset="1" uid="1" user="generator"/>
  <node id="1528" lat="49.0749169479" lon="31.2504618671" version="1" timestamp="2026-09-01T12:00:00Z" changeset="1" uid="1" user="generator"/>
  <node id="1529" lat="49.0749169479" lon="31.2555863977" version="1" timestamp="2026-09-01T12:00:00Z" changeset="1" uid="1" user="generator"/>
  <node id="1530" lat="49.0715599716" lon="31.2555863977" version="1" timestamp="2026-09-01T12:00:00Z" changeset="1" uid="1" user="generator"/>
  <node id="1531" lat="49.0711999712" lon="31.2550804932" version="1" timestamp="2026-09-01T12:00:00Z" changeset="1" uid="1" user="generator"/>
  <node id="1532" lat="49.0711595792" lon="31.2504618671" version="1" timestamp="2026-09-01T12:00:00Z" changeset="1" uid="1" user="generator"/>
  <node id="1533" lat="49.0749169479" lon="31.2559162996" version="1" timestamp="2026-09-01T12:00:00Z" changeset="1" uid="1" user="generator"/>
  <node id="1534" lat="49.0749169479" lon="31.2585555145" version="1" timestamp="2026-09-01T12:00:00Z" changeset="1" uid="1" user="generator"/>
  <node id="1535" lat="49.0728199728" lon="31.2588854164" version="1" timestamp="2026-09-01T12:00:00Z" changeset="1" uid="1" user="generator"/>
  <node id="1536" lat="49.0735759736" lon="31.2600818742" version="1" timestamp="2026-09-01T12:00:00Z" changeset="1" uid="1" user="generator"/>
  <node id="1537" lat="49.0711999712" lon="31.2600818742" version="1" timestamp="2026-09-01T12:00:00Z" changeset="1" uid="1" user="generator"/>
  <node id="1538" lat="49.0711595792" lon="31.2588854164" version="1" timestamp="2026-09-01T12:00:00Z" changeset="1" uid="1" user="generator"/>
  <node id="1539" lat="49.0734679735" lon="31.2585555145" version="1" timestamp="2026-09-01T12:00:00Z" changeset="1" uid="1" user="generator"/>
  <node id="1540" lat="49.0717759718" lon="31.2559162996" version="1" timestamp="2026-09-01T12:00:00Z" changeset="1" uid="1" user="generator"/>
  <node id="1541" lat="49.0738639739" lon="31.2652503368" version="1" timestamp="2026-09-01T12:00:00Z" changeset="1" uid="1" user="generator"/>
  <node id="1542" lat="49.0740799741" lon="31.2665699443" version="1" timestamp="2026-09-01T12:00:00Z" changeset="1" uid="1" user="generator"/>
  <node id="1543" lat="49.0745119745" lon="31.2675596499" version="1" timestamp="2026-09-01T12:00:00Z" changeset="1" uid="1" user="generator"/>
  <node id="1544" lat="49.0749169479" lon="31.2678895517" version="1" timestamp="2026-09-01T12:00:00Z" changeset="1" uid="1" user="generator"/>
  <node id="1545" lat="49.0749169479" lon="31.2737149864" version="1" timestamp="2026-09-01T12:00:00Z" changeset="1" uid="1" user="generator"/>
  <node id="1546" lat="49.0711595792" lon="31.2737149864" version="1" timestamp="2026-09-01T12:00:00Z" changeset="1" uid="1" user="generator"/>
  <node id="1547" lat="49.0711595792" lon="31.2652503368" version="1" timestamp="2026-09-01T12:00:00Z" changeset="1" uid="1" user="generator"/>
  <node id="1548" lat="49.0749169479" lon="31.2740448882" version="1" timestamp="2026-09-01T12:00:00Z" changeset="1" uid="1" user="generator"/>
  <node id="1549" lat="49.0749169479" lon="31.2815994485" version="1" timestamp="2026-09-01T12:00:00Z" changeset="1" uid="1" user="generator"/>
  <node id="1550" lat="49.0711595792" lon="31.2815994485" version="1" timestamp="2026-09-01T12:00:00Z" changeset="1" uid="1" user="generator"/>
  <node id="1551" lat="49.0711595792" lon="31.2740448882" version="1" timestamp="2026-09-01T12:00:00Z" changeset="1" uid="1" user="generator"/>
  <node id="1552" lat="49.0780399780" lon="31.2821852993" version="1" timestamp="2026-09-01T12:00:00Z" changeset="1" uid="1" user="generator"/>
  <node id="1553" lat="49.0780399780" lon="31.3011546565" version="1" timestamp="2026-09-01T12:00:00Z" changeset="1" uid="1" user="generator"/>
  <node id="1554" lat="49.0715599716" lon="31.3011546565" version="1" timestamp="2026-09-01T12:00:00Z" changeset="1" uid="1" user="generator"/>
  <node id="1555" lat="49.0715599716" lon="31.2821852993" version="1" timestamp="2026-09-01T12:00:00Z" changeset="1" uid="1" user="generator"/>
  <node id="1556" lat="49.0749169479" lon="31.3013196075" version="1" timestamp="2026-09-01T12:00:00Z" changeset="1" uid="1" user="generator"/>
  <node id="1557" lat="49.0749169479" lon="31.3072887556" version="1" timestamp="2026-09-01T12:00:00Z" changeset="1" uid="1" user="generator"/>
  <node id="1558" lat="49.0711595792" lon="31.3072887556" version="1" timestamp="2026-09-01T12:00:00Z" changeset="1" uid="1" user="generator"/>
  <node id="1559" lat="49.0711595792" lon="31.3013196075" version="1" timestamp="2026-09-01T12:00:00Z" changeset="1" uid="1" user="generator"/>
  <node id="1560" lat="49.0749169479" lon="31.3076186575" version="1" timestamp="2026-09-01T12:00:00Z" changeset="1" uid="1" user="generator"/>
  <node id="1561" lat="49.0749169479" lon="31.3137450038" version="1" timestamp="2026-09-01T12:00:00Z" changeset="1" uid="1" user="generator"/>
  <node id="1562" lat="49.0711595792" lon="31.3137450038" version="1" timestamp="2026-09-01T12:00:00Z" changeset="1" uid="1" user="generator"/>
  <node id="1563" lat="49.0711595792" lon="31.3076186575" version="1" timestamp="2026-09-01T12:00:00Z" changeset="1" uid="1" user="generator"/>
  <node id="1564" lat="49.0749169479" lon="31.3183095535" version="1" timestamp="2026-09-01T12:00:00Z" changeset="1" uid="1" user="generator"/>
  <node id="1565" lat="49.0749169479" lon="31.3229831633" version="1" timestamp="2026-09-01T12:00:00Z" changeset="1" uid="1" user="generator"/>
  <node id="1566" lat="49.0715239715" lon="31.3229831633" version="1" timestamp="2026-09-01T12:00:00Z" changeset="1" uid="1" user="generator"/>
  <node id="1567" lat="49.0715239715" lon="31.3183095535" version="1" timestamp="2026-09-01T12:00:00Z" changeset="1" uid="1" user="generator"/>
  <node id="1568" lat="49.0738639739" lon="31.3343097940" version="1" timestamp="2026-09-01T12:00:00Z" changeset="1" uid="1" user="generator"/>
  <node id="1569" lat="49.0740079740" lon="31.3346396959" version="1" timestamp="2026-09-01T12:00:00Z" changeset="1" uid="1" user="generator"/>
  <node id="1570" lat="49.0743319743" lon="31.3369490090" version="1" timestamp="2026-09-01T12:00:00Z" changeset="1" uid="1" user="generator"/>
  <node id="1571" lat="49.0743319743" lon="31.3388734365" version="1" timestamp="2026-09-01T12:00:00Z" changeset="1" uid="1" user="generator"/>
  <node id="1572" lat="49.0711595792" lon="31.3388734365" version="1" timestamp="2026-09-01T12:00:00Z" changeset="1" uid="1" user="generator"/>
  <node id="1573" lat="49.0711595792" lon="31.3343097940" version="1" timestamp="2026-09-01T12:00:00Z" changeset="1" uid="1" user="generator"/>
  <node id="1574" lat="49.0741159741" lon="31.3429422262" version="1" timestamp="2026-09-01T12:00:00Z" changeset="1" uid="1" user="generator"/>
  <node id="1575" lat="49.0748359748" lon="31.3442618336" version="1" timestamp="2026-09-01T12:00:00Z" changeset="1" uid="1" user="generator"/>
  <node id="1576" lat="49.0749169479" lon="31.3445917355" version="1" timestamp="2026-09-01T12:00:00Z" changeset="1" uid="1" user="generator"/>
  <node id="1577" lat="49.0749169479" lon="31.3449216374" version="1" timestamp="2026-09-01T12:00:00Z" changeset="1" uid="1" user="generator"/>
  <node id="1578" lat="49.0744399744" lon="31.3455264575" version="1" timestamp="2026-09-01T12:00:00Z" changeset="1" uid="1" user="generator"/>
  <node id="1579" lat="49.0716679717" lon="31.3455264575" version="1" timestamp="2026-09-01T12:00:00Z" changeset="1" uid="1" user="generator"/>
  <node id="1580" lat="49.0711999712" lon="31.3436020299" version="1" timestamp="2026-09-01T12:00:00Z" changeset="1" uid="1" user="generator"/>
  <node id="1581" lat="49.0711595792" lon="31.3429422262" version="1" timestamp="2026-09-01T12:00:00Z" changeset="1" uid="1" user="generator"/>
  <node id="1582" lat="49.0749169479" lon="31.3507499037" version="1" timestamp="2026-09-01T12:00:00Z" changeset="1" uid="1" user="generator"/>
  <node id="1583" lat="49.0749169479" lon="31.3552035789" version="1" timestamp="2026-09-01T12:00:00Z" changeset="1" uid="1" user="generator"/>
  <node id="1584" lat="49.0711595792" lon="31.3552035789" version="1" timestamp="2026-09-01T12:00:00Z" changeset="1" uid="1" user="generator"/>
  <node id="1585" lat="49.0711595792" lon="31.3520695111" version="1" timestamp="2026-09-01T12:00:00Z" changeset="1" uid="1" user="generator"/>
  <node id="1586" lat="49.0719199719" lon="31.3514097074" version="1" timestamp="2026-09-01T12:00:00Z" changeset="1" uid="1" user="generator"/>
  <node id="1587" lat="49.0722079722" lon="31.3507499037" version="1" timestamp="2026-09-01T12:00:00Z" changeset="1" uid="1" user="generator"/>
  <node id="1588" lat="49.0709075789" lon="31.2448514048" version="1" timestamp="2026-09-01T12:00:00Z" changeset="1" uid="1" user="generator"/>
  <node id="1589" lat="49.0709075789" lon="31.2516143930" version="1" timestamp="2026-09-01T12:00:00Z" changeset="1" uid="1" user="generator"/>
  <node id="1590" lat="49.0690759691" lon="31.2516143930" version="1" timestamp="2026-09-01T12:00:00Z" changeset="1" uid="1" user="generator"/>
  <node id="1591" lat="49.0683775684" lon="31.2501298346" version="1" timestamp="2026-09-01T12:00:00Z" changeset="1" uid="1" user="generator"/>
  <node id="1592" lat="49.0683775684" lon="31.2448514048" version="1" timestamp="2026-09-01T12:00:00Z" changeset="1" uid="1" user="generator"/>
  <node id="1593" lat="49.0701919702" lon="31.2547484608" version="1" timestamp="2026-09-01T12:00:00Z" changeset="1" uid="1" user="generator"/>
  <node id="1594" lat="49.0708039708" lon="31.2557381664" version="1" timestamp="2026-09-01T12:00:00Z" changeset="1" uid="1" user="generator"/>
  <node id="1595" lat="49.0709075789" lon="31.2560680682" version="1" timestamp="2026-09-01T12:00:00Z" changeset="1" uid="1" user="generator"/>
  <node id="1596" lat="49.0709075789" lon="31.2593670869" version="1" timestamp="2026-09-01T12:00:00Z" changeset="1" uid="1" user="generator"/>
  <node id="1597" lat="49.0701919702" lon="31.2598069560" version="1" timestamp="2026-09-01T12:00:00Z" changeset="1" uid="1" user="generator"/>
  <node id="1598" lat="49.0683775684" lon="31.2598069560" version="1" timestamp="2026-09-01T12:00:00Z" changeset="1" uid="1" user="generator"/>
  <node id="1599" lat="49.0683775684" lon="31.2547484608" version="1" timestamp="2026-09-01T12:00:00Z" changeset="1" uid="1" user="generator"/>
  <node id="1600" lat="49.0709075789" lon="31.2842196941" version="1" timestamp="2026-09-01T12:00:00Z" changeset="1" uid="1" user="generator"/>
  <node id="1601" lat="49.0709075789" lon="31.2877386473" version="1" timestamp="2026-09-01T12:00:00Z" changeset="1" uid="1" user="generator"/>
  <node id="1602" lat="49.0683775684" lon="31.2877386473" version="1" timestamp="2026-09-01T12:00:00Z" changeset="1" uid="1" user="generator"/>
  <node id="1603" lat="49.0683775684" lon="31.2842196941" version="1" timestamp="2026-09-01T12:00:00Z" changeset="1" uid="1" user="generator"/>
  <node id="1604" lat="49.0697959698" lon="31.2918624206" version="1" timestamp="2026-09-01T12:00:00Z" changeset="1" uid="1" user="generator"/>
  <node id="1605" lat="49.0697959698" lon="31.3072028574" version="1" timestamp="2026-09-01T12:00:00Z" changeset="1" uid="1" user="generator"/>
  <node id="1606" lat="49.0683775684" lon="31.3072028574" version="1" timestamp="2026-09-01T12:00:00Z" changeset="1" uid="1" user="generator"/>
  <node id="1607" lat="49.0683775684" lon="31.2918624206" version="1" timestamp="2026-09-01T12:00:00Z" changeset="1" uid="1" user="generator"/>
  <node id="1608" lat="49.0709075789" lon="31.3527293149" version="1" timestamp="2026-09-01T12:00:00Z" changeset="1" uid="1" user="generator"/>
  <node id="1609" lat="49.0709075789" lon="31.3552035789" version="1" timestamp="2026-09-01T12:00:00Z" changeset="1" uid="1" user="generator"/>
  <node id="1610" lat="49.0683775684" lon="31.3552035789" version="1" timestamp="2026-09-01T12:00:00Z" changeset="1" uid="1" user="generator"/>
  <node id="1611" lat="49.0683775684" lon="31.3527293149" version="1" timestamp="2026-09-01T12:00:00Z" changeset="1" uid="1" user="generator"/>
  <node id="1612" lat="49.0681255681" lon="31.2448514048" version="1" timestamp="2026-09-01T12:00:00Z" changeset="1" uid="1" user="generator"/>
  <node id="1613" lat="49.0681255681" lon="31.2465009141" version="1" timestamp="2026-09-01T12:00:00Z" changeset="1" uid="1" user="generator"/>
  <node id="1614" lat="49.0656919657" lon="31.2468308160" version="1" timestamp="2026-09-01T12:00:00Z" changeset="1" uid="1" user="generator"/>
  <node id="1615" lat="49.0680319680" lon="31.2511195402" version="1" timestamp="2026-09-01T12:00:00Z" changeset="1" uid="1" user="generator"/>
  <node id="1616" lat="49.0681255681" lon="31.2514494421" version="1" timestamp="2026-09-01T12:00:00Z" changeset="1" uid="1" user="generator"/>
  <node id="1617" lat="49.0681255681" lon="31.2539034584" version="1" timestamp="2026-09-01T12:00:00Z" changeset="1" uid="1" user="generator"/>
  <node id="1618" lat="49.0638559639" lon="31.2539034584" version="1" timestamp="2026-09-01T12:00:00Z" changeset="1" uid="1" user="generator"/>
  <node id="1619" lat="49.0638559639" lon="31.2468308160" version="1" timestamp="2026-09-01T12:00:00Z" changeset="1" uid="1" user="generator"/>
  <node id="1620" lat="49.0663039663" lon="31.2465009141" version="1" timestamp="2026-09-01T12:00:00Z" changeset="1" uid="1" user="generator"/>
  <node id="1621" lat="49.0654039654" lon="31.2448514048" version="1" timestamp="2026-09-01T12:00:00Z" changeset="1" uid="1" user="generator"/>
  <node id="1622" lat="49.0681255681" lon="31.2542333602" version="1" timestamp="2026-09-01T12:00:00Z" changeset="1" uid="1" user="generator"/>
  <node id="1623" lat="49.0681255681" lon="31.2624527690" version="1" timestamp="2026-09-01T12:00:00Z" changeset="1" uid="1" user="generator"/>
  <node id="1624" lat="49.0638559639" lon="31.2624527690" version="1" timestamp="2026-09-01T12:00:00Z" changeset="1" uid="1" user="generator"/>
  <node id="1625" lat="49.0638559639" lon="31.2542333602" version="1" timestamp="2026-09-01T12:00:00Z" changeset="1" uid="1" user="generator"/>
  <node id="1626" lat="49.0696879697" lon="31.2634358766" version="1" timestamp="2026-09-01T12:00:00Z" changeset="1" uid="1" user="generator"/>
  <node id="1627" lat="49.0696879697" lon="31.2840547432" version="1" timestamp="2026-09-01T12:00:00Z" changeset="1" uid="1" user="generator"/>
  <node id="1628" lat="49.0642879643" lon="31.2840547432" version="1" timestamp="2026-09-01T12:00:00Z" changeset="1" uid="1" user="generator"/>
  <node id="1629" lat="49.0642879643" lon="31.2634358766" version="1" timestamp="2026-09-01T12:00:00Z" changeset="1" uid="1" user="generator"/>
  <node id="1630" lat="49.0681255681" lon="31.3012581907" version="1" timestamp="2026-09-01T12:00:00Z" changeset="1" uid="1" user="generator"/>
  <node id="1631" lat="49.0681255681" lon="31.3072028574" version="1" timestamp="2026-09-01T12:00:00Z" changeset="1" uid="1" user="generator"/>
  <node id="1632" lat="49.0638559639" lon="31.3072028574" version="1" timestamp="2026-09-01T12:00:00Z" changeset="1" uid="1" user="generator"/>
  <node id="1633" lat="49.0638559639" lon="31.3012581907" version="1" timestamp="2026-09-01T12:00:00Z" changeset="1" uid="1" user="generator"/>
  <node id="1634" lat="49.0708399708" lon="31.3192442755" version="1" timestamp="2026-09-01T12:00:00Z" changeset="1" uid="1" user="generator"/>
  <node id="1635" lat="49.0708399708" lon="31.3365641234" version="1" timestamp="2026-09-01T12:00:00Z" changeset="1" uid="1" user="generator"/>
  <node id="1636" lat="49.0639999640" lon="31.3365641234" version="1" timestamp="2026-09-01T12:00:00Z" changeset="1" uid="1" user="generator"/>
  <node id="1637" lat="49.0639999640" lon="31.3192442755" version="1" timestamp="2026-09-01T12:00:00Z" changeset="1" uid="1" user="generator"/>
  <node id="1638" lat="49.0669159669" lon="31.3499801327" version="1" timestamp="2026-09-01T12:00:00Z" changeset="1" uid="1" user="generator"/>
  <node id="1639" lat="49.0673119673" lon="31.3509698383" version="1" timestamp="2026-09-01T12:00:00Z" changeset="1" uid="1" user="generator"/>
  <node id="1640" lat="49.0672399672" lon="31.3512997401" version="1" timestamp="2026-09-01T12:00:00Z" changeset="1" uid="1" user="generator"/>
  <node id="1641" lat="49.0655839656" lon="31.3529492494" version="1" timestamp="2026-09-01T12:00:00Z" changeset="1" uid="1" user="generator"/>
  <node id="1642" lat="49.0681255681" lon="31.3532791513" version="1" timestamp="2026-09-01T12:00:00Z" changeset="1" uid="1" user="generator"/>
  <node id="1643" lat="49.0681255681" lon="31.3552035789" version="1" timestamp="2026-09-01T12:00:00Z" changeset="1" uid="1" user="generator"/>
  <node id="1644" lat="49.0644679645" lon="31.3552035789" version="1" timestamp="2026-09-01T12:00:00Z" changeset="1" uid="1" user="generator"/>
  <node id="1645" lat="49.0661239661" lon="31.3532791513" version="1" timestamp="2026-09-01T12:00:00Z" changeset="1" uid="1" user="generator"/>
  <node id="1646" lat="49.0638559639" lon="31.3529492494" version="1" timestamp="2026-09-01T12:00:00Z" changeset="1" uid="1" user="generator"/>
  <node id="1647" lat="49.0638559639" lon="31.3499801327" version="1" timestamp="2026-09-01T12:00:00Z" changeset="1" uid="1" user="generator"/>
  <node id="1648" lat="49.0681255681" lon="31.2842196941" version="1" timestamp="2026-09-01T12:00:00Z" changeset="1" uid="1" user="generator"/>
  <node id="1649" lat="49.0681255681" lon="31.2880135655" version="1" timestamp="2026-09-01T12:00:00Z" changeset="1" uid="1" user="generator"/>
  <node id="1650" lat="49.0650439650" lon="31.2880135655" version="1" timestamp="2026-09-01T12:00:00Z" changeset="1" uid="1" user="generator"/>
  <node id="1651" lat="49.0650079650" lon="31.2878486146" version="1" timestamp="2026-09-01T12:00:00Z" changeset="1" uid="1" user="generator"/>
  <node id="1652" lat="49.0638559639" lon="31.2875187127" version="1" timestamp="2026-09-01T12:00:00Z" changeset="1" uid="1" user="generator"/>
  <node id="1653" lat="49.0638559639" lon="31.2842196941" version="1" timestamp="2026-09-01T12:00:00Z" changeset="1" uid="1" user="generator"/>
  <node id="1654" lat="49.0681255681" lon="31.2935669136" version="1" timestamp="2026-09-01T12:00:00Z" changeset="1" uid="1" user="generator"/>
  <node id="1655" lat="49.0681255681" lon="31.3009282889" version="1" timestamp="2026-09-01T12:00:00Z" changeset="1" uid="1" user="generator"/>
  <node id="1656" lat="49.0638559639" lon="31.3009282889" version="1" timestamp="2026-09-01T12:00:00Z" changeset="1" uid="1" user="generator"/>
  <node id="1657" lat="49.0638559639" lon="31.2938968155" version="1" timestamp="2026-09-01T12:00:00Z" changeset="1" uid="1" user="generator"/>
  <node id="1658" lat="49.0648279648" lon="31.2935669136" version="1" timestamp="2026-09-01T12:00:00Z" changeset="1" uid="1" user="generator"/>
  <node id="1659" lat="49.1247296307" lon="31.2448514048" version="1" timestamp="2026-09-01T12:00:00Z" changeset="1" uid="1" user="generator"/>
  <node id="1660" lat="49.1249025029" lon="31.2577526571" version="1" timestamp="2026-09-01T12:00:00Z" changeset="1" uid="1" user="generator"/>
  <node id="1661" lat="49.1245470925" lon="31.2582150008" version="1" timestamp="2026-09-01T12:00:00Z" changeset="1" uid="1" user="generator"/>
  <node id="1662" lat="49.1247296307" lon="31.2776766404" version="1" timestamp="2026-09-01T12:00:00Z" changeset="1" uid="1" user="generator"/>
  <node id="1663" lat="49.1247296307" lon="31.2986254089" version="1" timestamp="2026-09-01T12:00:00Z" changeset="1" uid="1" user="generator"/>
  <node id="1664" lat="49.1246421326" lon="31.3175648688" version="1" timestamp="2026-09-01T12:00:00Z" changeset="1" uid="1" user="generator"/>
  <node id="1665" lat="49.1194167094" lon="31.2448514048" version="1" timestamp="2026-09-01T12:00:00Z" changeset="1" uid="1" user="generator"/>
  <node id="1666" lat="49.1193876034" lon="31.2649942642" version="1" timestamp="2026-09-01T12:00:00Z" changeset="1" uid="1" user="generator"/>
  <node id="1667" lat="49.1191572122" lon="31.2720007476" version="1" timestamp="2026-09-01T12:00:00Z" changeset="1" uid="1" user="generator"/>
  <node id="1668" lat="49.1194167094" lon="31.2883984511" version="1" timestamp="2026-09-01T12:00:00Z" changeset="1" uid="1" user="generator"/>
  <node id="1669" lat="49.1196960517" lon="31.2958786460" version="1" timestamp="2026-09-01T12:00:00Z" changeset="1" uid="1" user="generator"/>
  <node id="1670" lat="49.1195903646" lon="31.3043890007" version="1" timestamp="2026-09-01T12:00:00Z" changeset="1" uid="1" user="generator"/>
  <node id="1671" lat="49.1195334935" lon="31.3133089423" version="1" timestamp="2026-09-01T12:00:00Z" changeset="1" uid="1" user="generator"/>
  <node id="1672" lat="49.1194167094" lon="31.3323853665" version="1" timestamp="2026-09-01T12:00:00Z" changeset="1" uid="1" user="generator"/>
  <node id="1673" lat="49.1147420777" lon="31.2794911007" version="1" timestamp="2026-09-01T12:00:00Z" changeset="1" uid="1" user="generator"/>
  <node id="1674" lat="49.1149655390" lon="31.2851828976" version="1" timestamp="2026-09-01T12:00:00Z" changeset="1" uid="1" user="generator"/>
  <node id="1675" lat="49.1145365085" lon="31.2859199946" version="1" timestamp="2026-09-01T12:00:00Z" changeset="1" uid="1" user="generator"/>
  <node id="1676" lat="49.1147420777" lon="31.3043437079" version="1" timestamp="2026-09-01T12:00:00Z" changeset="1" uid="1" user="generator"/>
  <node id="1677" lat="49.1100636211" lon="31.2794911007" version="1" timestamp="2026-09-01T12:00:00Z" changeset="1" uid="1" user="generator"/>
  <node id="1678" lat="49.1102291132" lon="31.2922073468" version="1" timestamp="2026-09-01T12:00:00Z" changeset="1" uid="1" user="generator"/>
  <node id="1679" lat="49.1100636211" lon="31.3173198479" version="1" timestamp="2026-09-01T12:00:00Z" changeset="1" uid="1" user="generator"/>
  <node id="1680" lat="49.1099057699" lon="31.3407868673" version="1" timestamp="2026-09-01T12:00:00Z" changeset="1" uid="1" user="generator"/>
  <node id="1681" lat="49.1102621163" lon="31.3414148493" version="1" timestamp="2026-09-01T12:00:00Z" changeset="1" uid="1" user="generator"/>
  <node id="1682" lat="49.1100636211" lon="31.3552035789" version="1" timestamp="2026-09-01T12:00:00Z" changeset="1" uid="1" user="generator"/>
  <node id="1683" lat="49.1010557731" lon="31.2946114929" version="1" timestamp="2026-09-01T12:00:00Z" changeset="1" uid="1" user="generator"/>
  <node id="1684" lat="49.1008640009" lon="31.3002199346" version="1" timestamp="2026-09-01T12:00:00Z" changeset="1" uid="1" user="generator"/>
  <node id="1685" lat="49.1008640009" lon="31.3312307100" version="1" timestamp="2026-09-01T12:00:00Z" changeset="1" uid="1" user="generator"/>
  <node id="1686" lat="49.1008640009" lon="31.3408528477" version="1" timestamp="2026-09-01T12:00:00Z" changeset="1" uid="1" user="generator"/>
  <node id="1687" lat="49.1008640009" lon="31.3552035789" version="1" timestamp="2026-09-01T12:00:00Z" changeset="1" uid="1" user="generator"/>
  <node id="1688" lat="49.0937692488" lon="31.2448514048" version="1" timestamp="2026-09-01T12:00:00Z" changeset="1" uid="1" user="generator"/>
  <node id="1689" lat="49.0937474147" lon="31.2609973519" version="1" timestamp="2026-09-01T12:00:00Z" changeset="1" uid="1" user="generator"/>
  <node id="1690" lat="49.0938028188" lon="31.2610083899" version="1" timestamp="2026-09-01T12:00:00Z" changeset="1" uid="1" user="generator"/>
  <node id="1691" lat="49.0937692488" lon="31.2669548298" version="1" timestamp="2026-09-01T12:00:00Z" changeset="1" uid="1" user="generator"/>
  <node id="1692" lat="49.0939278919" lon="31.3170863324" version="1" timestamp="2026-09-01T12:00:00Z" changeset="1" uid="1" user="generator"/>
  <node id="1693" lat="49.0936266166" lon="31.3399710063" version="1" timestamp="2026-09-01T12:00:00Z" changeset="1" uid="1" user="generator"/>
  <node id="1694" lat="49.0939506170" lon="31.3404658591" version="1" timestamp="2026-09-01T12:00:00Z" changeset="1" uid="1" user="generator"/>
  <node id="1695" lat="49.0937692488" lon="31.3502550509" version="1" timestamp="2026-09-01T12:00:00Z" changeset="1" uid="1" user="generator"/>
  <node id="1696" lat="49.0710335790" lon="31.3184195208" version="1" timestamp="2026-09-01T12:00:00Z" changeset="1" uid="1" user="generator"/>
  <node id="1697" lat="49.0710335790" lon="31.3427772753" version="1" timestamp="2026-09-01T12:00:00Z" changeset="1" uid="1" user="generator"/>
  <node id="1698" lat="49.1084960085" lon="31.2928246344" version="1" timestamp="2026-09-01T12:00:00Z" changeset="1" uid="1" user="generator"/>
  <node id="1699" lat="49.1081810082" lon="31.2944878897" version="1" timestamp="2026-09-01T12:00:00Z" changeset="1" uid="1" user="generator"/>
  <node id="1700" lat="49.1067410067" lon="31.2962473663" version="1" timestamp="2026-09-01T12:00:00Z" changeset="1" uid="1" user="generator"/>
  <node id="1701" lat="49.1058140058" lon="31.2964810468" version="1" timestamp="2026-09-01T12:00:00Z" changeset="1" uid="1" user="generator"/>
  <node id="1702" lat="49.1039150039" lon="31.2949277588" version="1" timestamp="2026-09-01T12:00:00Z" changeset="1" uid="1" user="generator"/>
  <node id="1703" lat="49.1017010017" lon="31.2905565591" version="1" timestamp="2026-09-01T12:00:00Z" changeset="1" uid="1" user="generator"/>
  <node id="1704" lat="49.1007740008" lon="31.2909826823" version="1" timestamp="2026-09-01T12:00:00Z" changeset="1" uid="1" user="generator"/>
  <node id="1705" lat="49.1001170001" lon="31.2898967554" version="1" timestamp="2026-09-01T12:00:00Z" changeset="1" uid="1" user="generator"/>
  <node id="1706" lat="49.0996219996" lon="31.2898830095" version="1" timestamp="2026-09-01T12:00:00Z" changeset="1" uid="1" user="generator"/>
  <node id="1707" lat="49.0985329985" lon="31.2916287402" version="1" timestamp="2026-09-01T12:00:00Z" changeset="1" uid="1" user="generator"/>
  <node id="1708" lat="49.0975789976" lon="31.2914088056" version="1" timestamp="2026-09-01T12:00:00Z" changeset="1" uid="1" user="generator"/>
  <node id="1709" lat="49.0966879967" lon="31.2889207957" version="1" timestamp="2026-09-01T12:00:00Z" changeset="1" uid="1" user="generator"/>
  <node id="1710" lat="49.0965439965" lon="31.2838073168" version="1" timestamp="2026-09-01T12:00:00Z" changeset="1" uid="1" user="generator"/>
  <node id="1711" lat="49.0970029970" lon="31.2830787835" version="1" timestamp="2026-09-01T12:00:00Z" changeset="1" uid="1" user="generator"/>
  <node id="1712" lat="49.0979569980" lon="31.2828313571" version="1" timestamp="2026-09-01T12:00:00Z" changeset="1" uid="1" user="generator"/>
  <node id="1713" lat="49.0985509986" lon="31.2819241269" version="1" timestamp="2026-09-01T12:00:00Z" changeset="1" uid="1" user="generator"/>
  <node id="1714" lat="49.0985599986" lon="31.2802883635" version="1" timestamp="2026-09-01T12:00:00Z" changeset="1" uid="1" user="generator"/>
  <node id="1715" lat="49.0979839980" lon="31.2785288869" version="1" timestamp="2026-09-01T12:00:00Z" changeset="1" uid="1" user="generator"/>
  <node id="1716" lat="49.0989829990" lon="31.2770855662" version="1" timestamp="2026-09-01T12:00:00Z" changeset="1" uid="1" user="generator"/>
  <node id="1717" lat="49.0989829990" lon="31.2760683688" version="1" timestamp="2026-09-01T12:00:00Z" changeset="1" uid="1" user="generator"/>
  <node id="1718" lat="49.0973539974" lon="31.2740477199" version="1" timestamp="2026-09-01T12:00:00Z" changeset="1" uid="1" user="generator"/>
  <node id="1719" lat="49.0958329958" lon="31.2760683688" version="1" timestamp="2026-09-01T12:00:00Z" changeset="1" uid="1" user="generator"/>
  <node id="1720" lat="49.0958329958" lon="31.2770855662" version="1" timestamp="2026-09-01T12:00:00Z" changeset="1" uid="1" user="generator"/>
  <node id="1721" lat="49.0968319968" lon="31.2785288869" version="1" timestamp="2026-09-01T12:00:00Z" changeset="1" uid="1" user="generator"/>
  <node id="1722" lat="49.0968229968" lon="31.2792849120" version="1" timestamp="2026-09-01T12:00:00Z" changeset="1" uid="1" user="generator"/>
  <node id="1723" lat="49.0959139959" lon="31.2813055609" version="1" timestamp="2026-09-01T12:00:00Z" changeset="1" uid="1" user="generator"/>
  <node id="1724" lat="49.0948249948" lon="31.2808244541" version="1" timestamp="2026-09-01T12:00:00Z" changeset="1" uid="1" user="generator"/>
  <node id="1725" lat="49.0948159948" lon="31.2761096066" version="1" timestamp="2026-09-01T12:00:00Z" changeset="1" uid="1" user="generator"/>
  <node id="1726" lat="49.0943299943" lon="31.2753673274" version="1" timestamp="2026-09-01T12:00:00Z" changeset="1" uid="1" user="generator"/>
  <node id="1727" lat="49.0910989911" lon="31.2753810733" version="1" timestamp="2026-09-01T12:00:00Z" changeset="1" uid="1" user="generator"/>
  <node id="1728" lat="49.0907839908" lon="31.2758896720" version="1" timestamp="2026-09-01T12:00:00Z" changeset="1" uid="1" user="generator"/>
  <node id="1729" lat="49.0907299907" lon="31.2780065423" version="1" timestamp="2026-09-01T12:00:00Z" changeset="1" uid="1" user="generator"/>
  <node id="1730" lat="49.0879309879" lon="31.2775529272" version="1" timestamp="2026-09-01T12:00:00Z" changeset="1" uid="1" user="generator"/>
  <node id="1731" lat="49.0873279873" lon="31.2759446556" version="1" timestamp="2026-09-01T12:00:00Z" changeset="1" uid="1" user="generator"/>
  <node id="1732" lat="49.0873189873" lon="31.2677108549" version="1" timestamp="2026-09-01T12:00:00Z" changeset="1" uid="1" user="generator"/>
  <node id="1733" lat="49.0859779860" lon="31.2661300751" version="1" timestamp="2026-09-01T12:00:00Z" changeset="1" uid="1" user="generator"/>
  <node id="1734" lat="49.0833499833" lon="31.2663500097" version="1" timestamp="2026-09-01T12:00:00Z" changeset="1" uid="1" user="generator"/>
  <node id="1735" lat="49.0824409824" lon="31.2654290337" version="1" timestamp="2026-09-01T12:00:00Z" changeset="1" uid="1" user="generator"/>
  <node id="1736" lat="49.0819909820" lon="31.2622124905" version="1" timestamp="2026-09-01T12:00:00Z" changeset="1" uid="1" user="generator"/>
  <node id="1737" lat="49.0811449811" lon="31.2603705384" version="1" timestamp="2026-09-01T12:00:00Z" changeset="1" uid="1" user="generator"/>
  <node id="1738" lat="49.0802719803" lon="31.2572502166" version="1" timestamp="2026-09-01T12:00:00Z" changeset="1" uid="1" user="generator"/>
  <node id="1739" lat="49.0799839800" lon="31.2550508708" version="1" timestamp="2026-09-01T12:00:00Z" changeset="1" uid="1" user="generator"/>
  <node id="1740" lat="49.0801369801" lon="31.2540749111" version="1" timestamp="2026-09-01T12:00:00Z" changeset="1" uid="1" user="generator"/>
  <node id="1741" lat="49.0857169857" lon="31.2538274847" version="1" timestamp="2026-09-01T12:00:00Z" changeset="1" uid="1" user="generator"/>
  <node id="1742" lat="49.0867609868" lon="31.2572914543" version="1" timestamp="2026-09-01T12:00:00Z" changeset="1" uid="1" user="generator"/>
  <node id="1743" lat="49.0880749881" lon="31.2586385536" version="1" timestamp="2026-09-01T12:00:00Z" changeset="1" uid="1" user="generator"/>
  <node id="1744" lat="49.0900369900" lon="31.2597657183" version="1" timestamp="2026-09-01T12:00:00Z" changeset="1" uid="1" user="generator"/>
  <node id="1745" lat="49.0909189909" lon="31.2611128176" version="1" timestamp="2026-09-01T12:00:00Z" changeset="1" uid="1" user="generator"/>
  <node id="1746" lat="49.0922329922" lon="31.2656489682" version="1" timestamp="2026-09-01T12:00:00Z" changeset="1" uid="1" user="generator"/>
  <node id="1747" lat="49.0942309942" lon="31.2679307895" version="1" timestamp="2026-09-01T12:00:00Z" changeset="1" uid="1" user="generator"/>
  <node id="1748" lat="49.0942309942" lon="31.2687280523" version="1" timestamp="2026-09-01T12:00:00Z" changeset="1" uid="1" user="generator"/>
  <node id="1749" lat="49.0929439929" lon="31.2706112421" version="1" timestamp="2026-09-01T12:00:00Z" changeset="1" uid="1" user="generator"/>
  <node id="1750" lat="49.0929529930" lon="31.2718071364" version="1" timestamp="2026-09-01T12:00:00Z" changeset="1" uid="1" user="generator"/>
  <node id="1751" lat="49.0941229941" lon="31.2735941048" version="1" timestamp="2026-09-01T12:00:00Z" changeset="1" uid="1" user="generator"/>
  <node id="1752" lat="49.0947889948" lon="31.2735941048" version="1" timestamp="2026-09-01T12:00:00Z" changeset="1" uid="1" user="generator"/>
  <node id="1753" lat="49.0961389961" lon="31.2712023163" version="1" timestamp="2026-09-01T12:00:00Z" changeset="1" uid="1" user="generator"/>
  <node id="1754" lat="49.0964899965" lon="31.2711885704" version="1" timestamp="2026-09-01T12:00:00Z" changeset="1" uid="1" user="generator"/>
  <node id="1755" lat="49.0970029970" lon="31.2720545628" version="1" timestamp="2026-09-01T12:00:00Z" changeset="1" uid="1" user="generator"/>
  <node id="1756" lat="49.0982449982" lon="31.2729617929" version="1" timestamp="2026-09-01T12:00:00Z" changeset="1" uid="1" user="generator"/>
  <node id="1757" lat="49.0982809983" lon="31.2735666130" version="1" timestamp="2026-09-01T12:00:00Z" changeset="1" uid="1" user="generator"/>
  <node id="1758" lat="49.0994509995" lon="31.2753535814" version="1" timestamp="2026-09-01T12:00:00Z" changeset="1" uid="1" user="generator"/>
  <node id="1759" lat="49.1008100008" lon="31.2749274582" version="1" timestamp="2026-09-01T12:00:00Z" changeset="1" uid="1" user="generator"/>
  <node id="1760" lat="49.1017190017" lon="31.2760683688" version="1" timestamp="2026-09-01T12:00:00Z" changeset="1" uid="1" user="generator"/>
  <node id="1761" lat="49.1020160020" lon="31.2769893449" version="1" timestamp="2026-09-01T12:00:00Z" changeset="1" uid="1" user="generator"/>
  <node id="1762" lat="49.1020070020" lon="31.2784051737" version="1" timestamp="2026-09-01T12:00:00Z" changeset="1" uid="1" user="generator"/>
  <node id="1763" lat="49.1008910009" lon="31.2782402228" version="1" timestamp="2026-09-01T12:00:00Z" changeset="1" uid="1" user="generator"/>
  <node id="1764" lat="49.0997209997" lon="31.2800271912" version="1" timestamp="2026-09-01T12:00:00Z" changeset="1" uid="1" user="generator"/>
  <node id="1765" lat="49.0997119997" lon="31.2810031509" version="1" timestamp="2026-09-01T12:00:00Z" changeset="1" uid="1" user="generator"/>
  <node id="1766" lat="49.1008910009" lon="31.2830512916" version="1" timestamp="2026-09-01T12:00:00Z" changeset="1" uid="1" user="generator"/>
  <node id="1767" lat="49.1021330021" lon="31.2826389143" version="1" timestamp="2026-09-01T12:00:00Z" changeset="1" uid="1" user="generator"/>
  <node id="1768" lat="49.1023130023" lon="31.2836836036" version="1" timestamp="2026-09-01T12:00:00Z" changeset="1" uid="1" user="generator"/>
  <node id="1769" lat="49.1034470034" lon="31.2846458173" version="1" timestamp="2026-09-01T12:00:00Z" changeset="1" uid="1" user="generator"/>
  <node id="1770" lat="49.1032850033" lon="31.2854705720" version="1" timestamp="2026-09-01T12:00:00Z" changeset="1" uid="1" user="generator"/>
  <node id="1771" lat="49.1026190026" lon="31.2854980638" version="1" timestamp="2026-09-01T12:00:00Z" changeset="1" uid="1" user="generator"/>
  <node id="1772" lat="49.1014490014" lon="31.2872850323" version="1" timestamp="2026-09-01T12:00:00Z" changeset="1" uid="1" user="generator"/>
  <node id="1773" lat="49.1017370017" lon="31.2887420988" version="1" timestamp="2026-09-01T12:00:00Z" changeset="1" uid="1" user="generator"/>
  <node id="1774" lat="49.1026190026" lon="31.2900891981" version="1" timestamp="2026-09-01T12:00:00Z" changeset="1" uid="1" user="generator"/>
  <node id="1775" lat="49.1032850033" lon="31.2900891981" version="1" timestamp="2026-09-01T12:00:00Z" changeset="1" uid="1" user="generator"/>
  <node id="1776" lat="49.1044640045" lon="31.2882609919" version="1" timestamp="2026-09-01T12:00:00Z" changeset="1" uid="1" user="generator"/>
  <node id="1777" lat="49.1044550045" lon="31.2872850323" version="1" timestamp="2026-09-01T12:00:00Z" changeset="1" uid="1" user="generator"/>
  <node id="1778" lat="49.1038880039" lon="31.2862815808" version="1" timestamp="2026-09-01T12:00:00Z" changeset="1" uid="1" user="generator"/>
  <node id="1779" lat="49.1041850042" lon="31.2850856865" version="1" timestamp="2026-09-01T12:00:00Z" changeset="1" uid="1" user="generator"/>
  <node id="1780" lat="49.1045540046" lon="31.2848245142" version="1" timestamp="2026-09-01T12:00:00Z" changeset="1" uid="1" user="generator"/>
  <node id="1781" lat="49.1060210060" lon="31.2854980638" version="1" timestamp="2026-09-01T12:00:00Z" changeset="1" uid="1" user="generator"/>
  <node id="1782" lat="49.1074790075" lon="31.2877249014" version="1" timestamp="2026-09-01T12:00:00Z" changeset="1" uid="1" user="generator"/>
  <node id="1783" lat="49.1082080082" lon="31.2901854195" version="1" timestamp="2026-09-01T12:00:00Z" changeset="1" uid="1" user="generator"/>
  <node id="1784" lat="49.1084960085" lon="31.2927833967" version="1" timestamp="2026-09-01T12:00:00Z" changeset="1" uid="1" user="generator"/>
  <node id="1785" lat="49.0972639973" lon="31.3546262506" version="1" timestamp="2026-09-01T12:00:00Z" changeset="1" uid="1" user="generator"/>
  <node id="1786" lat="49.0972099972" lon="31.3552035789" version="1" timestamp="2026-09-01T12:00:00Z" changeset="1" uid="1" user="generator"/>
  <node id="1787" lat="49.0888219888" lon="31.3552035789" version="1" timestamp="2026-09-01T12:00:00Z" changeset="1" uid="1" user="generator"/>
  <node id="1788" lat="49.0863469863" lon="31.3536502909" version="1" timestamp="2026-09-01T12:00:00Z" changeset="1" uid="1" user="generator"/>
  <node id="1789" lat="49.0850329850" lon="31.3514234533" version="1" timestamp="2026-09-01T12:00:00Z" changeset="1" uid="1" user="generator"/>
  <node id="1790" lat="49.0840069840" lon="31.3477670410" version="1" timestamp="2026-09-01T12:00:00Z" changeset="1" uid="1" user="generator"/>
  <node id="1791" lat="49.0831249831" lon="31.3464199417" version="1" timestamp="2026-09-01T12:00:00Z" changeset="1" uid="1" user="generator"/>
  <node id="1792" lat="49.0802809803" lon="31.3441656123" version="1" timestamp="2026-09-01T12:00:00Z" changeset="1" uid="1" user="generator"/>
  <node id="1793" lat="49.0796959797" lon="31.3425848325" version="1" timestamp="2026-09-01T12:00:00Z" changeset="1" uid="1" user="generator"/>
  <node id="1794" lat="49.0798489798" lon="31.3405091999" version="1" timestamp="2026-09-01T12:00:00Z" changeset="1" uid="1" user="generator"/>
  <node id="1795" lat="49.0815949816" lon="31.3376225586" version="1" timestamp="2026-09-01T12:00:00Z" changeset="1" uid="1" user="generator"/>
  <node id="1796" lat="49.0823779824" lon="31.3376088127" version="1" timestamp="2026-09-01T12:00:00Z" changeset="1" uid="1" user="generator"/>
  <node id="1797" lat="49.0840069840" lon="31.3402892653" version="1" timestamp="2026-09-01T12:00:00Z" changeset="1" uid="1" user="generator"/>
  <node id="1798" lat="49.0848889849" lon="31.3428460048" version="1" timestamp="2026-09-01T12:00:00Z" changeset="1" uid="1" user="generator"/>
  <node id="1799" lat="49.0857709858" lon="31.3439731695" version="1" timestamp="2026-09-01T12:00:00Z" changeset="1" uid="1" user="generator"/>
  <node id="1800" lat="49.0865539866" lon="31.3442068500" version="1" timestamp="2026-09-01T12:00:00Z" changeset="1" uid="1" user="generator"/>
  <node id="1801" lat="49.0886779887" lon="31.3431071771" version="1" timestamp="2026-09-01T12:00:00Z" changeset="1" uid="1" user="generator"/>
  <node id="1802" lat="49.0901809902" lon="31.3433408576" version="1" timestamp="2026-09-01T12:00:00Z" changeset="1" uid="1" user="generator"/>
  <node id="1803" lat="49.0933849934" lon="31.3503237804" version="1" timestamp="2026-09-01T12:00:00Z" changeset="1" uid="1" user="generator"/>
  <node id="1804" lat="49.0972639973" lon="31.3545850129" version="1" timestamp="2026-09-01T12:00:00Z" changeset="1" uid="1" user="generator"/>
  <node id="1805" lat="49.1360000360" lon="31.3315331200" version="1" timestamp="2026-09-01T12:00:00Z" changeset="1" uid="1" user="generator"/>
  <node id="1806" lat="49.1359730360" lon="31.3356156556" version="1" timestamp="2026-09-01T12:00:00Z" changeset="1" uid="1" user="generator"/>
  <node id="1807" lat="49.1340740341" lon="31.3340898595" version="1" timestamp="2026-09-01T12:00:00Z" changeset="1" uid="1" user="generator"/>
  <node id="1808" lat="49.1323100323" lon="31.3340898595" version="1" timestamp="2026-09-01T12:00:00Z" changeset="1" uid="1" user="generator"/>
  <node id="1809" lat="49.1309870310" lon="31.3349833437" version="1" timestamp="2026-09-01T12:00:00Z" changeset="1" uid="1" user="generator"/>
  <node id="1810" lat="49.1299250299" lon="31.3364953939" version="1" timestamp="2026-09-01T12:00:00Z" changeset="1" uid="1" user="generator"/>
  <node id="1811" lat="49.1291150291" lon="31.3367153285" version="1" timestamp="2026-09-01T12:00:00Z" changeset="1" uid="1" user="generator"/>
  <node id="1812" lat="49.1286560287" lon="31.3355469260" version="1" timestamp="2026-09-01T12:00:00Z" changeset="1" uid="1" user="generator"/>
  <node id="1813" lat="49.1288000288" lon="31.3326327929" version="1" timestamp="2026-09-01T12:00:00Z" changeset="1" uid="1" user="generator"/>
  <node id="1814" lat="49.1282150282" lon="31.3301722748" version="1" timestamp="2026-09-01T12:00:00Z" changeset="1" uid="1" user="generator"/>
  <node id="1815" lat="49.1273330273" lon="31.3288251755" version="1" timestamp="2026-09-01T12:00:00Z" changeset="1" uid="1" user="generator"/>
  <node id="1816" lat="49.1246510247" lon="31.3274780762" version="1" timestamp="2026-09-01T12:00:00Z" changeset="1" uid="1" user="generator"/>
  <node id="1817" lat="49.1230670231" lon="31.3261584688" version="1" timestamp="2026-09-01T12:00:00Z" changeset="1" uid="1" user="generator"/>
  <node id="1818" lat="49.1218880219" lon="31.3234505243" version="1" timestamp="2026-09-01T12:00:00Z" changeset="1" uid="1" user="generator"/>
  <node id="1819" lat="49.1218970219" lon="31.3207150880" version="1" timestamp="2026-09-01T12:00:00Z" changeset="1" uid="1" user="generator"/>
  <node id="1820" lat="49.1229230229" lon="31.3193679887" version="1" timestamp="2026-09-01T12:00:00Z" changeset="1" uid="1" user="generator"/>
  <node id="1821" lat="49.1249660250" lon="31.3182545699" version="1" timestamp="2026-09-01T12:00:00Z" changeset="1" uid="1" user="generator"/>
  <node id="1822" lat="49.1266130266" lon="31.3189281195" version="1" timestamp="2026-09-01T12:00:00Z" changeset="1" uid="1" user="generator"/>
  <node id="1823" lat="49.1270720271" lon="31.3196566528" version="1" timestamp="2026-09-01T12:00:00Z" changeset="1" uid="1" user="generator"/>
  <node id="1824" lat="49.1270630271" lon="31.3201927434" version="1" timestamp="2026-09-01T12:00:00Z" changeset="1" uid="1" user="generator"/>
  <node id="1825" lat="49.1267840268" lon="31.3203164566" version="1" timestamp="2026-09-01T12:00:00Z" changeset="1" uid="1" user="generator"/>
  <node id="1826" lat="49.1267840268" lon="31.3232305897" version="1" timestamp="2026-09-01T12:00:00Z" changeset="1" uid="1" user="generator"/>
  <node id="1827" lat="49.1272430272" lon="31.3239591230" version="1" timestamp="2026-09-01T12:00:00Z" changeset="1" uid="1" user="generator"/>
  <node id="1828" lat="49.1288900289" lon="31.3239728689" version="1" timestamp="2026-09-01T12:00:00Z" changeset="1" uid="1" user="generator"/>
  <node id="1829" lat="49.1294660295" lon="31.3235329998" version="1" timestamp="2026-09-01T12:00:00Z" changeset="1" uid="1" user="generator"/>
  <node id="1830" lat="49.1326610327" lon="31.3255261569" version="1" timestamp="2026-09-01T12:00:00Z" changeset="1" uid="1" user="generator"/>
  <node id="1831" lat="49.1360000360" lon="31.3314918823" version="1" timestamp="2026-09-01T12:00:00Z" changeset="1" uid="1" user="generator"/>
  <node id="1832" lat="49.1211680212" lon="31.3082200548" version="1" timestamp="2026-09-01T12:00:00Z" changeset="1" uid="1" user="generator"/>
  <node id="1833" lat="49.1211680212" lon="31.3100345151" version="1" timestamp="2026-09-01T12:00:00Z" changeset="1" uid="1" user="generator"/>
  <node id="1834" lat="49.1207270207" lon="31.3111754257" version="1" timestamp="2026-09-01T12:00:00Z" changeset="1" uid="1" user="generator"/>
  <node id="1835" lat="49.1188370188" lon="31.3138421324" version="1" timestamp="2026-09-01T12:00:00Z" changeset="1" uid="1" user="generator"/>
  <node id="1836" lat="49.1181710182" lon="31.3140620670" version="1" timestamp="2026-09-01T12:00:00Z" changeset="1" uid="1" user="generator"/>
  <node id="1837" lat="49.1181350181" lon="31.3125775086" version="1" timestamp="2026-09-01T12:00:00Z" changeset="1" uid="1" user="generator"/>
  <node id="1838" lat="49.1176850177" lon="31.3118902131" version="1" timestamp="2026-09-01T12:00:00Z" changeset="1" uid="1" user="generator"/>
  <node id="1839" lat="49.1150030150" lon="31.3118627213" version="1" timestamp="2026-09-01T12:00:00Z" changeset="1" uid="1" user="generator"/>
  <node id="1840" lat="49.1135450135" lon="31.3091960145" version="1" timestamp="2026-09-01T12:00:00Z" changeset="1" uid="1" user="generator"/>
  <node id="1841" lat="49.1126630127" lon="31.3059794713" version="1" timestamp="2026-09-01T12:00:00Z" changeset="1" uid="1" user="generator"/>
  <node id="1842" lat="49.1120690121" lon="31.3050722412" version="1" timestamp="2026-09-01T12:00:00Z" changeset="1" uid="1" user="generator"/>
  <node id="1843" lat="49.1095940096" lon="31.3032990187" version="1" timestamp="2026-09-01T12:00:00Z" changeset="1" uid="1" user="generator"/>
  <node id="1844" lat="49.1079740080" lon="31.3030790841" version="1" timestamp="2026-09-01T12:00:00Z" changeset="1" uid="1" user="generator"/>
  <node id="1845" lat="49.1067950068" lon="31.3024055344" version="1" timestamp="2026-09-01T12:00:00Z" changeset="1" uid="1" user="generator"/>
  <node id="1846" lat="49.1061920062" lon="31.3010171974" version="1" timestamp="2026-09-01T12:00:00Z" changeset="1" uid="1" user="generator"/>
  <node id="1847" lat="49.1063450063" lon="31.2996013686" version="1" timestamp="2026-09-01T12:00:00Z" changeset="1" uid="1" user="generator"/>
  <node id="1848" lat="49.1070830071" lon="31.2982542693" version="1" timestamp="2026-09-01T12:00:00Z" changeset="1" uid="1" user="generator"/>
  <node id="1849" lat="49.1102510103" lon="31.2962748581" version="1" timestamp="2026-09-01T12:00:00Z" changeset="1" uid="1" user="generator"/>
  <node id="1850" lat="49.1112860113" lon="31.2958212430" version="1" timestamp="2026-09-01T12:00:00Z" changeset="1" uid="1" user="generator"/>
  <node id="1851" lat="49.1132210132" lon="31.2960549235" version="1" timestamp="2026-09-01T12:00:00Z" changeset="1" uid="1" user="generator"/>
  <node id="1852" lat="49.1141030141" lon="31.2971820882" version="1" timestamp="2026-09-01T12:00:00Z" changeset="1" uid="1" user="generator"/>
  <node id="1853" lat="49.1144000144" lon="31.2983229988" version="1" timestamp="2026-09-01T12:00:00Z" changeset="1" uid="1" user="generator"/>
  <node id="1854" lat="49.1141120141" lon="31.3038763469" version="1" timestamp="2026-09-01T12:00:00Z" changeset="1" uid="1" user="generator"/>
  <node id="1855" lat="49.1148590149" lon="31.3050447494" version="1" timestamp="2026-09-01T12:00:00Z" changeset="1" uid="1" user="generator"/>
  <node id="1856" lat="49.1164700165" lon="31.3057182990" version="1" timestamp="2026-09-01T12:00:00Z" changeset="1" uid="1" user="generator"/>
  <node id="1857" lat="49.1193860194" lon="31.3059382336" version="1" timestamp="2026-09-01T12:00:00Z" changeset="1" uid="1" user="generator"/>
  <node id="1858" lat="49.1204210204" lon="31.3066117832" version="1" timestamp="2026-09-01T12:00:00Z" changeset="1" uid="1" user="generator"/>
  <node id="1859" lat="49.1211680212" lon="31.3081788171" version="1" timestamp="2026-09-01T12:00:00Z" changeset="1" uid="1" user="generator"/>
  <node id="1860" lat="49.0717759718" lon="31.3469285404" version="1" timestamp="2026-09-01T12:00:00Z" changeset="1" uid="1" user="generator"/>
  <node id="1861" lat="49.0717669718" lon="31.3476845655" version="1" timestamp="2026-09-01T12:00:00Z" changeset="1" uid="1" user="generator"/>
  <node id="1862" lat="49.0710289710" lon="31.3483718611" version="1" timestamp="2026-09-01T12:00:00Z" changeset="1" uid="1" user="generator"/>
  <node id="1863" lat="49.0680049680" lon="31.3507911414" version="1" timestamp="2026-09-01T12:00:00Z" changeset="1" uid="1" user="generator"/>
  <node id="1864" lat="49.0674829675" lon="31.3507911414" version="1" timestamp="2026-09-01T12:00:00Z" changeset="1" uid="1" user="generator"/>
  <node id="1865" lat="49.0661689662" lon="31.3474646309" version="1" timestamp="2026-09-01T12:00:00Z" changeset="1" uid="1" user="generator"/>
  <node id="1866" lat="49.0654399654" lon="31.3439044400" version="1" timestamp="2026-09-01T12:00:00Z" changeset="1" uid="1" user="generator"/>
  <node id="1867" lat="49.0652959653" lon="31.3401105685" version="1" timestamp="2026-09-01T12:00:00Z" changeset="1" uid="1" user="generator"/>
  <node id="1868" lat="49.0655929656" lon="31.3387497233" version="1" timestamp="2026-09-01T12:00:00Z" changeset="1" uid="1" user="generator"/>
  <node id="1869" lat="49.0663579664" lon="31.3378287473" version="1" timestamp="2026-09-01T12:00:00Z" changeset="1" uid="1" user="generator"/>
  <node id="1870" lat="49.0679779680" lon="31.3378287473" version="1" timestamp="2026-09-01T12:00:00Z" changeset="1" uid="1" user="generator"/>
  <node id="1871" lat="49.0688689689" lon="31.3385022969" version="1" timestamp="2026-09-01T12:00:00Z" changeset="1" uid="1" user="generator"/>
  <node id="1872" lat="49.0704709705" lon="31.3416088728" version="1" timestamp="2026-09-01T12:00:00Z" changeset="1" uid="1" user="generator"/>
  <node id="1873" lat="49.0717759718" lon="31.3468873027" version="1" timestamp="2026-09-01T12:00:00Z" changeset="1" uid="1" user="generator"/>
  <node id="1874" lat="49.0779679780" lon="31.3328527275" version="1" timestamp="2026-09-01T12:00:00Z" changeset="1" uid="1" user="generator"/>
  <node id="1875" lat="49.0778239778" lon="31.3364266643" version="1" timestamp="2026-09-01T12:00:00Z" changeset="1" uid="1" user="generator"/>
  <node id="1876" lat="49.0774459774" lon="31.3365091398" version="1" timestamp="2026-09-01T12:00:00Z" changeset="1" uid="1" user="generator"/>
  <node id="1877" lat="49.0773919774" lon="31.3341723349" version="1" timestamp="2026-09-01T12:00:00Z" changeset="1" uid="1" user="generator"/>
  <node id="1878" lat="49.0770769771" lon="31.3336637362" version="1" timestamp="2026-09-01T12:00:00Z" changeset="1" uid="1" user="generator"/>
  <node id="1879" lat="49.0757539758" lon="31.3343097940" version="1" timestamp="2026-09-01T12:00:00Z" changeset="1" uid="1" user="generator"/>
  <node id="1880" lat="49.0744219744" lon="31.3343097940" version="1" timestamp="2026-09-01T12:00:00Z" changeset="1" uid="1" user="generator"/>
  <node id="1881" lat="49.0720909721" lon="31.3327565061" version="1" timestamp="2026-09-01T12:00:00Z" changeset="1" uid="1" user="generator"/>
  <node id="1882" lat="49.0716589717" lon="31.3312444559" version="1" timestamp="2026-09-01T12:00:00Z" changeset="1" uid="1" user="generator"/>
  <node id="1883" lat="49.0738819739" lon="31.3312307100" version="1" timestamp="2026-09-01T12:00:00Z" changeset="1" uid="1" user="generator"/>
  <node id="1884" lat="49.0742149742" lon="31.3307496031" version="1" timestamp="2026-09-01T12:00:00Z" changeset="1" uid="1" user="generator"/>
  <node id="1885" lat="49.0742239742" lon="31.3249350827" version="1" timestamp="2026-09-01T12:00:00Z" changeset="1" uid="1" user="generator"/>
  <node id="1886" lat="49.0738819739" lon="31.3244127381" version="1" timestamp="2026-09-01T12:00:00Z" changeset="1" uid="1" user="generator"/>
  <node id="1887" lat="49.0715419715" lon="31.3244127381" version="1" timestamp="2026-09-01T12:00:00Z" changeset="1" uid="1" user="generator"/>
  <node id="1888" lat="49.0714969715" lon="31.3237941721" version="1" timestamp="2026-09-01T12:00:00Z" changeset="1" uid="1" user="generator"/>
  <node id="1889" lat="49.0718299718" lon="31.3233130652" version="1" timestamp="2026-09-01T12:00:00Z" changeset="1" uid="1" user="generator"/>
  <node id="1890" lat="49.0730179730" lon="31.3233130652" version="1" timestamp="2026-09-01T12:00:00Z" changeset="1" uid="1" user="generator"/>
  <node id="1891" lat="49.0768699769" lon="31.3252924764" version="1" timestamp="2026-09-01T12:00:00Z" changeset="1" uid="1" user="generator"/>
  <node id="1892" lat="49.0775089775" lon="31.3250862877" version="1" timestamp="2026-09-01T12:00:00Z" changeset="1" uid="1" user="generator"/>
  <node id="1893" lat="49.0773919774" lon="31.3293887579" version="1" timestamp="2026-09-01T12:00:00Z" changeset="1" uid="1" user="generator"/>
  <node id="1894" lat="49.0779679780" lon="31.3328114897" version="1" timestamp="2026-09-01T12:00:00Z" changeset="1" uid="1" user="generator"/>
  <node id="1895" lat="49.0814239814" lon="31.2470782424" version="1" timestamp="2026-09-01T12:00:00Z" changeset="1" uid="1" user="generator"/>
  <node id="1896" lat="49.0814149814" lon="31.2476143329" version="1" timestamp="2026-09-01T12:00:00Z" changeset="1" uid="1" user="generator"/>
  <node id="1897" lat="49.0779409779" lon="31.2524803854" version="1" timestamp="2026-09-01T12:00:00Z" changeset="1" uid="1" user="generator"/>
  <node id="1898" lat="49.0773019773" lon="31.2524941313" version="1" timestamp="2026-09-01T12:00:00Z" changeset="1" uid="1" user="generator"/>
  <node id="1899" lat="49.0761049761" lon="31.2502535478" version="1" timestamp="2026-09-01T12:00:00Z" changeset="1" uid="1" user="generator"/>
  <node id="1900" lat="49.0753759754" lon="31.2450988312" version="1" timestamp="2026-09-01T12:00:00Z" changeset="1" uid="1" user="generator"/>
  <node id="1901" lat="49.0789489789" lon="31.2450301016" version="1" timestamp="2026-09-01T12:00:00Z" changeset="1" uid="1" user="generator"/>
  <node id="1902" lat="49.0798939799" lon="31.2483153744" version="1" timestamp="2026-09-01T12:00:00Z" changeset="1" uid="1" user="generator"/>
  <node id="1903" lat="49.0808749809" lon="31.2470095128" version="1" timestamp="2026-09-01T12:00:00Z" changeset="1" uid="1" user="generator"/>
  <node id="1904" lat="49.0814239814" lon="31.2470370046" version="1" timestamp="2026-09-01T12:00:00Z" changeset="1" uid="1" user="generator"/>
  <node id="1905" lat="49.0687519688" lon="31.3163576342" version="1" timestamp="2026-09-01T12:00:00Z" changeset="1" uid="1" user="generator"/>
  <node id="1906" lat="49.0687249687" lon="31.3173610857" version="1" timestamp="2026-09-01T12:00:00Z" changeset="1" uid="1" user="generator"/>
  <node id="1907" lat="49.0674019674" lon="31.3178147007" version="1" timestamp="2026-09-01T12:00:00Z" changeset="1" uid="1" user="generator"/>
  <node id="1908" lat="49.0653499653" lon="31.3178147007" version="1" timestamp="2026-09-01T12:00:00Z" changeset="1" uid="1" user="generator"/>
  <node id="1909" lat="49.0642969643" lon="31.3168937247" version="1" timestamp="2026-09-01T12:00:00Z" changeset="1" uid="1" user="generator"/>
  <node id="1910" lat="49.0638559639" lon="31.3153129449" version="1" timestamp="2026-09-01T12:00:00Z" changeset="1" uid="1" user="generator"/>
  <node id="1911" lat="49.0638829639" lon="31.3088111290" version="1" timestamp="2026-09-01T12:00:00Z" changeset="1" uid="1" user="generator"/>
  <node id="1912" lat="49.0642789643" lon="31.3088386208" version="1" timestamp="2026-09-01T12:00:00Z" changeset="1" uid="1" user="generator"/>
  <node id="1913" lat="49.0651609652" lon="31.3118352294" version="1" timestamp="2026-09-01T12:00:00Z" changeset="1" uid="1" user="generator"/>
  <node id="1914" lat="49.0672849673" lon="31.3136496897" version="1" timestamp="2026-09-01T12:00:00Z" changeset="1" uid="1" user="generator"/>
  <node id="1915" lat="49.0687519688" lon="31.3163163964" version="1" timestamp="2026-09-01T12:00:00Z" changeset="1" uid="1" user="generator"/>
  <node id="1916" lat="49.1177120177" lon="31.2607141862" version="1" timestamp="2026-09-01T12:00:00Z" changeset="1" uid="1" user="generator"/>
  <node id="1917" lat="49.1175590176" lon="31.2621300150" version="1" timestamp="2026-09-01T12:00:00Z" changeset="1" uid="1" user="generator"/>
  <node id="1918" lat="49.1171090171" lon="31.2630372451" version="1" timestamp="2026-09-01T12:00:00Z" changeset="1" uid="1" user="generator"/>
  <node id="1919" lat="49.1165060165" lon="31.2634908602" version="1" timestamp="2026-09-01T12:00:00Z" changeset="1" uid="1" user="generator"/>
  <node id="1920" lat="49.1144540145" lon="31.2634908602" version="1" timestamp="2026-09-01T12:00:00Z" changeset="1" uid="1" user="generator"/>
  <node id="1921" lat="49.1125370125" lon="31.2623499496" version="1" timestamp="2026-09-01T12:00:00Z" changeset="1" uid="1" user="generator"/>
  <node id="1922" lat="49.1125280125" lon="31.2589547095" version="1" timestamp="2026-09-01T12:00:00Z" changeset="1" uid="1" user="generator"/>
  <node id="1923" lat="49.1166500167" lon="31.2582124303" version="1" timestamp="2026-09-01T12:00:00Z" changeset="1" uid="1" user="generator"/>
  <node id="1924" lat="49.1174150174" lon="31.2591334064" version="1" timestamp="2026-09-01T12:00:00Z" changeset="1" uid="1" user="generator"/>
  <node id="1925" lat="49.1177120177" lon="31.2606729484" version="1" timestamp="2026-09-01T12:00:00Z" changeset="1" uid="1" user="generator"/>
  <node id="1926" lat="49.1342720343" lon="31.2464184386" version="1" timestamp="2026-09-01T12:00:00Z" changeset="1" uid="1" user="generator"/>
  <node id="1927" lat="49.1341010341" lon="31.2472019556" version="1" timestamp="2026-09-01T12:00:00Z" changeset="1" uid="1" user="generator"/>
  <node id="1928" lat="49.1309060309" lon="31.2507346547" version="1" timestamp="2026-09-01T12:00:00Z" changeset="1" uid="1" user="generator"/>
  <node id="1929" lat="49.1299790300" lon="31.2502810397" version="1" timestamp="2026-09-01T12:00:00Z" changeset="1" uid="1" user="generator"/>
  <node id="1930" lat="49.1290880291" lon="31.2482328989" version="1" timestamp="2026-09-01T12:00:00Z" changeset="1" uid="1" user="generator"/>
  <node id="1931" lat="49.1292410292" lon="31.2461572663" version="1" timestamp="2026-09-01T12:00:00Z" changeset="1" uid="1" user="generator"/>
  <node id="1932" lat="49.1300060300" lon="31.2450163557" version="1" timestamp="2026-09-01T12:00:00Z" changeset="1" uid="1" user="generator"/>
  <node id="1933" lat="49.1329220329" lon="31.2450163557" version="1" timestamp="2026-09-01T12:00:00Z" changeset="1" uid="1" user="generator"/>
  <node id="1934" lat="49.1342720343" lon="31.2463772009" version="1" timestamp="2026-09-01T12:00:00Z" changeset="1" uid="1" user="generator"/>
  <node id="1935" lat="49.1360000360" lon="31.2481779153" version="1" timestamp="2026-09-01T12:00:00Z" changeset="1" uid="1" user="generator"/>
  <node id="1936" lat="49.1358290358" lon="31.2522604508" version="1" timestamp="2026-09-01T12:00:00Z" changeset="1" uid="1" user="generator"/>
  <node id="1937" lat="49.1346500347" lon="31.2531539351" version="1" timestamp="2026-09-01T12:00:00Z" changeset="1" uid="1" user="generator"/>
  <node id="1938" lat="49.1336060336" lon="31.2533738696" version="1" timestamp="2026-09-01T12:00:00Z" changeset="1" uid="1" user="generator"/>
  <node id="1939" lat="49.1314010314" lon="31.2517930899" version="1" timestamp="2026-09-01T12:00:00Z" changeset="1" uid="1" user="generator"/>
  <node id="1940" lat="49.1314010314" lon="31.2512157616" version="1" timestamp="2026-09-01T12:00:00Z" changeset="1" uid="1" user="generator"/>
  <node id="1941" lat="49.1318510319" lon="31.2505284661" version="1" timestamp="2026-09-01T12:00:00Z" changeset="1" uid="1" user="generator"/>
  <node id="1942" lat="49.1347310347" lon="31.2472294474" version="1" timestamp="2026-09-01T12:00:00Z" changeset="1" uid="1" user="generator"/>
  <node id="1943" lat="49.1352530353" lon="31.2472294474" version="1" timestamp="2026-09-01T12:00:00Z" changeset="1" uid="1" user="generator"/>
  <node id="1944" lat="49.1360000360" lon="31.2481366775" version="1" timestamp="2026-09-01T12:00:00Z" changeset="1" uid="1" user="generator"/>
  <node id="1945" lat="49.1030240030" lon="31.2607141862" version="1" timestamp="2026-09-01T12:00:00Z" changeset="1" uid="1" user="generator"/>
  <node id="1946" lat="49.1030240030" lon="31.2620887773" version="1" timestamp="2026-09-01T12:00:00Z" changeset="1" uid="1" user="generator"/>
  <node id="1947" lat="49.1027090027" lon="31.2625973760" version="1" timestamp="2026-09-01T12:00:00Z" changeset="1" uid="1" user="generator"/>
  <node id="1948" lat="49.1009180009" lon="31.2630509910" version="1" timestamp="2026-09-01T12:00:00Z" changeset="1" uid="1" user="generator"/>
  <node id="1949" lat="49.0998829999" lon="31.2625973760" version="1" timestamp="2026-09-01T12:00:00Z" changeset="1" uid="1" user="generator"/>
  <node id="1950" lat="49.0991449991" lon="31.2614702113" version="1" timestamp="2026-09-01T12:00:00Z" changeset="1" uid="1" user="generator"/>
  <node id="1951" lat="49.0988479988" lon="31.2593945787" version="1" timestamp="2026-09-01T12:00:00Z" changeset="1" uid="1" user="generator"/>
  <node id="1952" lat="49.0991629992" lon="31.2582261763" version="1" timestamp="2026-09-01T12:00:00Z" changeset="1" uid="1" user="generator"/>
  <node id="1953" lat="49.1005220005" lon="31.2577725612" version="1" timestamp="2026-09-01T12:00:00Z" changeset="1" uid="1" user="generator"/>
  <node id="1954" lat="49.1019890020" lon="31.2586660454" version="1" timestamp="2026-09-01T12:00:00Z" changeset="1" uid="1" user="generator"/>
  <node id="1955" lat="49.1030240030" lon="31.2606729484" version="1" timestamp="2026-09-01T12:00:00Z" changeset="1" uid="1" user="generator"/>
  <node id="1956" lat="49.1277920278" lon="31.3508873628" version="1" timestamp="2026-09-01T12:00:00Z" changeset="1" uid="1" user="generator"/>
  <node id="1957" lat="49.1277920278" lon="31.3524818885" version="1" timestamp="2026-09-01T12:00:00Z" changeset="1" uid="1" user="generator"/>
  <node id="1958" lat="49.1274770275" lon="31.3529904872" version="1" timestamp="2026-09-01T12:00:00Z" changeset="1" uid="1" user="generator"/>
  <node id="1959" lat="49.1258300258" lon="31.3532241677" version="1" timestamp="2026-09-01T12:00:00Z" changeset="1" uid="1" user="generator"/>
  <node id="1960" lat="49.1249210249" lon="31.3523031916" version="1" timestamp="2026-09-01T12:00:00Z" changeset="1" uid="1" user="generator"/>
  <node id="1961" lat="49.1244800245" lon="31.3509423464" version="1" timestamp="2026-09-01T12:00:00Z" changeset="1" uid="1" user="generator"/>
  <node id="1962" lat="49.1244800245" lon="31.3493478207" version="1" timestamp="2026-09-01T12:00:00Z" changeset="1" uid="1" user="generator"/>
  <node id="1963" lat="49.1248220248" lon="31.3486055415" version="1" timestamp="2026-09-01T12:00:00Z" changeset="1" uid="1" user="generator"/>
  <node id="1964" lat="49.1260100260" lon="31.3486055415" version="1" timestamp="2026-09-01T12:00:00Z" changeset="1" uid="1" user="generator"/>
  <node id="1965" lat="49.1269010269" lon="31.3492790912" version="1" timestamp="2026-09-01T12:00:00Z" changeset="1" uid="1" user="generator"/>
  <node id="1966" lat="49.1277920278" lon="31.3508461251" version="1" timestamp="2026-09-01T12:00:00Z" changeset="1" uid="1" user="generator"/>
  <node id="1967" lat="49.1136800137" lon="31.3249350827" version="1" timestamp="2026-09-01T12:00:00Z" changeset="1" uid="1" user="generator"/>
  <node id="1968" lat="49.1136800137" lon="31.3267495429" version="1" timestamp="2026-09-01T12:00:00Z" changeset="1" uid="1" user="generator"/>
  <node id="1969" lat="49.1129330129" lon="31.3285777491" version="1" timestamp="2026-09-01T12:00:00Z" changeset="1" uid="1" user="generator"/>
  <node id="1970" lat="49.1119790120" lon="31.3285777491" version="1" timestamp="2026-09-01T12:00:00Z" changeset="1" uid="1" user="generator"/>
  <node id="1971" lat="49.1112410112" lon="31.3276705190" version="1" timestamp="2026-09-01T12:00:00Z" changeset="1" uid="1" user="generator"/>
  <node id="1972" lat="49.1110880111" lon="31.3251550173" version="1" timestamp="2026-09-01T12:00:00Z" changeset="1" uid="1" user="generator"/>
  <node id="1973" lat="49.1119790120" lon="31.3233268111" version="1" timestamp="2026-09-01T12:00:00Z" changeset="1" uid="1" user="generator"/>
  <node id="1974" lat="49.1129330129" lon="31.3233268111" version="1" timestamp="2026-09-01T12:00:00Z" changeset="1" uid="1" user="generator"/>
  <node id="1975" lat="49.1136800137" lon="31.3248938449" version="1" timestamp="2026-09-01T12:00:00Z" changeset="1" uid="1" user="generator"/>
  <node id="1976" lat="49.1066240066" lon="31.2466383732" version="1" timestamp="2026-09-01T12:00:00Z" changeset="1" uid="1" user="generator"/>
  <node id="1977" lat="49.1066240066" lon="31.2488927026" version="1" timestamp="2026-09-01T12:00:00Z" changeset="1" uid="1" user="generator"/>
  <node id="1978" lat="49.1060210060" lon="31.2502810397" version="1" timestamp="2026-09-01T12:00:00Z" changeset="1" uid="1" user="generator"/>
  <node id="1979" lat="49.1050940051" lon="31.2502947856" version="1" timestamp="2026-09-01T12:00:00Z" changeset="1" uid="1" user="generator"/>
  <node id="1980" lat="49.1044730045" lon="31.2498136787" version="1" timestamp="2026-09-01T12:00:00Z" changeset="1" uid="1" user="generator"/>
  <node id="1981" lat="49.1040320040" lon="31.2486727681" version="1" timestamp="2026-09-01T12:00:00Z" changeset="1" uid="1" user="generator"/>
  <node id="1982" lat="49.1040320040" lon="31.2470782424" version="1" timestamp="2026-09-01T12:00:00Z" changeset="1" uid="1" user="generator"/>
  <node id="1983" lat="49.1046350046" lon="31.2459098399" version="1" timestamp="2026-09-01T12:00:00Z" changeset="1" uid="1" user="generator"/>
  <node id="1984" lat="49.1058500059" lon="31.2454562249" version="1" timestamp="2026-09-01T12:00:00Z" changeset="1" uid="1" user="generator"/>
  <node id="1985" lat="49.1066240066" lon="31.2465971355" version="1" timestamp="2026-09-01T12:00:00Z" changeset="1" uid="1" user="generator"/>
  <node id="1986" lat="49.0658719659" lon="31.2901854195" version="1" timestamp="2026-09-01T12:00:00Z" changeset="1" uid="1" user="generator"/>
  <node id="1987" lat="49.0658629659" lon="31.2922610521" version="1" timestamp="2026-09-01T12:00:00Z" changeset="1" uid="1" user="generator"/>
  <node id="1988" lat="49.0652689653" lon="31.2931682822" version="1" timestamp="2026-09-01T12:00:00Z" changeset="1" uid="1" user="generator"/>
  <node id="1989" lat="49.0638829639" lon="31.2933882168" version="1" timestamp="2026-09-01T12:00:00Z" changeset="1" uid="1" user="generator"/>
  <node id="1990" lat="49.0638649639" lon="31.2879448360" version="1" timestamp="2026-09-01T12:00:00Z" changeset="1" uid="1" user="generator"/>
  <node id="1991" lat="49.0648369648" lon="31.2881372787" version="1" timestamp="2026-09-01T12:00:00Z" changeset="1" uid="1" user="generator"/>
  <node id="1992" lat="49.0658719659" lon="31.2901441818" version="1" timestamp="2026-09-01T12:00:00Z" changeset="1" uid="1" user="generator"/>
  <node id="1993" lat="49.1355680356" lon="31.3104194006" version="1" timestamp="2026-09-01T12:00:00Z" changeset="1" uid="1" user="generator"/>
  <node id="1994" lat="49.1354150354" lon="31.3120551640" version="1" timestamp="2026-09-01T12:00:00Z" changeset="1" uid="1" user="generator"/>
  <node id="1995" lat="49.1347940348" lon="31.3127562055" version="1" timestamp="2026-09-01T12:00:00Z" changeset="1" uid="1" user="generator"/>
  <node id="1996" lat="49.1335790336" lon="31.3125225250" version="1" timestamp="2026-09-01T12:00:00Z" changeset="1" uid="1" user="generator"/>
  <node id="1997" lat="49.1329760330" lon="31.3111341880" version="1" timestamp="2026-09-01T12:00:00Z" changeset="1" uid="1" user="generator"/>
  <node id="1998" lat="49.1331290331" lon="31.3090585554" version="1" timestamp="2026-09-01T12:00:00Z" changeset="1" uid="1" user="generator"/>
  <node id="1999" lat="49.1336060336" lon="31.3083575139" version="1" timestamp="2026-09-01T12:00:00Z" changeset="1" uid="1" user="generator"/>
  <node id="2000" lat="49.1351090351" lon="31.3092509982" version="1" timestamp="2026-09-01T12:00:00Z" changeset="1" uid="1" user="generator"/>
  <node id="2001" lat="49.1355680356" lon="31.3103781629" version="1" timestamp="2026-09-01T12:00:00Z" changeset="1" uid="1" user="generator"/>
  <node id="2002" lat="49.0720639721" lon="31.3484680824" version="1" timestamp="2026-09-01T12:00:00Z" changeset="1" uid="1" user="generator"/>
  <node id="2003" lat="49.0720639721" lon="31.3505024773" version="1" timestamp="2026-09-01T12:00:00Z" changeset="1" uid="1" user="generator"/>
  <node id="2004" lat="49.0717489717" lon="31.3512310106" version="1" timestamp="2026-09-01T12:00:00Z" changeset="1" uid="1" user="generator"/>
  <node id="2005" lat="49.0698499698" lon="31.3523444294" version="1" timestamp="2026-09-01T12:00:00Z" changeset="1" uid="1" user="generator"/>
  <node id="2006" lat="49.0686619687" lon="31.3523444294" version="1" timestamp="2026-09-01T12:00:00Z" changeset="1" uid="1" user="generator"/>
  <node id="2007" lat="49.0681849682" lon="31.3518633225" version="1" timestamp="2026-09-01T12:00:00Z" changeset="1" uid="1" user="generator"/>
  <node id="2008" lat="49.0683469683" lon="31.3512585024" version="1" timestamp="2026-09-01T12:00:00Z" changeset="1" uid="1" user="generator"/>
  <node id="2009" lat="49.0695889696" lon="31.3503512723" version="1" timestamp="2026-09-01T12:00:00Z" changeset="1" uid="1" user="generator"/>
  <node id="2010" lat="49.0696429696" lon="31.3499388949" version="1" timestamp="2026-09-01T12:00:00Z" changeset="1" uid="1" user="generator"/>
  <node id="2011" lat="49.0698769699" lon="31.3501313377" version="1" timestamp="2026-09-01T12:00:00Z" changeset="1" uid="1" user="generator"/>
  <node id="2012" lat="49.0710829711" lon="31.3488392220" version="1" timestamp="2026-09-01T12:00:00Z" changeset="1" uid="1" user="generator"/>
  <node id="2013" lat="49.0720639721" lon="31.3484268447" version="1" timestamp="2026-09-01T12:00:00Z" changeset="1" uid="1" user="generator"/>
  <node id="2014" lat="49.0716319716" lon="31.2615939245" version="1" timestamp="2026-09-01T12:00:00Z" changeset="1" uid="1" user="generator"/>
  <node id="2015" lat="49.0714789715" lon="31.2641094262" version="1" timestamp="2026-09-01T12:00:00Z" changeset="1" uid="1" user="generator"/>
  <node id="2016" lat="49.0705069705" lon="31.2641369180" version="1" timestamp="2026-09-01T12:00:00Z" changeset="1" uid="1" user="generator"/>
  <node id="2017" lat="49.0697599698" lon="31.2623087118" version="1" timestamp="2026-09-01T12:00:00Z" changeset="1" uid="1" user="generator"/>
  <node id="2018" lat="49.0699129699" lon="31.2606729484" version="1" timestamp="2026-09-01T12:00:00Z" changeset="1" uid="1" user="generator"/>
  <node id="2019" lat="49.0703629704" lon="31.2599856529" version="1" timestamp="2026-09-01T12:00:00Z" changeset="1" uid="1" user="generator"/>
  <node id="2020" lat="49.0708849709" lon="31.2599856529" version="1" timestamp="2026-09-01T12:00:00Z" changeset="1" uid="1" user="generator"/>
  <node id="2021" lat="49.0716319716" lon="31.2615526867" version="1" timestamp="2026-09-01T12:00:00Z" changeset="1" uid="1" user="generator"/>
  <node id="2022" lat="49.1194400194" lon="31.2890857466" version="1" timestamp="2026-09-01T12:00:00Z" changeset="1" uid="1" user="generator"/>
  <node id="2023" lat="49.1193860194" lon="31.2901029440" version="1" timestamp="2026-09-01T12:00:00Z" changeset="1" uid="1" user="generator"/>
  <node id="2024" lat="49.1178830179" lon="31.2892094598" version="1" timestamp="2026-09-01T12:00:00Z" changeset="1" uid="1" user="generator"/>
  <node id="2025" lat="49.1171450171" lon="31.2878623605" version="1" timestamp="2026-09-01T12:00:00Z" changeset="1" uid="1" user="generator"/>
  <node id="2026" lat="49.1168570169" lon="31.2864052940" version="1" timestamp="2026-09-01T12:00:00Z" changeset="1" uid="1" user="generator"/>
  <node id="2027" lat="49.1175140175" lon="31.2861441216" version="1" timestamp="2026-09-01T12:00:00Z" changeset="1" uid="1" user="generator"/>
  <node id="2028" lat="49.1182610183" lon="31.2868176713" version="1" timestamp="2026-09-01T12:00:00Z" changeset="1" uid="1" user="generator"/>
  <node id="2029" lat="49.1194400194" lon="31.2890445089" version="1" timestamp="2026-09-01T12:00:00Z" changeset="1" uid="1" user="generator"/>
  <node id="2030" lat="49.1227520228" lon="31.3425298489" version="1" timestamp="2026-09-01T12:00:00Z" changeset="1" uid="1" user="generator"/>
  <node id="2031" lat="49.1225990226" lon="31.3443855468" version="1" timestamp="2026-09-01T12:00:00Z" changeset="1" uid="1" user="generator"/>
  <node id="2032" lat="49.1216540217" lon="31.3446467192" version="1" timestamp="2026-09-01T12:00:00Z" changeset="1" uid="1" user="generator"/>
  <node id="2033" lat="49.1210330210" lon="31.3435058085" version="1" timestamp="2026-09-01T12:00:00Z" changeset="1" uid="1" user="generator"/>
  <node id="2034" lat="49.1208800209" lon="31.3420899797" version="1" timestamp="2026-09-01T12:00:00Z" changeset="1" uid="1" user="generator"/>
  <node id="2035" lat="49.1213390213" lon="31.3411415118" version="1" timestamp="2026-09-01T12:00:00Z" changeset="1" uid="1" user="generator"/>
  <node id="2036" lat="49.1221220221" lon="31.3411277659" version="1" timestamp="2026-09-01T12:00:00Z" changeset="1" uid="1" user="generator"/>
  <node id="2037" lat="49.1227520228" lon="31.3424886111" version="1" timestamp="2026-09-01T12:00:00Z" changeset="1" uid="1" user="generator"/>
  <node id="2038" lat="49.0971199971" lon="31.2538962143" version="1" timestamp="2026-09-01T12:00:00Z" changeset="1" uid="1" user="generator"/>
  <node id="2039" lat="49.0971109971" lon="31.2550921085" version="1" timestamp="2026-09-01T12:00:00Z" changeset="1" uid="1" user="generator"/>
  <node id="2040" lat="49.0965169965" lon="31.2557794041" version="1" timestamp="2026-09-01T12:00:00Z" changeset="1" uid="1" user="generator"/>
  <node id="2041" lat="49.0953019953" lon="31.2557931500" version="1" timestamp="2026-09-01T12:00:00Z" changeset="1" uid="1" user="generator"/>
  <node id="2042" lat="49.0948249948" lon="31.2553120431" version="1" timestamp="2026-09-01T12:00:00Z" changeset="1" uid="1" user="generator"/>
  <node id="2043" lat="49.0948249948" lon="31.2545147803" version="1" timestamp="2026-09-01T12:00:00Z" changeset="1" uid="1" user="generator"/>
  <node id="2044" lat="49.0957069957" lon="31.2536075501" version="1" timestamp="2026-09-01T12:00:00Z" changeset="1" uid="1" user="generator"/>
  <node id="2045" lat="49.0971199971" lon="31.2538549765" version="1" timestamp="2026-09-01T12:00:00Z" changeset="1" uid="1" user="generator"/>
  <node id="2046" lat="49.0864639865" lon="31.3007422792" version="1" timestamp="2026-09-01T12:00:00Z" changeset="1" uid="1" user="generator"/>
  <node id="2047" lat="49.0864549865" lon="31.3017182389" version="1" timestamp="2026-09-01T12:00:00Z" changeset="1" uid="1" user="generator"/>
  <node id="2048" lat="49.0860589861" lon="31.3017457307" version="1" timestamp="2026-09-01T12:00:00Z" changeset="1" uid="1" user="generator"/>
  <node id="2049" lat="49.0857349857" lon="31.2996013686" version="1" timestamp="2026-09-01T12:00:00Z" changeset="1" uid="1" user="generator"/>
  <node id="2050" lat="49.0844569845" lon="31.2959999399" version="1" timestamp="2026-09-01T12:00:00Z" changeset="1" uid="1" user="generator"/>
  <node id="2051" lat="49.0844749845" lon="31.2953951198" version="1" timestamp="2026-09-01T12:00:00Z" changeset="1" uid="1" user="generator"/>
  <node id="2052" lat="49.0848529849" lon="31.2953951198" version="1" timestamp="2026-09-01T12:00:00Z" changeset="1" uid="1" user="generator"/>
  <node id="2053" lat="49.0857349857" lon="31.2971820882" version="1" timestamp="2026-09-01T12:00:00Z" changeset="1" uid="1" user="generator"/>
  <node id="2054" lat="49.0864639865" lon="31.3007010415" version="1" timestamp="2026-09-01T12:00:00Z" changeset="1" uid="1" user="generator"/>
  <node id="2055" lat="49.0795519796" lon="31.3315331200" version="1" timestamp="2026-09-01T12:00:00Z" changeset="1" uid="1" user="generator"/>
  <node id="2056" lat="49.0794079794" lon="31.3344472531" version="1" timestamp="2026-09-01T12:00:00Z" changeset="1" uid="1" user="generator"/>
  <node id="2057" lat="49.0790299790" lon="31.3345297286" version="1" timestamp="2026-09-01T12:00:00Z" changeset="1" uid="1" user="generator"/>
  <node id="2058" lat="49.0784269784" lon="31.3279454372" version="1" timestamp="2026-09-01T12:00:00Z" changeset="1" uid="1" user="generator"/>
  <node id="2059" lat="49.0788229788" lon="31.3279729290" version="1" timestamp="2026-09-01T12:00:00Z" changeset="1" uid="1" user="generator"/>
  <node id="2060" lat="49.0795519796" lon="31.3314918823" version="1" timestamp="2026-09-01T12:00:00Z" changeset="1" uid="1" user="generator"/>
  <node id="2061" lat="49.0850239850" lon="31.3137184192" version="1" timestamp="2026-09-01T12:00:00Z" changeset="1" uid="1" user="generator"/>
  <node id="2062" lat="49.0842949843" lon="31.3162339210" version="1" timestamp="2026-09-01T12:00:00Z" changeset="1" uid="1" user="generator"/>
  <node id="2063" lat="49.0824049824" lon="31.3186806931" version="1" timestamp="2026-09-01T12:00:00Z" changeset="1" uid="1" user="generator"/>
  <node id="2064" lat="49.0820269820" lon="31.3186806931" version="1" timestamp="2026-09-01T12:00:00Z" changeset="1" uid="1" user="generator"/>
  <node id="2065" lat="49.0822969823" lon="31.3174160693" version="1" timestamp="2026-09-01T12:00:00Z" changeset="1" uid="1" user="generator"/>
  <node id="2066" lat="49.0845829846" lon="31.3142545098" version="1" timestamp="2026-09-01T12:00:00Z" changeset="1" uid="1" user="generator"/>
  <node id="2067" lat="49.0846189846" lon="31.3136496897" version="1" timestamp="2026-09-01T12:00:00Z" changeset="1" uid="1" user="generator"/>
  <node id="2068" lat="49.0850239850" lon="31.3136771815" version="1" timestamp="2026-09-01T12:00:00Z" changeset="1" uid="1" user="generator"/>
  <node id="2069" lat="49.1076320076" lon="31.2690717001" version="1" timestamp="2026-09-01T12:00:00Z" changeset="1" uid="1" user="generator"/>
  <node id="2070" lat="49.1073170073" lon="31.2709548899" version="1" timestamp="2026-09-01T12:00:00Z" changeset="1" uid="1" user="generator"/>
  <node id="2071" lat="49.1060570061" lon="31.2709273981" version="1" timestamp="2026-09-01T12:00:00Z" changeset="1" uid="1" user="generator"/>
  <node id="2072" lat="49.1060480060" lon="31.2697315038" version="1" timestamp="2026-09-01T12:00:00Z" changeset="1" uid="1" user="generator"/>
  <node id="2073" lat="49.1065070065" lon="31.2685631014" version="1" timestamp="2026-09-01T12:00:00Z" changeset="1" uid="1" user="generator"/>
  <node id="2074" lat="49.1072900073" lon="31.2683294209" version="1" timestamp="2026-09-01T12:00:00Z" changeset="1" uid="1" user="generator"/>
  <node id="2075" lat="49.1076320076" lon="31.2690304624" version="1" timestamp="2026-09-01T12:00:00Z" changeset="1" uid="1" user="generator"/>
  <node id="2076" lat="49.0750879751" lon="31.2664324852" version="1" timestamp="2026-09-01T12:00:00Z" changeset="1" uid="1" user="generator"/>
  <node id="2077" lat="49.0750789751" lon="31.2674084449" version="1" timestamp="2026-09-01T12:00:00Z" changeset="1" uid="1" user="generator"/>
  <node id="2078" lat="49.0747099747" lon="31.2674496826" version="1" timestamp="2026-09-01T12:00:00Z" changeset="1" uid="1" user="generator"/>
  <node id="2079" lat="49.0742329742" lon="31.2663087720" version="1" timestamp="2026-09-01T12:00:00Z" changeset="1" uid="1" user="generator"/>
  <node id="2080" lat="49.0739359739" lon="31.2642881230" version="1" timestamp="2026-09-01T12:00:00Z" changeset="1" uid="1" user="generator"/>
  <node id="2081" lat="49.0741069741" lon="31.2621849986" version="1" timestamp="2026-09-01T12:00:00Z" changeset="1" uid="1" user="generator"/>
  <node id="2082" lat="49.0745029745" lon="31.2622124905" version="1" timestamp="2026-09-01T12:00:00Z" changeset="1" uid="1" user="generator"/>
  <node id="2083" lat="49.0746559747" lon="31.2649479268" version="1" timestamp="2026-09-01T12:00:00Z" changeset="1" uid="1" user="generator"/>
  <node id="2084" lat="49.0750879751" lon="31.2663912474" version="1" timestamp="2026-09-01T12:00:00Z" changeset="1" uid="1" user="generator"/>
  <node id="2085" lat="49.0807039807" lon="31.2741301954" version="1" timestamp="2026-09-01T12:00:00Z" changeset="1" uid="1" user="generator"/>
  <node id="2086" lat="49.0806769807" lon="31.2746937777" version="1" timestamp="2026-09-01T12:00:00Z" changeset="1" uid="1" user="generator"/>
  <node id="2087" lat="49.0802989803" lon="31.2746937777" version="1" timestamp="2026-09-01T12:00:00Z" changeset="1" uid="1" user="generator"/>
  <node id="2088" lat="49.0783909784" lon="31.2707899390" version="1" timestamp="2026-09-01T12:00:00Z" changeset="1" uid="1" user="generator"/>
  <node id="2089" lat="49.0776889777" lon="31.2702675944" version="1" timestamp="2026-09-01T12:00:00Z" changeset="1" uid="1" user="generator"/>
  <node id="2090" lat="49.0776889777" lon="31.2696902661" version="1" timestamp="2026-09-01T12:00:00Z" changeset="1" uid="1" user="generator"/>
  <node id="2091" lat="49.0780849781" lon="31.2696627743" version="1" timestamp="2026-09-01T12:00:00Z" changeset="1" uid="1" user="generator"/>
  <node id="2092" lat="49.0784269784" lon="31.2705150208" version="1" timestamp="2026-09-01T12:00:00Z" changeset="1" uid="1" user="generator"/>
  <node id="2093" lat="49.0788049788" lon="31.2705425126" version="1" timestamp="2026-09-01T12:00:00Z" changeset="1" uid="1" user="generator"/>
  <node id="2094" lat="49.0798309798" lon="31.2721095464" version="1" timestamp="2026-09-01T12:00:00Z" changeset="1" uid="1" user="generator"/>
  <node id="2095" lat="49.0802809803" lon="31.2737865476" version="1" timestamp="2026-09-01T12:00:00Z" changeset="1" uid="1" user="generator"/>
  <node id="2096" lat="49.0807039807" lon="31.2740889576" version="1" timestamp="2026-09-01T12:00:00Z" changeset="1" uid="1" user="generator"/>
  <node id="2097" lat="49.0769599770" lon="31.2569752983" version="1" timestamp="2026-09-01T12:00:00Z" changeset="1" uid="1" user="generator"/>
  <node id="2098" lat="49.0763839764" lon="31.2596145133" version="1" timestamp="2026-09-01T12:00:00Z" changeset="1" uid="1" user="generator"/>
  <node id="2099" lat="49.0763839764" lon="31.2616489081" version="1" timestamp="2026-09-01T12:00:00Z" changeset="1" uid="1" user="generator"/>
  <node id="2100" lat="49.0762129762" lon="31.2623774414" version="1" timestamp="2026-09-01T12:00:00Z" changeset="1" uid="1" user="generator"/>
  <node id="2101" lat="49.0758619759" lon="31.2623911873" version="1" timestamp="2026-09-01T12:00:00Z" changeset="1" uid="1" user="generator"/>
  <node id="2102" lat="49.0756639757" lon="31.2620887773" version="1" timestamp="2026-09-01T12:00:00Z" changeset="1" uid="1" user="generator"/>
  <node id="2103" lat="49.0758079758" lon="31.2598344479" version="1" timestamp="2026-09-01T12:00:00Z" changeset="1" uid="1" user="generator"/>
  <node id="2104" lat="49.0765369765" lon="31.2569340606" version="1" timestamp="2026-09-01T12:00:00Z" changeset="1" uid="1" user="generator"/>
  <node id="2105" lat="49.0769599770" lon="31.2569340606" version="1" timestamp="2026-09-01T12:00:00Z" changeset="1" uid="1" user="generator"/>
  <node id="2106" lat="49.1030240030" lon="31.3084399894" version="1" timestamp="2026-09-01T12:00:00Z" changeset="1" uid="1" user="generator"/>
  <node id="2107" lat="49.1028710029" lon="31.3096358837" version="1" timestamp="2026-09-01T12:00:00Z" changeset="1" uid="1" user="generator"/>
  <node id="2108" lat="49.1021870022" lon="31.3098833101" version="1" timestamp="2026-09-01T12:00:00Z" changeset="1" uid="1" user="generator"/>
  <node id="2109" lat="49.1015930016" lon="31.3089760799" version="1" timestamp="2026-09-01T12:00:00Z" changeset="1" uid="1" user="generator"/>
  <node id="2110" lat="49.1015930016" lon="31.3075190134" version="1" timestamp="2026-09-01T12:00:00Z" changeset="1" uid="1" user="generator"/>
  <node id="2111" lat="49.1024210024" lon="31.3072715870" version="1" timestamp="2026-09-01T12:00:00Z" changeset="1" uid="1" user="generator"/>
  <node id="2112" lat="49.1030240030" lon="31.3083987517" version="1" timestamp="2026-09-01T12:00:00Z" changeset="1" uid="1" user="generator"/>
  <node id="2113" lat="49.0825759826" lon="31.2791886906" version="1" timestamp="2026-09-01T12:00:00Z" changeset="1" uid="1" user="generator"/>
  <node id="2114" lat="49.0825669826" lon="31.2803845849" version="1" timestamp="2026-09-01T12:00:00Z" changeset="1" uid="1" user="generator"/>
  <node id="2115" lat="49.0821709822" lon="31.2804120767" version="1" timestamp="2026-09-01T12:00:00Z" changeset="1" uid="1" user="generator"/>
  <node id="2116" lat="49.0815589816" lon="31.2771680417" version="1" timestamp="2026-09-01T12:00:00Z" changeset="1" uid="1" user="generator"/>
  <node id="2117" lat="49.0811269811" lon="31.2758484342" version="1" timestamp="2026-09-01T12:00:00Z" changeset="1" uid="1" user="generator"/>
  <node id="2118" lat="49.0807129807" lon="31.2755460242" version="1" timestamp="2026-09-01T12:00:00Z" changeset="1" uid="1" user="generator"/>
  <node id="2119" lat="49.0807309807" lon="31.2749412041" version="1" timestamp="2026-09-01T12:00:00Z" changeset="1" uid="1" user="generator"/>
  <node id="2120" lat="49.0812709813" lon="31.2751886305" version="1" timestamp="2026-09-01T12:00:00Z" changeset="1" uid="1" user="generator"/>
  <node id="2121" lat="49.0812889813" lon="31.2757659588" version="1" timestamp="2026-09-01T12:00:00Z" changeset="1" uid="1" user="generator"/>
  <node id="2122" lat="49.0821349821" lon="31.2771680417" version="1" timestamp="2026-09-01T12:00:00Z" changeset="1" uid="1" user="generator"/>
  <node id="2123" lat="49.0825759826" lon="31.2791474529" version="1" timestamp="2026-09-01T12:00:00Z" changeset="1" uid="1" user="generator"/>
  <node id="2124" lat="49.0818559819" lon="31.3154778959" version="1" timestamp="2026-09-01T12:00:00Z" changeset="1" uid="1" user="generator"/>
  <node id="2125" lat="49.0817029817" lon="31.3164538556" version="1" timestamp="2026-09-01T12:00:00Z" changeset="1" uid="1" user="generator"/>
  <node id="2126" lat="49.0802449802" lon="31.3186806931" version="1" timestamp="2026-09-01T12:00:00Z" changeset="1" uid="1" user="generator"/>
  <node id="2127" lat="49.0798669799" lon="31.3186806931" version="1" timestamp="2026-09-01T12:00:00Z" changeset="1" uid="1" user="generator"/>
  <node id="2128" lat="49.0798489798" lon="31.3178559385" version="1" timestamp="2026-09-01T12:00:00Z" changeset="1" uid="1" user="generator"/>
  <node id="2129" lat="49.0808569809" lon="31.3160964619" version="1" timestamp="2026-09-01T12:00:00Z" changeset="1" uid="1" user="generator"/>
  <node id="2130" lat="49.0818559819" lon="31.3154366581" version="1" timestamp="2026-09-01T12:00:00Z" changeset="1" uid="1" user="generator"/>
  <node id="2131" lat="49.0838719839" lon="31.2455387003" version="1" timestamp="2026-09-01T12:00:00Z" changeset="1" uid="1" user="generator"/>
  <node id="2132" lat="49.0832869833" lon="31.2480542021" version="1" timestamp="2026-09-01T12:00:00Z" changeset="1" uid="1" user="generator"/>
  <node id="2133" lat="49.0819729820" lon="31.2498411705" version="1" timestamp="2026-09-01T12:00:00Z" changeset="1" uid="1" user="generator"/>
  <node id="2134" lat="49.0815949816" lon="31.2498411705" version="1" timestamp="2026-09-01T12:00:00Z" changeset="1" uid="1" user="generator"/>
  <node id="2135" lat="49.0817209817" lon="31.2490164158" version="1" timestamp="2026-09-01T12:00:00Z" changeset="1" uid="1" user="generator"/>
  <node id="2136" lat="49.0827109827" lon="31.2478342675" version="1" timestamp="2026-09-01T12:00:00Z" changeset="1" uid="1" user="generator"/>
  <node id="2137" lat="49.0832869833" lon="31.2465146600" version="1" timestamp="2026-09-01T12:00:00Z" changeset="1" uid="1" user="generator"/>
  <node id="2138" lat="49.0834489834" lon="31.2454974626" version="1" timestamp="2026-09-01T12:00:00Z" changeset="1" uid="1" user="generator"/>
  <node id="2139" lat="49.0838719839" lon="31.2454974626" version="1" timestamp="2026-09-01T12:00:00Z" changeset="1" uid="1" user="generator"/>
  <node id="2140" lat="49.0853119853" lon="31.3036014287" version="1" timestamp="2026-09-01T12:00:00Z" changeset="1" uid="1" user="generator"/>
  <node id="2141" lat="49.0851679852" lon="31.3078351693" version="1" timestamp="2026-09-01T12:00:00Z" changeset="1" uid="1" user="generator"/>
  <node id="2142" lat="49.0850149850" lon="31.3089760799" version="1" timestamp="2026-09-01T12:00:00Z" changeset="1" uid="1" user="generator"/>
  <node id="2143" lat="49.0846459846" lon="31.3090173177" version="1" timestamp="2026-09-01T12:00:00Z" changeset="1" uid="1" user="generator"/>
  <node id="2144" lat="49.0848799849" lon="31.3036014287" version="1" timestamp="2026-09-01T12:00:00Z" changeset="1" uid="1" user="generator"/>
  <node id="2145" lat="49.0853119853" lon="31.3035601910" version="1" timestamp="2026-09-01T12:00:00Z" changeset="1" uid="1" user="generator"/>
  <node id="2146" lat="49.1337765118" lon="31.3129211564" version="1" timestamp="2026-09-01T12:00:00Z" changeset="1" uid="1" user="generator"/>
  <node id="2147" lat="49.1337765118" lon="31.3267220511" version="1" timestamp="2026-09-01T12:00:00Z" changeset="1" uid="1" user="generator"/>
  <node id="2148" lat="49.1335785116" lon="31.3267220511" version="1" timestamp="2026-09-01T12:00:00Z" changeset="1" uid="1" user="generator"/>
  <node id="2149" lat="49.1335785116" lon="31.3129211564" version="1" timestamp="2026-09-01T12:00:00Z" changeset="1" uid="1" user="generator"/>
  <node id="2150" lat="49.1337765118" lon="31.3344747450" version="1" timestamp="2026-09-01T12:00:00Z" changeset="1" uid="1" user="generator"/>
  <node id="2151" lat="49.1337765118" lon="31.3552035789" version="1" timestamp="2026-09-01T12:00:00Z" changeset="1" uid="1" user="generator"/>
  <node id="2152" lat="49.1335785116" lon="31.3552035789" version="1" timestamp="2026-09-01T12:00:00Z" changeset="1" uid="1" user="generator"/>
  <node id="2153" lat="49.1335785116" lon="31.3344747450" version="1" timestamp="2026-09-01T12:00:00Z" changeset="1" uid="1" user="generator"/>
  <node id="2154" lat="49.1275358605" lon="31.2448514048" version="1" timestamp="2026-09-01T12:00:00Z" changeset="1" uid="1" user="generator"/>
  <node id="2155" lat="49.1275358605" lon="31.2543085916" version="1" timestamp="2026-09-01T12:00:00Z" changeset="1" uid="1" user="generator"/>
  <node id="2156" lat="49.1273378603" lon="31.2543085916" version="1" timestamp="2026-09-01T12:00:00Z" changeset="1" uid="1" user="generator"/>
  <node id="2157" lat="49.1273378603" lon="31.2448514048" version="1" timestamp="2026-09-01T12:00:00Z" changeset="1" uid="1" user="generator"/>
  <node id="2158" lat="49.1275358605" lon="31.2625011546" version="1" timestamp="2026-09-01T12:00:00Z" changeset="1" uid="1" user="generator"/>
  <node id="2159" lat="49.1275358605" lon="31.2776766404" version="1" timestamp="2026-09-01T12:00:00Z" changeset="1" uid="1" user="generator"/>
  <node id="2160" lat="49.1273378603" lon="31.2776766404" version="1" timestamp="2026-09-01T12:00:00Z" changeset="1" uid="1" user="generator"/>
  <node id="2161" lat="49.1273378603" lon="31.2625011546" version="1" timestamp="2026-09-01T12:00:00Z" changeset="1" uid="1" user="generator"/>
  <node id="2162" lat="49.1275358605" lon="31.2986254089" version="1" timestamp="2026-09-01T12:00:00Z" changeset="1" uid="1" user="generator"/>
  <node id="2163" lat="49.1275358605" lon="31.3195741774" version="1" timestamp="2026-09-01T12:00:00Z" changeset="1" uid="1" user="generator"/>
  <node id="2164" lat="49.1273378603" lon="31.3195741774" version="1" timestamp="2026-09-01T12:00:00Z" changeset="1" uid="1" user="generator"/>
  <node id="2165" lat="49.1273378603" lon="31.2986254089" version="1" timestamp="2026-09-01T12:00:00Z" changeset="1" uid="1" user="generator"/>
  <node id="2166" lat="49.1275358605" lon="31.3295262170" version="1" timestamp="2026-09-01T12:00:00Z" changeset="1" uid="1" user="generator"/>
  <node id="2167" lat="49.1275358605" lon="31.3466261304" version="1" timestamp="2026-09-01T12:00:00Z" changeset="1" uid="1" user="generator"/>
  <node id="2168" lat="49.1273378603" lon="31.3466261304" version="1" timestamp="2026-09-01T12:00:00Z" changeset="1" uid="1" user="generator"/>
  <node id="2169" lat="49.1273378603" lon="31.3295262170" version="1" timestamp="2026-09-01T12:00:00Z" changeset="1" uid="1" user="generator"/>
  <node id="2170" lat="49.1056115056" lon="31.2506796711" version="1" timestamp="2026-09-01T12:00:00Z" changeset="1" uid="1" user="generator"/>
  <node id="2171" lat="49.1056115056" lon="31.2848245142" version="1" timestamp="2026-09-01T12:00:00Z" changeset="1" uid="1" user="generator"/>
  <node id="2172" lat="49.1054135054" lon="31.2848245142" version="1" timestamp="2026-09-01T12:00:00Z" changeset="1" uid="1" user="generator"/>
  <node id="2173" lat="49.1054135054" lon="31.2506796711" version="1" timestamp="2026-09-01T12:00:00Z" changeset="1" uid="1" user="generator"/>
  <node id="2174" lat="49.1056115056" lon="31.2986254089" version="1" timestamp="2026-09-01T12:00:00Z" changeset="1" uid="1" user="generator"/>
  <node id="2175" lat="49.1056115056" lon="31.3081375794" version="1" timestamp="2026-09-01T12:00:00Z" changeset="1" uid="1" user="generator"/>
  <node id="2176" lat="49.1054135054" lon="31.3081375794" version="1" timestamp="2026-09-01T12:00:00Z" changeset="1" uid="1" user="generator"/>
  <node id="2177" lat="49.1054135054" lon="31.2986254089" version="1" timestamp="2026-09-01T12:00:00Z" changeset="1" uid="1" user="generator"/>
  <node id="2178" lat="49.1056115056" lon="31.3312307100" version="1" timestamp="2026-09-01T12:00:00Z" changeset="1" uid="1" user="generator"/>
  <node id="2179" lat="49.1056115056" lon="31.3405229458" version="1" timestamp="2026-09-01T12:00:00Z" changeset="1" uid="1" user="generator"/>
  <node id="2180" lat="49.1054135054" lon="31.3405229458" version="1" timestamp="2026-09-01T12:00:00Z" changeset="1" uid="1" user="generator"/>
  <node id="2181" lat="49.1054135054" lon="31.3312307100" version="1" timestamp="2026-09-01T12:00:00Z" changeset="1" uid="1" user="generator"/>
  <node id="2182" lat="49.1056115056" lon="31.3411827496" version="1" timestamp="2026-09-01T12:00:00Z" changeset="1" uid="1" user="generator"/>
  <node id="2183" lat="49.1056115056" lon="31.3552035789" version="1" timestamp="2026-09-01T12:00:00Z" changeset="1" uid="1" user="generator"/>
  <node id="2184" lat="49.1054135054" lon="31.3552035789" version="1" timestamp="2026-09-01T12:00:00Z" changeset="1" uid="1" user="generator"/>
  <node id="2185" lat="49.1054135054" lon="31.3411827496" version="1" timestamp="2026-09-01T12:00:00Z" changeset="1" uid="1" user="generator"/>
  <node id="2186" lat="49.0965005985" lon="31.2448514048" version="1" timestamp="2026-09-01T12:00:00Z" changeset="1" uid="1" user="generator"/>
  <node id="2187" lat="49.0965005985" lon="31.2533738696" version="1" timestamp="2026-09-01T12:00:00Z" changeset="1" uid="1" user="generator"/>
  <node id="2188" lat="49.0963025983" lon="31.2533738696" version="1" timestamp="2026-09-01T12:00:00Z" changeset="1" uid="1" user="generator"/>
  <node id="2189" lat="49.0963025983" lon="31.2448514048" version="1" timestamp="2026-09-01T12:00:00Z" changeset="1" uid="1" user="generator"/>
  <node id="2190" lat="49.0965005985" lon="31.2949415047" version="1" timestamp="2026-09-01T12:00:00Z" changeset="1" uid="1" user="generator"/>
  <node id="2191" lat="49.0965005985" lon="31.3087973831" version="1" timestamp="2026-09-01T12:00:00Z" changeset="1" uid="1" user="generator"/>
  <node id="2192" lat="49.0963025983" lon="31.3087973831" version="1" timestamp="2026-09-01T12:00:00Z" changeset="1" uid="1" user="generator"/>
  <node id="2193" lat="49.0963025983" lon="31.2949415047" version="1" timestamp="2026-09-01T12:00:00Z" changeset="1" uid="1" user="generator"/>
  <node id="2194" lat="49.0965005985" lon="31.3098970560" version="1" timestamp="2026-09-01T12:00:00Z" changeset="1" uid="1" user="generator"/>
  <node id="2195" lat="49.0965005985" lon="31.3205088993" version="1" timestamp="2026-09-01T12:00:00Z" changeset="1" uid="1" user="generator"/>
  <node id="2196" lat="49.0963025983" lon="31.3205088993" version="1" timestamp="2026-09-01T12:00:00Z" changeset="1" uid="1" user="generator"/>
  <node id="2197" lat="49.0963025983" lon="31.3098970560" version="1" timestamp="2026-09-01T12:00:00Z" changeset="1" uid="1" user="generator"/>
  <node id="2198" lat="49.0965005985" lon="31.3215535886" version="1" timestamp="2026-09-01T12:00:00Z" changeset="1" uid="1" user="generator"/>
  <node id="2199" lat="49.0965005985" lon="31.3405229458" version="1" timestamp="2026-09-01T12:00:00Z" changeset="1" uid="1" user="generator"/>
  <node id="2200" lat="49.0963025983" lon="31.3405229458" version="1" timestamp="2026-09-01T12:00:00Z" changeset="1" uid="1" user="generator"/>
  <node id="2201" lat="49.0963025983" lon="31.3215535886" version="1" timestamp="2026-09-01T12:00:00Z" changeset="1" uid="1" user="generator"/>
  <node id="2202" lat="49.0965005985" lon="31.3448116701" version="1" timestamp="2026-09-01T12:00:00Z" changeset="1" uid="1" user="generator"/>
  <node id="2203" lat="49.0965005985" lon="31.3531691840" version="1" timestamp="2026-09-01T12:00:00Z" changeset="1" uid="1" user="generator"/>
  <node id="2204" lat="49.0963025983" lon="31.3531691840" version="1" timestamp="2026-09-01T12:00:00Z" changeset="1" uid="1" user="generator"/>
  <node id="2205" lat="49.0963025983" lon="31.3448116701" version="1" timestamp="2026-09-01T12:00:00Z" changeset="1" uid="1" user="generator"/>
  <node id="2206" lat="49.0853647254" lon="31.2448514048" version="1" timestamp="2026-09-01T12:00:00Z" changeset="1" uid="1" user="generator"/>
  <node id="2207" lat="49.0853647254" lon="31.2534838369" version="1" timestamp="2026-09-01T12:00:00Z" changeset="1" uid="1" user="generator"/>
  <node id="2208" lat="49.0851667252" lon="31.2534838369" version="1" timestamp="2026-09-01T12:00:00Z" changeset="1" uid="1" user="generator"/>
  <node id="2209" lat="49.0851667252" lon="31.2448514048" version="1" timestamp="2026-09-01T12:00:00Z" changeset="1" uid="1" user="generator"/>
  <node id="2210" lat="49.0853647254" lon="31.2665699443" version="1" timestamp="2026-09-01T12:00:00Z" changeset="1" uid="1" user="generator"/>
  <node id="2211" lat="49.0853647254" lon="31.2760821147" version="1" timestamp="2026-09-01T12:00:00Z" changeset="1" uid="1" user="generator"/>
  <node id="2212" lat="49.0851667252" lon="31.2760821147" version="1" timestamp="2026-09-01T12:00:00Z" changeset="1" uid="1" user="generator"/>
  <node id="2213" lat="49.0851667252" lon="31.2665699443" version="1" timestamp="2026-09-01T12:00:00Z" changeset="1" uid="1" user="generator"/>
  <node id="2214" lat="49.0853647254" lon="31.2775666731" version="1" timestamp="2026-09-01T12:00:00Z" changeset="1" uid="1" user="generator"/>
  <node id="2215" lat="49.0853647254" lon="31.2866939581" version="1" timestamp="2026-09-01T12:00:00Z" changeset="1" uid="1" user="generator"/>
  <node id="2216" lat="49.0851667252" lon="31.2866939581" version="1" timestamp="2026-09-01T12:00:00Z" changeset="1" uid="1" user="generator"/>
  <node id="2217" lat="49.0851667252" lon="31.2775666731" version="1" timestamp="2026-09-01T12:00:00Z" changeset="1" uid="1" user="generator"/>
  <node id="2218" lat="49.0853647254" lon="31.3139108620" version="1" timestamp="2026-09-01T12:00:00Z" changeset="1" uid="1" user="generator"/>
  <node id="2219" lat="49.0853647254" lon="31.3251275254" version="1" timestamp="2026-09-01T12:00:00Z" changeset="1" uid="1" user="generator"/>
  <node id="2220" lat="49.0851667252" lon="31.3251275254" version="1" timestamp="2026-09-01T12:00:00Z" changeset="1" uid="1" user="generator"/>
  <node id="2221" lat="49.0851667252" lon="31.3139108620" version="1" timestamp="2026-09-01T12:00:00Z" changeset="1" uid="1" user="generator"/>
  <node id="2222" lat="49.0853647254" lon="31.3271619203" version="1" timestamp="2026-09-01T12:00:00Z" changeset="1" uid="1" user="generator"/>
  <node id="2223" lat="49.0853647254" lon="31.3328802193" version="1" timestamp="2026-09-01T12:00:00Z" changeset="1" uid="1" user="generator"/>
  <node id="2224" lat="49.0851667252" lon="31.3328802193" version="1" timestamp="2026-09-01T12:00:00Z" changeset="1" uid="1" user="generator"/>
  <node id="2225" lat="49.0851667252" lon="31.3271619203" version="1" timestamp="2026-09-01T12:00:00Z" changeset="1" uid="1" user="generator"/>
  <node id="2226" lat="49.0853647254" lon="31.3346396959" version="1" timestamp="2026-09-01T12:00:00Z" changeset="1" uid="1" user="generator"/>
  <node id="2227" lat="49.0853647254" lon="31.3427772753" version="1" timestamp="2026-09-01T12:00:00Z" changeset="1" uid="1" user="generator"/>
  <node id="2228" lat="49.0851667252" lon="31.3427772753" version="1" timestamp="2026-09-01T12:00:00Z" changeset="1" uid="1" user="generator"/>
  <node id="2229" lat="49.0851667252" lon="31.3346396959" version="1" timestamp="2026-09-01T12:00:00Z" changeset="1" uid="1" user="generator"/>
  <node id="2230" lat="49.0751419481" lon="31.2448514048" version="1" timestamp="2026-09-01T12:00:00Z" changeset="1" uid="1" user="generator"/>
  <node id="2231" lat="49.0751419481" lon="31.2583223976" version="1" timestamp="2026-09-01T12:00:00Z" changeset="1" uid="1" user="generator"/>
  <node id="2232" lat="49.0749439479" lon="31.2583223976" version="1" timestamp="2026-09-01T12:00:00Z" changeset="1" uid="1" user="generator"/>
  <node id="2233" lat="49.0749439479" lon="31.2448514048" version="1" timestamp="2026-09-01T12:00:00Z" changeset="1" uid="1" user="generator"/>
  <node id="2234" lat="49.0751419481" lon="31.2677795844" version="1" timestamp="2026-09-01T12:00:00Z" changeset="1" uid="1" user="generator"/>
  <node id="2235" lat="49.0751419481" lon="31.2820203483" version="1" timestamp="2026-09-01T12:00:00Z" changeset="1" uid="1" user="generator"/>
  <node id="2236" lat="49.0749439479" lon="31.2820203483" version="1" timestamp="2026-09-01T12:00:00Z" changeset="1" uid="1" user="generator"/>
  <node id="2237" lat="49.0749439479" lon="31.2677795844" version="1" timestamp="2026-09-01T12:00:00Z" changeset="1" uid="1" user="generator"/>
  <node id="2238" lat="49.0751419481" lon="31.3013196075" version="1" timestamp="2026-09-01T12:00:00Z" changeset="1" uid="1" user="generator"/>
  <node id="2239" lat="49.0751419481" lon="31.3239728689" version="1" timestamp="2026-09-01T12:00:00Z" changeset="1" uid="1" user="generator"/>
  <node id="2240" lat="49.0749439479" lon="31.3239728689" version="1" timestamp="2026-09-01T12:00:00Z" changeset="1" uid="1" user="generator"/>
  <node id="2241" lat="49.0749439479" lon="31.3013196075" version="1" timestamp="2026-09-01T12:00:00Z" changeset="1" uid="1" user="generator"/>
  <node id="2242" lat="49.0751419481" lon="31.3346946795" version="1" timestamp="2026-09-01T12:00:00Z" changeset="1" uid="1" user="generator"/>
  <node id="2243" lat="49.0751419481" lon="31.3434920626" version="1" timestamp="2026-09-01T12:00:00Z" changeset="1" uid="1" user="generator"/>
  <node id="2244" lat="49.0749439479" lon="31.3434920626" version="1" timestamp="2026-09-01T12:00:00Z" changeset="1" uid="1" user="generator"/>
  <node id="2245" lat="49.0749439479" lon="31.3346946795" version="1" timestamp="2026-09-01T12:00:00Z" changeset="1" uid="1" user="generator"/>
  <node id="2246" lat="49.0751419481" lon="31.3458563593" version="1" timestamp="2026-09-01T12:00:00Z" changeset="1" uid="1" user="generator"/>
  <node id="2247" lat="49.0751419481" lon="31.3552035789" version="1" timestamp="2026-09-01T12:00:00Z" changeset="1" uid="1" user="generator"/>
  <node id="2248" lat="49.0749439479" lon="31.3552035789" version="1" timestamp="2026-09-01T12:00:00Z" changeset="1" uid="1" user="generator"/>
  <node id="2249" lat="49.0749439479" lon="31.3458563593" version="1" timestamp="2026-09-01T12:00:00Z" changeset="1" uid="1" user="generator"/>
  <node id="2250" lat="49.0683505684" lon="31.2516143930" version="1" timestamp="2026-09-01T12:00:00Z" changeset="1" uid="1" user="generator"/>
  <node id="2251" lat="49.0683505684" lon="31.2632709256" version="1" timestamp="2026-09-01T12:00:00Z" changeset="1" uid="1" user="generator"/>
  <node id="2252" lat="49.0681525682" lon="31.2632709256" version="1" timestamp="2026-09-01T12:00:00Z" changeset="1" uid="1" user="generator"/>
  <node id="2253" lat="49.0681525682" lon="31.2516143930" version="1" timestamp="2026-09-01T12:00:00Z" changeset="1" uid="1" user="generator"/>
  <node id="2254" lat="49.0683505684" lon="31.2842196941" version="1" timestamp="2026-09-01T12:00:00Z" changeset="1" uid="1" user="generator"/>
  <node id="2255" lat="49.0683505684" lon="31.3072028574" version="1" timestamp="2026-09-01T12:00:00Z" changeset="1" uid="1" user="generator"/>
  <node id="2256" lat="49.0681525682" lon="31.3072028574" version="1" timestamp="2026-09-01T12:00:00Z" changeset="1" uid="1" user="generator"/>
  <node id="2257" lat="49.0681525682" lon="31.2842196941" version="1" timestamp="2026-09-01T12:00:00Z" changeset="1" uid="1" user="generator"/>
  <node id="2258" lat="49.1148761239" lon="31.3238872731" version="1" timestamp="2026-09-01T12:00:00Z" changeset="1" uid="1" user="generator"/>
  <node id="2259" lat="49.1110764101" lon="31.3172570154" version="1" timestamp="2026-09-01T12:00:00Z" changeset="1" uid="1" user="generator"/>
  <node id="2260" lat="49.1109409689" lon="31.3174380903" version="1" timestamp="2026-09-01T12:00:00Z" changeset="1" uid="1" user="generator"/>
  <node id="2261" lat="49.1147406737" lon="31.3240683480" version="1" timestamp="2026-09-01T12:00:00Z" changeset="1" uid="1" user="generator"/>
  <node id="2262" lat="49.1202460512" lon="31.2671252928" version="1" timestamp="2026-09-01T12:00:00Z" changeset="1" uid="1" user="generator"/>
  <node id="2263" lat="49.1199114669" lon="31.2684680484" version="1" timestamp="2026-09-01T12:00:00Z" changeset="1" uid="1" user="generator"/>
  <node id="2264" lat="49.1196079686" lon="31.2698278489" version="1" timestamp="2026-09-01T12:00:00Z" changeset="1" uid="1" user="generator"/>
  <node id="2265" lat="49.1028227808" lon="31.3014378223" version="1" timestamp="2026-09-01T12:00:00Z" changeset="1" uid="1" user="generator"/>
  <node id="2266" lat="49.1007003987" lon="31.3041620282" version="1" timestamp="2026-09-01T12:00:00Z" changeset="1" uid="1" user="generator"/>
  <node id="2267" lat="49.0832329652" lon="31.3324607628" version="1" timestamp="2026-09-01T12:00:00Z" changeset="1" uid="1" user="generator"/>
  <node id="2268" lat="49.0828282438" lon="31.3336732071" version="1" timestamp="2026-09-01T12:00:00Z" changeset="1" uid="1" user="generator"/>
  <node id="2269" lat="49.0823993484" lon="31.3348663247" version="1" timestamp="2026-09-01T12:00:00Z" changeset="1" uid="1" user="generator"/>
  <node id="2270" lat="49.1023382473" lon="31.3037447711" version="1" timestamp="2026-09-01T12:00:00Z" changeset="1" uid="1" user="generator"/>
  <node id="2271" lat="49.1011855532" lon="31.3018691277" version="1" timestamp="2026-09-01T12:00:00Z" changeset="1" uid="1" user="generator"/>
  <node id="2272" lat="49.1208322758" lon="31.2674467822" version="1" timestamp="2026-09-01T12:00:00Z" changeset="1" uid="1" user="generator"/>
  <node id="2273" lat="49.1205144495" lon="31.2687987200" version="1" timestamp="2026-09-01T12:00:00Z" changeset="1" uid="1" user="generator"/>
  <node id="2274" lat="49.1201966232" lon="31.2701506579" version="1" timestamp="2026-09-01T12:00:00Z" changeset="1" uid="1" user="generator"/>
  <node id="2275" lat="49.1196209916" lon="31.2667825110" version="1" timestamp="2026-09-01T12:00:00Z" changeset="1" uid="1" user="generator"/>
  <node id="2276" lat="49.1193031653" lon="31.2681344626" version="1" timestamp="2026-09-01T12:00:00Z" changeset="1" uid="1" user="generator"/>
  <node id="2277" lat="49.1189853390" lon="31.2694864005" version="1" timestamp="2026-09-01T12:00:00Z" changeset="1" uid="1" user="generator"/>
  <node id="2278" lat="49.1033623764" lon="31.3023877747" version="1" timestamp="2026-09-01T12:00:00Z" changeset="1" uid="1" user="generator"/>
  <node id="2279" lat="49.1023154503" lon="31.3037749846" version="1" timestamp="2026-09-01T12:00:00Z" changeset="1" uid="1" user="generator"/>
  <node id="2280" lat="49.1012685153" lon="31.3051621944" version="1" timestamp="2026-09-01T12:00:00Z" changeset="1" uid="1" user="generator"/>
  <node id="2281" lat="49.1022594883" lon="31.3004461373" version="1" timestamp="2026-09-01T12:00:00Z" changeset="1" uid="1" user="generator"/>
  <node id="2282" lat="49.1012125532" lon="31.3018333471" version="1" timestamp="2026-09-01T12:00:00Z" changeset="1" uid="1" user="generator"/>
  <node id="2283" lat="49.1001656272" lon="31.3032205570" version="1" timestamp="2026-09-01T12:00:00Z" changeset="1" uid="1" user="generator"/>
  <node id="2284" lat="49.0837709318" lon="31.3328904462" version="1" timestamp="2026-09-01T12:00:00Z" changeset="1" uid="1" user="generator"/>
  <node id="2285" lat="49.0833580384" lon="31.3340963475" version="1" timestamp="2026-09-01T12:00:00Z" changeset="1" uid="1" user="generator"/>
  <node id="2286" lat="49.0829451449" lon="31.3353022626" version="1" timestamp="2026-09-01T12:00:00Z" changeset="1" uid="1" user="generator"/>
  <node id="2287" lat="49.0827181917" lon="31.3320496089" version="1" timestamp="2026-09-01T12:00:00Z" changeset="1" uid="1" user="generator"/>
  <node id="2288" lat="49.0823052983" lon="31.3332555239" version="1" timestamp="2026-09-01T12:00:00Z" changeset="1" uid="1" user="generator"/>
  <node id="2289" lat="49.0818924049" lon="31.3344614389" version="1" timestamp="2026-09-01T12:00:00Z" changeset="1" uid="1" user="generator"/>
  <way id="1" version="1" timestamp="2026-09-01T12:00:00Z" changeset="1" uid="1" user="generator">
    <nd ref="1"/>
    <nd ref="2"/>
    <nd ref="3"/>
    <nd ref="4"/>
    <nd ref="5"/>
    <nd ref="6"/>
    <nd ref="7"/>
    <nd ref="8"/>
    <nd ref="9"/>
    <nd ref="10"/>
    <nd ref="11"/>
    <nd ref="12"/>
    <nd ref="13"/>
    <nd ref="14"/>
    <nd ref="15"/>
    <nd ref="16"/>
    <nd ref="17"/>
    <nd ref="18"/>
    <nd ref="19"/>
    <nd ref="20"/>
    <nd ref="21"/>
    <nd ref="22"/>
    <nd ref="23"/>
    <nd ref="24"/>
    <nd ref="25"/>
    <nd ref="26"/>
    <nd ref="27"/>
    <nd ref="28"/>
    <nd ref="29"/>
    <nd ref="30"/>
    <nd ref="31"/>
    <nd ref="32"/>
    <nd ref="33"/>
    <nd ref="34"/>
    <nd ref="35"/>
    <nd ref="36"/>
    <nd ref="37"/>
    <nd ref="38"/>
    <nd ref="39"/>
    <nd ref="40"/>
    <nd ref="41"/>
    <nd ref="42"/>
    <nd ref="43"/>
    <nd ref="44"/>
    <nd ref="45"/>
    <nd ref="46"/>
    <nd ref="47"/>
    <nd ref="48"/>
    <nd ref="49"/>
    <nd ref="50"/>
    <nd ref="51"/>
    <nd ref="52"/>
    <nd ref="53"/>
    <nd ref="54"/>
    <nd ref="55"/>
    <nd ref="56"/>
    <nd ref="57"/>
    <nd ref="58"/>
    <nd ref="59"/>
    <nd ref="60"/>
    <nd ref="61"/>
    <nd ref="62"/>
    <nd ref="63"/>
    <nd ref="64"/>
    <nd ref="65"/>
    <nd ref="66"/>
    <nd ref="67"/>
    <nd ref="68"/>
    <nd ref="69"/>
    <nd ref="70"/>
    <nd ref="71"/>
    <nd ref="72"/>
    <nd ref="73"/>
    <nd ref="74"/>
    <nd ref="75"/>
    <nd ref="1"/>
    <tag k="natural" v="water"/>
    <tag k="waterway" v="riverbank"/>
    <tag k="name" v="Rio Bystra"/>
  </way>
  <way id="2" version="1" timestamp="2026-09-01T12:00:00Z" changeset="1" uid="1" user="generator">
    <nd ref="76"/>
    <nd ref="77"/>
    <nd ref="78"/>
    <nd ref="79"/>
    <nd ref="80"/>
    <nd ref="81"/>
    <nd ref="82"/>
    <nd ref="83"/>
    <nd ref="84"/>
    <nd ref="85"/>
    <nd ref="86"/>
    <nd ref="87"/>
    <nd ref="88"/>
    <nd ref="89"/>
    <nd ref="90"/>
    <nd ref="91"/>
    <nd ref="92"/>
    <nd ref="93"/>
    <nd ref="94"/>
    <nd ref="95"/>
    <nd ref="96"/>
    <nd ref="97"/>
    <nd ref="98"/>
    <nd ref="99"/>
    <nd ref="100"/>
    <nd ref="101"/>
    <nd ref="102"/>
    <nd ref="103"/>
    <nd ref="104"/>
    <nd ref="105"/>
    <nd ref="106"/>
    <nd ref="107"/>
    <nd ref="108"/>
    <nd ref="109"/>
    <nd ref="110"/>
    <nd ref="111"/>
    <nd ref="112"/>
    <nd ref="113"/>
    <nd ref="114"/>
    <nd ref="115"/>
    <nd ref="116"/>
    <nd ref="117"/>
    <nd ref="118"/>
    <nd ref="119"/>
    <nd ref="120"/>
    <nd ref="121"/>
    <nd ref="122"/>
    <nd ref="123"/>
    <nd ref="124"/>
    <nd ref="125"/>
    <nd ref="126"/>
    <nd ref="127"/>
    <nd ref="128"/>
    <nd ref="129"/>
    <nd ref="130"/>
    <nd ref="131"/>
    <nd ref="132"/>
    <nd ref="133"/>
    <nd ref="76"/>
    <tag k="natural" v="water"/>
    <tag k="waterway" v="riverbank"/>
    <tag k="name" v="Rio Bystra"/>
  </way>
  <way id="3" version="1" timestamp="2026-09-01T12:00:00Z" changeset="1" uid="1" user="generator">
    <nd ref="134"/>
    <nd ref="135"/>
    <nd ref="136"/>
    <nd ref="137"/>
    <nd ref="138"/>
    <nd ref="139"/>
    <nd ref="140"/>
    <nd ref="141"/>
    <nd ref="142"/>
    <nd ref="143"/>
    <nd ref="144"/>
    <nd ref="145"/>
    <nd ref="146"/>
    <nd ref="147"/>
    <nd ref="148"/>
    <nd ref="149"/>
    <nd ref="150"/>
    <nd ref="151"/>
    <nd ref="152"/>
    <nd ref="153"/>
    <nd ref="154"/>
    <nd ref="155"/>
    <nd ref="156"/>
    <nd ref="157"/>
    <nd ref="158"/>
    <nd ref="159"/>
    <nd ref="160"/>
    <nd ref="161"/>
    <nd ref="162"/>
    <nd ref="163"/>
    <nd ref="164"/>
    <nd ref="165"/>
    <nd ref="166"/>
    <nd ref="167"/>
    <nd ref="168"/>
    <nd ref="169"/>
    <nd ref="170"/>
    <nd ref="171"/>
    <nd ref="172"/>
    <nd ref="173"/>
    <nd ref="174"/>
    <nd ref="175"/>
    <nd ref="176"/>
    <nd ref="177"/>
    <nd ref="178"/>
    <nd ref="179"/>
    <nd ref="180"/>
    <nd ref="181"/>
    <nd ref="182"/>
    <nd ref="183"/>
    <nd ref="184"/>
    <nd ref="185"/>
    <nd ref="186"/>
    <nd ref="187"/>
    <nd ref="188"/>
    <nd ref="189"/>
    <nd ref="190"/>
    <nd ref="191"/>
    <nd ref="192"/>
    <nd ref="193"/>
    <nd ref="194"/>
    <nd ref="195"/>
    <nd ref="196"/>
    <nd ref="197"/>
    <nd ref="198"/>
    <nd ref="199"/>
    <nd ref="200"/>
    <nd ref="134"/>
    <tag k="natural" v="water"/>
    <tag k="waterway" v="riverbank"/>
    <tag k="name" v="Rio Bystra"/>
  </way>
  <way id="4" version="1" timestamp="2026-09-01T12:00:00Z" changeset="1" uid="1" user="generator">
    <nd ref="201"/>
    <nd ref="202"/>
    <nd ref="203"/>
    <nd ref="204"/>
    <nd ref="205"/>
    <nd ref="206"/>
    <nd ref="207"/>
    <nd ref="208"/>
    <nd ref="209"/>
    <nd ref="210"/>
    <nd ref="211"/>
    <nd ref="212"/>
    <nd ref="213"/>
    <nd ref="214"/>
    <nd ref="215"/>
    <nd ref="216"/>
    <nd ref="217"/>
    <nd ref="218"/>
    <nd ref="219"/>
    <nd ref="220"/>
    <nd ref="221"/>
    <nd ref="222"/>
    <nd ref="223"/>
    <nd ref="224"/>
    <nd ref="225"/>
    <nd ref="226"/>
    <nd ref="227"/>
    <nd ref="201"/>
    <tag k="natural" v="water"/>
    <tag k="water" v="lake"/>
    <tag k="name" v="Lago Bystre"/>
    <tag k="area" v="yes"/>
  </way>
  <way id="5" version="1" timestamp="2026-09-01T12:00:00Z" changeset="1" uid="1" user="generator">
    <nd ref="228"/>
    <nd ref="229"/>
    <nd ref="230"/>
    <nd ref="231"/>
    <nd ref="232"/>
    <nd ref="233"/>
    <nd ref="234"/>
    <nd ref="235"/>
    <nd ref="228"/>
    <tag k="landuse" v="farmyard"/>
    <tag k="name" v="Village Verkhivka (9.8 ha)"/>
    <tag k="place" v="village"/>
  </way>
  <way id="6" version="1" timestamp="2026-09-01T12:00:00Z" changeset="1" uid="1" user="generator">
    <nd ref="236"/>
    <nd ref="237"/>
    <nd ref="238"/>
    <nd ref="239"/>
    <nd ref="240"/>
    <nd ref="241"/>
    <nd ref="242"/>
    <nd ref="243"/>
    <nd ref="236"/>
    <tag k="landuse" v="farmyard"/>
    <tag k="name" v="Village Bereh (18.9 ha)"/>
    <tag k="place" v="village"/>
  </way>
  <way id="7" version="1" timestamp="2026-09-01T12:00:00Z" changeset="1" uid="1" user="generator">
    <nd ref="244"/>
    <nd ref="245"/>
    <nd ref="246"/>
    <nd ref="247"/>
    <nd ref="248"/>
    <nd ref="249"/>
    <nd ref="250"/>
    <nd ref="251"/>
    <nd ref="244"/>
    <tag k="landuse" v="farmyard"/>
    <tag k="name" v="Village Nyzhne (8.5 ha)"/>
    <tag k="place" v="village"/>
  </way>
  <way id="8" version="1" timestamp="2026-09-01T12:00:00Z" changeset="1" uid="1" user="generator">
    <nd ref="252"/>
    <nd ref="253"/>
    <nd ref="254"/>
    <nd ref="255"/>
    <nd ref="256"/>
    <nd ref="257"/>
    <nd ref="258"/>
    <nd ref="259"/>
    <nd ref="252"/>
    <tag k="landuse" v="farmyard"/>
    <tag k="name" v="Granja Cooperativa (23.9 ha)"/>
  </way>
  <way id="9" version="1" timestamp="2026-09-01T12:00:00Z" changeset="1" uid="1" user="generator">
    <nd ref="260"/>
    <nd ref="261"/>
    <nd ref="262"/>
    <nd ref="263"/>
    <nd ref="264"/>
    <nd ref="265"/>
    <nd ref="266"/>
    <nd ref="267"/>
    <nd ref="260"/>
    <tag k="landuse" v="farmyard"/>
    <tag k="name" v="Granja Granos (20.9 ha)"/>
  </way>
  <way id="10" version="1" timestamp="2026-09-01T12:00:00Z" changeset="1" uid="1" user="generator">
    <nd ref="268"/>
    <nd ref="269"/>
    <nd ref="270"/>
    <nd ref="271"/>
    <nd ref="272"/>
    <nd ref="273"/>
    <nd ref="274"/>
    <nd ref="275"/>
    <nd ref="268"/>
    <tag k="landuse" v="farmyard"/>
    <tag k="name" v="Granja Vacas (17.9 ha)"/>
  </way>
  <way id="11" version="1" timestamp="2026-09-01T12:00:00Z" changeset="1" uid="1" user="generator">
    <nd ref="276"/>
    <nd ref="277"/>
    <nd ref="278"/>
    <nd ref="279"/>
    <nd ref="280"/>
    <nd ref="281"/>
    <nd ref="282"/>
    <nd ref="283"/>
    <nd ref="276"/>
    <tag k="landuse" v="farmyard"/>
    <tag k="name" v="Granja Cerdos (14.9 ha)"/>
  </way>
  <way id="12" version="1" timestamp="2026-09-01T12:00:00Z" changeset="1" uid="1" user="generator">
    <nd ref="284"/>
    <nd ref="285"/>
    <nd ref="286"/>
    <nd ref="287"/>
    <nd ref="288"/>
    <nd ref="289"/>
    <nd ref="290"/>
    <nd ref="291"/>
    <nd ref="284"/>
    <tag k="landuse" v="farmyard"/>
    <tag k="name" v="Granja Ovejas (13.4 ha)"/>
  </way>
  <way id="13" version="1" timestamp="2026-09-01T12:00:00Z" changeset="1" uid="1" user="generator">
    <nd ref="292"/>
    <nd ref="293"/>
    <nd ref="294"/>
    <nd ref="295"/>
    <nd ref="296"/>
    <nd ref="297"/>
    <nd ref="298"/>
    <nd ref="299"/>
    <nd ref="292"/>
    <tag k="landuse" v="farmyard"/>
    <tag k="name" v="Granja Invernaderos (11.9 ha)"/>
  </way>
  <way id="14" version="1" timestamp="2026-09-01T12:00:00Z" changeset="1" uid="1" user="generator">
    <nd ref="300"/>
    <nd ref="301"/>
    <nd ref="302"/>
    <nd ref="303"/>
    <nd ref="304"/>
    <nd ref="305"/>
    <nd ref="306"/>
    <nd ref="307"/>
    <nd ref="300"/>
    <tag k="landuse" v="farmyard"/>
    <tag k="name" v="Granja Pollos (10.4 ha)"/>
  </way>
  <way id="15" version="1" timestamp="2026-09-01T12:00:00Z" changeset="1" uid="1" user="generator">
    <nd ref="308"/>
    <nd ref="309"/>
    <nd ref="310"/>
    <nd ref="311"/>
    <nd ref="312"/>
    <nd ref="313"/>
    <nd ref="314"/>
    <nd ref="315"/>
    <nd ref="308"/>
    <tag k="landuse" v="farmyard"/>
    <tag k="name" v="Industry Pad 1 (4.3 ha)"/>
  </way>
  <way id="16" version="1" timestamp="2026-09-01T12:00:00Z" changeset="1" uid="1" user="generator">
    <nd ref="316"/>
    <nd ref="317"/>
    <nd ref="318"/>
    <nd ref="319"/>
    <nd ref="320"/>
    <nd ref="321"/>
    <nd ref="322"/>
    <nd ref="323"/>
    <nd ref="316"/>
    <tag k="landuse" v="farmyard"/>
    <tag k="name" v="Industry Pad 2 (4.5 ha)"/>
  </way>
  <way id="17" version="1" timestamp="2026-09-01T12:00:00Z" changeset="1" uid="1" user="generator">
    <nd ref="324"/>
    <nd ref="325"/>
    <nd ref="326"/>
    <nd ref="327"/>
    <nd ref="328"/>
    <nd ref="329"/>
    <nd ref="330"/>
    <nd ref="331"/>
    <nd ref="324"/>
    <tag k="landuse" v="farmyard"/>
    <tag k="name" v="Industry Pad 3 (4.7 ha)"/>
  </way>
  <way id="18" version="1" timestamp="2026-09-01T12:00:00Z" changeset="1" uid="1" user="generator">
    <nd ref="332"/>
    <nd ref="333"/>
    <nd ref="334"/>
    <nd ref="335"/>
    <nd ref="336"/>
    <nd ref="337"/>
    <nd ref="338"/>
    <nd ref="339"/>
    <nd ref="332"/>
    <tag k="landuse" v="farmyard"/>
    <tag k="name" v="Industry Pad 4 (4.9 ha)"/>
  </way>
  <way id="19" version="1" timestamp="2026-09-01T12:00:00Z" changeset="1" uid="1" user="generator">
    <nd ref="340"/>
    <nd ref="341"/>
    <nd ref="342"/>
    <nd ref="343"/>
    <nd ref="344"/>
    <nd ref="345"/>
    <nd ref="346"/>
    <nd ref="347"/>
    <nd ref="340"/>
    <tag k="landuse" v="farmyard"/>
    <tag k="name" v="Industry Pad 5 (4.3 ha)"/>
  </way>
  <way id="20" version="1" timestamp="2026-09-01T12:00:00Z" changeset="1" uid="1" user="generator">
    <nd ref="348"/>
    <nd ref="349"/>
    <nd ref="350"/>
    <nd ref="351"/>
    <nd ref="352"/>
    <nd ref="353"/>
    <nd ref="354"/>
    <nd ref="355"/>
    <nd ref="348"/>
    <tag k="landuse" v="farmyard"/>
    <tag k="name" v="Industry Pad 6 (4.5 ha)"/>
  </way>
  <way id="21" version="1" timestamp="2026-09-01T12:00:00Z" changeset="1" uid="1" user="generator">
    <nd ref="356"/>
    <nd ref="357"/>
    <nd ref="358"/>
    <nd ref="359"/>
    <nd ref="360"/>
    <nd ref="361"/>
    <nd ref="362"/>
    <nd ref="363"/>
    <nd ref="356"/>
    <tag k="landuse" v="farmyard"/>
    <tag k="name" v="Industry Pad 7 (4.7 ha)"/>
  </way>
  <way id="22" version="1" timestamp="2026-09-01T12:00:00Z" changeset="1" uid="1" user="generator">
    <nd ref="364"/>
    <nd ref="365"/>
    <nd ref="366"/>
    <nd ref="367"/>
    <nd ref="368"/>
    <nd ref="369"/>
    <nd ref="370"/>
    <nd ref="371"/>
    <nd ref="364"/>
    <tag k="landuse" v="farmyard"/>
    <tag k="name" v="Industry Pad 8 (4.9 ha)"/>
  </way>
  <way id="23" version="1" timestamp="2026-09-01T12:00:00Z" changeset="1" uid="1" user="generator">
    <nd ref="372"/>
    <nd ref="373"/>
    <nd ref="374"/>
    <nd ref="375"/>
    <nd ref="376"/>
    <nd ref="377"/>
    <nd ref="378"/>
    <nd ref="379"/>
    <nd ref="372"/>
    <tag k="landuse" v="farmyard"/>
    <tag k="name" v="Industry Pad 9 (4.3 ha)"/>
  </way>
  <way id="24" version="1" timestamp="2026-09-01T12:00:00Z" changeset="1" uid="1" user="generator">
    <nd ref="380"/>
    <nd ref="381"/>
    <nd ref="382"/>
    <nd ref="383"/>
    <nd ref="384"/>
    <nd ref="385"/>
    <nd ref="386"/>
    <nd ref="387"/>
    <nd ref="380"/>
    <tag k="landuse" v="farmyard"/>
    <tag k="name" v="Industry Pad 10 (4.5 ha)"/>
  </way>
  <way id="25" version="1" timestamp="2026-09-01T12:00:00Z" changeset="1" uid="1" user="generator">
    <nd ref="388"/>
    <nd ref="389"/>
    <nd ref="390"/>
    <nd ref="391"/>
    <nd ref="392"/>
    <nd ref="393"/>
    <nd ref="394"/>
    <nd ref="395"/>
    <nd ref="388"/>
    <tag k="landuse" v="farmyard"/>
    <tag k="name" v="Industry Pad 11 (4.7 ha)"/>
  </way>
  <way id="26" version="1" timestamp="2026-09-01T12:00:00Z" changeset="1" uid="1" user="generator">
    <nd ref="396"/>
    <nd ref="397"/>
    <nd ref="398"/>
    <nd ref="399"/>
    <nd ref="400"/>
    <nd ref="401"/>
    <nd ref="402"/>
    <nd ref="403"/>
    <nd ref="396"/>
    <tag k="landuse" v="farmyard"/>
    <tag k="name" v="Industry Pad 12 (4.9 ha)"/>
  </way>
  <way id="27" version="1" timestamp="2026-09-01T12:00:00Z" changeset="1" uid="1" user="generator">
    <nd ref="404"/>
    <nd ref="405"/>
    <nd ref="406"/>
    <nd ref="407"/>
    <nd ref="408"/>
    <nd ref="409"/>
    <nd ref="410"/>
    <nd ref="411"/>
    <nd ref="404"/>
    <tag k="landuse" v="farmyard"/>
    <tag k="name" v="Industry Pad 13 (4.3 ha)"/>
  </way>
  <way id="28" version="1" timestamp="2026-09-01T12:00:00Z" changeset="1" uid="1" user="generator">
    <nd ref="412"/>
    <nd ref="413"/>
    <nd ref="414"/>
    <nd ref="415"/>
    <nd ref="416"/>
    <nd ref="417"/>
    <nd ref="418"/>
    <nd ref="419"/>
    <nd ref="412"/>
    <tag k="landuse" v="farmyard"/>
    <tag k="name" v="Industry Pad 14 (4.5 ha)"/>
  </way>
  <way id="29" version="1" timestamp="2026-09-01T12:00:00Z" changeset="1" uid="1" user="generator">
    <nd ref="420"/>
    <nd ref="421"/>
    <nd ref="422"/>
    <nd ref="423"/>
    <nd ref="424"/>
    <nd ref="425"/>
    <nd ref="426"/>
    <nd ref="427"/>
    <nd ref="420"/>
    <tag k="landuse" v="farmyard"/>
    <tag k="name" v="Industry Pad 15 (4.7 ha)"/>
  </way>
  <way id="30" version="1" timestamp="2026-09-01T12:00:00Z" changeset="1" uid="1" user="generator">
    <nd ref="428"/>
    <nd ref="429"/>
    <nd ref="430"/>
    <nd ref="431"/>
    <nd ref="432"/>
    <nd ref="433"/>
    <nd ref="434"/>
    <nd ref="435"/>
    <nd ref="428"/>
    <tag k="landuse" v="farmyard"/>
    <tag k="name" v="Industry Pad 16 (4.9 ha)"/>
  </way>
  <way id="31" version="1" timestamp="2026-09-01T12:00:00Z" changeset="1" uid="1" user="generator">
    <nd ref="436"/>
    <nd ref="437"/>
    <nd ref="438"/>
    <nd ref="439"/>
    <nd ref="440"/>
    <nd ref="441"/>
    <nd ref="442"/>
    <nd ref="443"/>
    <nd ref="436"/>
    <tag k="landuse" v="farmyard"/>
    <tag k="name" v="Industry Pad 17 (4.3 ha)"/>
  </way>
  <way id="32" version="1" timestamp="2026-09-01T12:00:00Z" changeset="1" uid="1" user="generator">
    <nd ref="444"/>
    <nd ref="445"/>
    <nd ref="446"/>
    <nd ref="447"/>
    <nd ref="448"/>
    <nd ref="449"/>
    <nd ref="450"/>
    <nd ref="451"/>
    <nd ref="444"/>
    <tag k="landuse" v="farmyard"/>
    <tag k="name" v="Industry Pad 18 (4.5 ha)"/>
  </way>
  <way id="33" version="1" timestamp="2026-09-01T12:00:00Z" changeset="1" uid="1" user="generator">
    <nd ref="452"/>
    <nd ref="453"/>
    <nd ref="454"/>
    <nd ref="455"/>
    <nd ref="456"/>
    <nd ref="457"/>
    <nd ref="458"/>
    <nd ref="459"/>
    <nd ref="452"/>
    <tag k="landuse" v="farmyard"/>
    <tag k="name" v="Industry Pad 19 (4.7 ha)"/>
  </way>
  <way id="34" version="1" timestamp="2026-09-01T12:00:00Z" changeset="1" uid="1" user="generator">
    <nd ref="460"/>
    <nd ref="461"/>
    <nd ref="462"/>
    <nd ref="463"/>
    <nd ref="464"/>
    <nd ref="465"/>
    <nd ref="466"/>
    <nd ref="467"/>
    <nd ref="460"/>
    <tag k="landuse" v="farmyard"/>
    <tag k="name" v="Industry Pad 20 (4.9 ha)"/>
  </way>
  <way id="35" version="1" timestamp="2026-09-01T12:00:00Z" changeset="1" uid="1" user="generator">
    <nd ref="468"/>
    <nd ref="469"/>
    <nd ref="470"/>
    <nd ref="471"/>
    <nd ref="472"/>
    <nd ref="473"/>
    <nd ref="474"/>
    <nd ref="575"/>
    <nd ref="475"/>
    <nd ref="1660"/>
    <nd ref="1661"/>
    <nd ref="476"/>
    <nd ref="477"/>
    <nd ref="478"/>
    <nd ref="479"/>
    <nd ref="480"/>
    <nd ref="481"/>
    <nd ref="626"/>
    <nd ref="482"/>
    <nd ref="2262"/>
    <nd ref="483"/>
    <nd ref="2263"/>
    <nd ref="484"/>
    <nd ref="2264"/>
    <nd ref="485"/>
    <nd ref="1667"/>
    <nd ref="486"/>
    <nd ref="487"/>
    <nd ref="488"/>
    <nd ref="489"/>
    <nd ref="490"/>
    <nd ref="491"/>
    <nd ref="492"/>
    <nd ref="592"/>
    <nd ref="1674"/>
    <nd ref="1675"/>
    <nd ref="493"/>
    <nd ref="494"/>
    <nd ref="495"/>
    <nd ref="1678"/>
    <nd ref="496"/>
    <nd ref="497"/>
    <nd ref="586"/>
    <nd ref="498"/>
    <nd ref="2265"/>
    <nd ref="499"/>
    <nd ref="2266"/>
    <nd ref="500"/>
    <nd ref="501"/>
    <nd ref="502"/>
    <nd ref="630"/>
    <nd ref="503"/>
    <nd ref="504"/>
    <nd ref="505"/>
    <nd ref="506"/>
    <nd ref="507"/>
    <nd ref="508"/>
    <nd ref="509"/>
    <nd ref="510"/>
    <nd ref="511"/>
    <nd ref="581"/>
    <nd ref="512"/>
    <nd ref="2267"/>
    <nd ref="2268"/>
    <nd ref="513"/>
    <nd ref="2269"/>
    <nd ref="514"/>
    <nd ref="515"/>
    <nd ref="516"/>
    <nd ref="517"/>
    <nd ref="518"/>
    <nd ref="519"/>
    <tag k="highway" v="primary"/>
    <tag k="name" v="Main Road"/>
  </way>
  <way id="36" version="1" timestamp="2026-09-01T12:00:00Z" changeset="1" uid="1" user="generator">
    <nd ref="519"/>
    <nd ref="520"/>
    <tag k="highway" v="primary"/>
    <tag k="name" v="Main Road"/>
    <tag k="bridge" v="yes"/>
    <tag k="layer" v="1"/>
  </way>
  <way id="37" version="1" timestamp="2026-09-01T12:00:00Z" changeset="1" uid="1" user="generator">
    <nd ref="520"/>
    <nd ref="578"/>
    <nd ref="521"/>
    <nd ref="522"/>
    <nd ref="523"/>
    <nd ref="524"/>
    <nd ref="525"/>
    <nd ref="526"/>
    <nd ref="527"/>
    <tag k="highway" v="primary"/>
    <tag k="name" v="Main Road"/>
  </way>
  <way id="38" version="1" timestamp="2026-09-01T12:00:00Z" changeset="1" uid="1" user="generator">
    <nd ref="528"/>
    <nd ref="529"/>
    <nd ref="530"/>
    <nd ref="531"/>
    <nd ref="532"/>
    <nd ref="533"/>
    <nd ref="2270"/>
    <nd ref="499"/>
    <nd ref="2271"/>
    <nd ref="534"/>
    <nd ref="535"/>
    <nd ref="536"/>
    <nd ref="537"/>
    <nd ref="538"/>
    <nd ref="539"/>
    <tag k="railway" v="rail"/>
    <tag k="usage" v="main"/>
    <tag k="gauge" v="1520"/>
    <tag k="name" v="Railway"/>
  </way>
  <way id="39" version="1" timestamp="2026-09-01T12:00:00Z" changeset="1" uid="1" user="generator">
    <nd ref="539"/>
    <nd ref="540"/>
    <tag k="railway" v="rail"/>
    <tag k="usage" v="main"/>
    <tag k="gauge" v="1520"/>
    <tag k="name" v="Railway"/>
    <tag k="bridge" v="yes"/>
    <tag k="layer" v="1"/>
  </way>
  <way id="40" version="1" timestamp="2026-09-01T12:00:00Z" changeset="1" uid="1" user="generator">
    <nd ref="540"/>
    <nd ref="541"/>
    <nd ref="542"/>
    <nd ref="543"/>
    <nd ref="544"/>
    <tag k="railway" v="rail"/>
    <tag k="usage" v="main"/>
    <tag k="gauge" v="1520"/>
    <tag k="name" v="Railway"/>
  </way>
  <way id="41" version="1" timestamp="2026-09-01T12:00:00Z" changeset="1" uid="1" user="generator">
    <nd ref="545"/>
    <nd ref="2272"/>
    <nd ref="2273"/>
    <nd ref="2274"/>
    <nd ref="546"/>
    <tag k="highway" v="tertiary"/>
    <tag k="name" v="Village Lane"/>
  </way>
  <way id="42" version="1" timestamp="2026-09-01T12:00:00Z" changeset="1" uid="1" user="generator">
    <nd ref="547"/>
    <nd ref="2275"/>
    <nd ref="2276"/>
    <nd ref="2277"/>
    <nd ref="548"/>
    <tag k="highway" v="tertiary"/>
    <tag k="name" v="Village Lane"/>
  </way>
  <way id="43" version="1" timestamp="2026-09-01T12:00:00Z" changeset="1" uid="1" user="generator">
    <nd ref="549"/>
    <nd ref="2272"/>
    <nd ref="2262"/>
    <nd ref="2275"/>
    <nd ref="550"/>
    <tag k="highway" v="secondary"/>
    <tag k="name" v="Village Street"/>
  </way>
  <way id="44" version="1" timestamp="2026-09-01T12:00:00Z" changeset="1" uid="1" user="generator">
    <nd ref="551"/>
    <nd ref="2273"/>
    <nd ref="2263"/>
    <nd ref="2276"/>
    <nd ref="552"/>
    <tag k="highway" v="secondary"/>
    <tag k="name" v="Village Street"/>
  </way>
  <way id="45" version="1" timestamp="2026-09-01T12:00:00Z" changeset="1" uid="1" user="generator">
    <nd ref="553"/>
    <nd ref="2274"/>
    <nd ref="2264"/>
    <nd ref="2277"/>
    <nd ref="554"/>
    <tag k="highway" v="secondary"/>
    <tag k="name" v="Village Street"/>
  </way>
  <way id="46" version="1" timestamp="2026-09-01T12:00:00Z" changeset="1" uid="1" user="generator">
    <nd ref="555"/>
    <nd ref="2278"/>
    <nd ref="2270"/>
    <nd ref="2279"/>
    <nd ref="2280"/>
    <nd ref="556"/>
    <tag k="highway" v="tertiary"/>
    <tag k="name" v="Village Lane"/>
  </way>
  <way id="47" version="1" timestamp="2026-09-01T12:00:00Z" changeset="1" uid="1" user="generator">
    <nd ref="557"/>
    <nd ref="2281"/>
    <nd ref="2282"/>
    <nd ref="2271"/>
    <nd ref="2283"/>
    <nd ref="558"/>
    <tag k="highway" v="tertiary"/>
    <tag k="name" v="Village Lane"/>
  </way>
  <way id="48" version="1" timestamp="2026-09-01T12:00:00Z" changeset="1" uid="1" user="generator">
    <nd ref="559"/>
    <nd ref="2278"/>
    <nd ref="2265"/>
    <nd ref="2281"/>
    <nd ref="560"/>
    <tag k="highway" v="secondary"/>
    <tag k="name" v="Village Street"/>
  </way>
  <way id="49" version="1" timestamp="2026-09-01T12:00:00Z" changeset="1" uid="1" user="generator">
    <nd ref="561"/>
    <nd ref="2279"/>
    <nd ref="2282"/>
    <nd ref="562"/>
    <tag k="highway" v="secondary"/>
    <tag k="name" v="Village Street"/>
  </way>
  <way id="50" version="1" timestamp="2026-09-01T12:00:00Z" changeset="1" uid="1" user="generator">
    <nd ref="563"/>
    <nd ref="2280"/>
    <nd ref="2266"/>
    <nd ref="2283"/>
    <nd ref="564"/>
    <tag k="highway" v="secondary"/>
    <tag k="name" v="Village Street"/>
  </way>
  <way id="51" version="1" timestamp="2026-09-01T12:00:00Z" changeset="1" uid="1" user="generator">
    <nd ref="565"/>
    <nd ref="2284"/>
    <nd ref="2285"/>
    <nd ref="2286"/>
    <nd ref="566"/>
    <tag k="highway" v="tertiary"/>
    <tag k="name" v="Village Lane"/>
  </way>
  <way id="52" version="1" timestamp="2026-09-01T12:00:00Z" changeset="1" uid="1" user="generator">
    <nd ref="567"/>
    <nd ref="2287"/>
    <nd ref="2288"/>
    <nd ref="2289"/>
    <nd ref="568"/>
    <tag k="highway" v="tertiary"/>
    <tag k="name" v="Village Lane"/>
  </way>
  <way id="53" version="1" timestamp="2026-09-01T12:00:00Z" changeset="1" uid="1" user="generator">
    <nd ref="569"/>
    <nd ref="2284"/>
    <nd ref="2267"/>
    <nd ref="2287"/>
    <nd ref="570"/>
    <tag k="highway" v="secondary"/>
    <tag k="name" v="Village Street"/>
  </way>
  <way id="54" version="1" timestamp="2026-09-01T12:00:00Z" changeset="1" uid="1" user="generator">
    <nd ref="571"/>
    <nd ref="2285"/>
    <nd ref="2268"/>
    <nd ref="2288"/>
    <nd ref="572"/>
    <tag k="highway" v="secondary"/>
    <tag k="name" v="Village Street"/>
  </way>
  <way id="55" version="1" timestamp="2026-09-01T12:00:00Z" changeset="1" uid="1" user="generator">
    <nd ref="573"/>
    <nd ref="2286"/>
    <nd ref="2269"/>
    <nd ref="2289"/>
    <nd ref="574"/>
    <tag k="highway" v="secondary"/>
    <tag k="name" v="Village Street"/>
  </way>
  <way id="56" version="1" timestamp="2026-09-01T12:00:00Z" changeset="1" uid="1" user="generator">
    <nd ref="575"/>
    <nd ref="576"/>
    <nd ref="577"/>
    <tag k="highway" v="secondary"/>
    <tag k="name" v="Industry Pad 9 Access"/>
  </way>
  <way id="57" version="1" timestamp="2026-09-01T12:00:00Z" changeset="1" uid="1" user="generator">
    <nd ref="578"/>
    <nd ref="579"/>
    <nd ref="580"/>
    <tag k="highway" v="secondary"/>
    <tag k="name" v="Industry Pad 15 Access"/>
  </way>
  <way id="58" version="1" timestamp="2026-09-01T12:00:00Z" changeset="1" uid="1" user="generator">
    <nd ref="581"/>
    <nd ref="582"/>
    <nd ref="583"/>
    <nd ref="584"/>
    <nd ref="585"/>
    <tag k="highway" v="secondary"/>
    <tag k="name" v="Granja Vacas Road"/>
  </way>
  <way id="59" version="1" timestamp="2026-09-01T12:00:00Z" changeset="1" uid="1" user="generator">
    <nd ref="586"/>
    <nd ref="1683"/>
    <nd ref="587"/>
    <nd ref="588"/>
    <tag k="highway" v="secondary"/>
    <tag k="name" v="Industry Pad 1 Access"/>
  </way>
  <way id="60" version="1" timestamp="2026-09-01T12:00:00Z" changeset="1" uid="1" user="generator">
    <nd ref="587"/>
    <nd ref="589"/>
    <nd ref="590"/>
    <nd ref="595"/>
    <nd ref="591"/>
    <tag k="highway" v="secondary"/>
    <tag k="name" v="Industry Pad 5 Access"/>
  </way>
  <way id="61" version="1" timestamp="2026-09-01T12:00:00Z" changeset="1" uid="1" user="generator">
    <nd ref="592"/>
    <nd ref="593"/>
    <nd ref="594"/>
    <tag k="highway" v="secondary"/>
    <tag k="name" v="Industry Pad 14 Access"/>
  </way>
  <way id="62" version="1" timestamp="2026-09-01T12:00:00Z" changeset="1" uid="1" user="generator">
    <nd ref="595"/>
    <nd ref="596"/>
    <nd ref="597"/>
    <nd ref="598"/>
    <tag k="highway" v="secondary"/>
    <tag k="name" v="Industry Pad 2 Access"/>
  </way>
  <way id="63" version="1" timestamp="2026-09-01T12:00:00Z" changeset="1" uid="1" user="generator">
    <nd ref="597"/>
    <nd ref="599"/>
    <nd ref="600"/>
    <nd ref="601"/>
    <tag k="highway" v="secondary"/>
    <tag k="name" v="Industry Pad 6 Access"/>
  </way>
  <way id="64" version="1" timestamp="2026-09-01T12:00:00Z" changeset="1" uid="1" user="generator">
    <nd ref="600"/>
    <nd ref="602"/>
    <nd ref="603"/>
    <nd ref="605"/>
    <nd ref="604"/>
    <tag k="highway" v="secondary"/>
    <tag k="name" v="Industry Pad 7 Access"/>
  </way>
  <way id="65" version="1" timestamp="2026-09-01T12:00:00Z" changeset="1" uid="1" user="generator">
    <nd ref="605"/>
    <nd ref="606"/>
    <nd ref="609"/>
    <nd ref="607"/>
    <nd ref="608"/>
    <tag k="highway" v="secondary"/>
    <tag k="name" v="Industry Pad 3 Access"/>
  </way>
  <way id="66" version="1" timestamp="2026-09-01T12:00:00Z" changeset="1" uid="1" user="generator">
    <nd ref="609"/>
    <nd ref="610"/>
    <nd ref="613"/>
    <nd ref="611"/>
    <nd ref="612"/>
    <tag k="highway" v="secondary"/>
    <tag k="name" v="Industry Pad 8 Access"/>
  </way>
  <way id="67" version="1" timestamp="2026-09-01T12:00:00Z" changeset="1" uid="1" user="generator">
    <nd ref="613"/>
    <nd ref="614"/>
    <nd ref="619"/>
    <nd ref="615"/>
    <tag k="highway" v="secondary"/>
    <tag k="name" v="Industry Pad 4 Access"/>
  </way>
  <way id="68" version="1" timestamp="2026-09-01T12:00:00Z" changeset="1" uid="1" user="generator">
    <nd ref="614"/>
    <nd ref="616"/>
    <nd ref="617"/>
    <nd ref="618"/>
    <tag k="highway" v="secondary"/>
    <tag k="name" v="Granja Granos Road"/>
  </way>
  <way id="69" version="1" timestamp="2026-09-01T12:00:00Z" changeset="1" uid="1" user="generator">
    <nd ref="619"/>
    <nd ref="620"/>
    <nd ref="621"/>
    <nd ref="622"/>
    <tag k="highway" v="secondary"/>
    <tag k="name" v="Industry Pad 12 Access"/>
  </way>
  <way id="70" version="1" timestamp="2026-09-01T12:00:00Z" changeset="1" uid="1" user="generator">
    <nd ref="593"/>
    <nd ref="623"/>
    <nd ref="1669"/>
    <nd ref="624"/>
    <nd ref="625"/>
    <tag k="highway" v="secondary"/>
    <tag k="name" v="Industry Pad 19 Access"/>
  </way>
  <way id="71" version="1" timestamp="2026-09-01T12:00:00Z" changeset="1" uid="1" user="generator">
    <nd ref="626"/>
    <nd ref="1666"/>
    <nd ref="627"/>
    <nd ref="628"/>
    <nd ref="629"/>
    <tag k="highway" v="secondary"/>
    <tag k="name" v="Granja Invernaderos Road"/>
  </way>
  <way id="72" version="1" timestamp="2026-09-01T12:00:00Z" changeset="1" uid="1" user="generator">
    <nd ref="630"/>
    <nd ref="1692"/>
    <nd ref="631"/>
    <nd ref="632"/>
    <tag k="highway" v="secondary"/>
    <tag k="name" v="Industry Pad 13 Access"/>
  </way>
  <way id="73" version="1" timestamp="2026-09-01T12:00:00Z" changeset="1" uid="1" user="generator">
    <nd ref="579"/>
    <nd ref="633"/>
    <nd ref="634"/>
    <nd ref="635"/>
    <nd ref="636"/>
    <tag k="highway" v="secondary"/>
    <tag k="name" v="Granja Pollos Road"/>
  </way>
  <way id="74" version="1" timestamp="2026-09-01T12:00:00Z" changeset="1" uid="1" user="generator">
    <nd ref="584"/>
    <nd ref="637"/>
    <nd ref="1693"/>
    <nd ref="1694"/>
    <nd ref="638"/>
    <nd ref="652"/>
    <nd ref="639"/>
    <tag k="highway" v="secondary"/>
    <tag k="name" v="Industry Pad 11 Access"/>
  </way>
  <way id="75" version="1" timestamp="2026-09-01T12:00:00Z" changeset="1" uid="1" user="generator">
    <nd ref="624"/>
    <nd ref="1670"/>
    <nd ref="640"/>
    <nd ref="641"/>
    <nd ref="642"/>
    <tag k="highway" v="secondary"/>
    <tag k="name" v="Granja Cooperativa Road"/>
  </way>
  <way id="76" version="1" timestamp="2026-09-01T12:00:00Z" changeset="1" uid="1" user="generator">
    <nd ref="635"/>
    <nd ref="643"/>
    <nd ref="644"/>
    <nd ref="645"/>
    <nd ref="646"/>
    <tag k="highway" v="secondary"/>
    <tag k="name" v="Industry Pad 20 Access"/>
  </way>
  <way id="77" version="1" timestamp="2026-09-01T12:00:00Z" changeset="1" uid="1" user="generator">
    <nd ref="645"/>
    <nd ref="1696"/>
    <nd ref="647"/>
    <nd ref="648"/>
    <nd ref="649"/>
    <nd ref="650"/>
    <nd ref="651"/>
    <tag k="highway" v="secondary"/>
    <tag k="name" v="Granja Ovejas Road"/>
  </way>
  <way id="78" version="1" timestamp="2026-09-01T12:00:00Z" changeset="1" uid="1" user="generator">
    <nd ref="652"/>
    <nd ref="653"/>
    <nd ref="1686"/>
    <nd ref="654"/>
    <nd ref="655"/>
    <tag k="highway" v="secondary"/>
    <tag k="name" v="Granja Cerdos Road"/>
  </way>
  <way id="79" version="1" timestamp="2026-09-01T12:00:00Z" changeset="1" uid="1" user="generator">
    <nd ref="654"/>
    <nd ref="656"/>
    <nd ref="657"/>
    <nd ref="658"/>
    <nd ref="659"/>
    <nd ref="1680"/>
    <nd ref="1681"/>
    <nd ref="660"/>
    <nd ref="661"/>
    <tag k="highway" v="secondary"/>
    <tag k="name" v="Industry Pad 17 Access"/>
  </way>
  <way id="80" version="1" timestamp="2026-09-01T12:00:00Z" changeset="1" uid="1" user="generator">
    <nd ref="641"/>
    <nd ref="1671"/>
    <nd ref="1664"/>
    <nd ref="662"/>
    <nd ref="663"/>
    <tag k="highway" v="secondary"/>
    <tag k="name" v="Industry Pad 10 Access"/>
  </way>
  <way id="81" version="1" timestamp="2026-09-01T12:00:00Z" changeset="1" uid="1" user="generator">
    <nd ref="650"/>
    <nd ref="664"/>
    <nd ref="665"/>
    <nd ref="666"/>
    <nd ref="667"/>
    <tag k="highway" v="secondary"/>
    <tag k="name" v="Industry Pad 16 Access"/>
  </way>
  <way id="82" version="1" timestamp="2026-09-01T12:00:00Z" changeset="1" uid="1" user="generator">
    <nd ref="621"/>
    <nd ref="1690"/>
    <nd ref="1689"/>
    <nd ref="668"/>
    <nd ref="669"/>
    <tag k="highway" v="secondary"/>
    <tag k="name" v="Industry Pad 18 Access"/>
  </way>
  <way id="83" version="1" timestamp="2026-09-01T12:00:00Z" changeset="1" uid="1" user="generator">
    <nd ref="670"/>
    <nd ref="671"/>
    <nd ref="672"/>
    <nd ref="673"/>
    <nd ref="674"/>
    <nd ref="670"/>
    <tag k="landuse" v="farmland"/>
    <tag k="name" v="Field 1 (13.2 ha)"/>
  </way>
  <way id="84" version="1" timestamp="2026-09-01T12:00:00Z" changeset="1" uid="1" user="generator">
    <nd ref="675"/>
    <nd ref="676"/>
    <nd ref="677"/>
    <nd ref="678"/>
    <nd ref="679"/>
    <nd ref="680"/>
    <nd ref="675"/>
    <tag k="landuse" v="farmland"/>
    <tag k="name" v="Field 2 (13.6 ha)"/>
  </way>
  <way id="85" version="1" timestamp="2026-09-01T12:00:00Z" changeset="1" uid="1" user="generator">
    <nd ref="681"/>
    <nd ref="682"/>
    <nd ref="683"/>
    <nd ref="684"/>
    <nd ref="685"/>
    <nd ref="686"/>
    <nd ref="681"/>
    <tag k="landuse" v="farmland"/>
    <tag k="name" v="Field 3 (36.3 ha)"/>
  </way>
  <way id="86" version="1" timestamp="2026-09-01T12:00:00Z" changeset="1" uid="1" user="generator">
    <nd ref="687"/>
    <nd ref="688"/>
    <nd ref="689"/>
    <nd ref="690"/>
    <nd ref="687"/>
    <tag k="landuse" v="farmland"/>
    <tag k="name" v="Field 4 (96.0 ha)"/>
  </way>
  <way id="87" version="1" timestamp="2026-09-01T12:00:00Z" changeset="1" uid="1" user="generator">
    <nd ref="691"/>
    <nd ref="692"/>
    <nd ref="693"/>
    <nd ref="694"/>
    <nd ref="691"/>
    <tag k="landuse" v="farmland"/>
    <tag k="name" v="Field 5 (100.3 ha)"/>
  </way>
  <way id="88" version="1" timestamp="2026-09-01T12:00:00Z" changeset="1" uid="1" user="generator">
    <nd ref="695"/>
    <nd ref="696"/>
    <nd ref="697"/>
    <nd ref="698"/>
    <nd ref="695"/>
    <tag k="landuse" v="farmland"/>
    <tag k="name" v="Field 6 (91.2 ha)"/>
  </way>
  <way id="89" version="1" timestamp="2026-09-01T12:00:00Z" changeset="1" uid="1" user="generator">
    <nd ref="699"/>
    <nd ref="700"/>
    <nd ref="701"/>
    <nd ref="702"/>
    <nd ref="703"/>
    <nd ref="704"/>
    <nd ref="705"/>
    <nd ref="706"/>
    <nd ref="707"/>
    <nd ref="699"/>
    <tag k="landuse" v="farmland"/>
    <tag k="name" v="Field 7 (16.8 ha)"/>
  </way>
  <way id="90" version="1" timestamp="2026-09-01T12:00:00Z" changeset="1" uid="1" user="generator">
    <nd ref="708"/>
    <nd ref="709"/>
    <nd ref="710"/>
    <nd ref="711"/>
    <nd ref="712"/>
    <nd ref="713"/>
    <nd ref="708"/>
    <tag k="landuse" v="farmland"/>
    <tag k="name" v="Field 8 (19.7 ha)"/>
  </way>
  <way id="91" version="1" timestamp="2026-09-01T12:00:00Z" changeset="1" uid="1" user="generator">
    <nd ref="714"/>
    <nd ref="715"/>
    <nd ref="716"/>
    <nd ref="717"/>
    <nd ref="718"/>
    <nd ref="719"/>
    <nd ref="714"/>
    <tag k="landuse" v="farmland"/>
    <tag k="name" v="Field 9 (19.8 ha)"/>
  </way>
  <way id="92" version="1" timestamp="2026-09-01T12:00:00Z" changeset="1" uid="1" user="generator">
    <nd ref="720"/>
    <nd ref="721"/>
    <nd ref="722"/>
    <nd ref="723"/>
    <nd ref="724"/>
    <nd ref="725"/>
    <nd ref="720"/>
    <tag k="landuse" v="farmland"/>
    <tag k="name" v="Field 10 (20.5 ha)"/>
  </way>
  <way id="93" version="1" timestamp="2026-09-01T12:00:00Z" changeset="1" uid="1" user="generator">
    <nd ref="726"/>
    <nd ref="727"/>
    <nd ref="728"/>
    <nd ref="729"/>
    <nd ref="726"/>
    <tag k="landuse" v="farmland"/>
    <tag k="name" v="Field 11 (28.9 ha)"/>
  </way>
  <way id="94" version="1" timestamp="2026-09-01T12:00:00Z" changeset="1" uid="1" user="generator">
    <nd ref="730"/>
    <nd ref="731"/>
    <nd ref="732"/>
    <nd ref="733"/>
    <nd ref="734"/>
    <nd ref="735"/>
    <nd ref="730"/>
    <tag k="landuse" v="farmland"/>
    <tag k="name" v="Field 12 (5.6 ha)"/>
  </way>
  <way id="95" version="1" timestamp="2026-09-01T12:00:00Z" changeset="1" uid="1" user="generator">
    <nd ref="736"/>
    <nd ref="737"/>
    <nd ref="738"/>
    <nd ref="739"/>
    <nd ref="740"/>
    <nd ref="736"/>
    <tag k="landuse" v="farmland"/>
    <tag k="name" v="Field 13 (14.0 ha)"/>
  </way>
  <way id="96" version="1" timestamp="2026-09-01T12:00:00Z" changeset="1" uid="1" user="generator">
    <nd ref="741"/>
    <nd ref="742"/>
    <nd ref="743"/>
    <nd ref="744"/>
    <nd ref="745"/>
    <nd ref="746"/>
    <nd ref="747"/>
    <nd ref="741"/>
    <tag k="landuse" v="farmland"/>
    <tag k="name" v="Field 14 (11.1 ha)"/>
  </way>
  <way id="97" version="1" timestamp="2026-09-01T12:00:00Z" changeset="1" uid="1" user="generator">
    <nd ref="748"/>
    <nd ref="749"/>
    <nd ref="750"/>
    <nd ref="751"/>
    <nd ref="752"/>
    <nd ref="748"/>
    <tag k="landuse" v="farmland"/>
    <tag k="name" v="Field 15 (20.4 ha)"/>
  </way>
  <way id="98" version="1" timestamp="2026-09-01T12:00:00Z" changeset="1" uid="1" user="generator">
    <nd ref="753"/>
    <nd ref="754"/>
    <nd ref="755"/>
    <nd ref="756"/>
    <nd ref="753"/>
    <tag k="landuse" v="farmland"/>
    <tag k="name" v="Field 16 (7.6 ha)"/>
  </way>
  <way id="99" version="1" timestamp="2026-09-01T12:00:00Z" changeset="1" uid="1" user="generator">
    <nd ref="757"/>
    <nd ref="758"/>
    <nd ref="759"/>
    <nd ref="760"/>
    <nd ref="757"/>
    <tag k="landuse" v="farmland"/>
    <tag k="name" v="Field 17 (7.2 ha)"/>
  </way>
  <way id="100" version="1" timestamp="2026-09-01T12:00:00Z" changeset="1" uid="1" user="generator">
    <nd ref="761"/>
    <nd ref="762"/>
    <nd ref="763"/>
    <nd ref="764"/>
    <nd ref="761"/>
    <tag k="landuse" v="farmland"/>
    <tag k="name" v="Field 18 (6.7 ha)"/>
  </way>
  <way id="101" version="1" timestamp="2026-09-01T12:00:00Z" changeset="1" uid="1" user="generator">
    <nd ref="765"/>
    <nd ref="766"/>
    <nd ref="767"/>
    <nd ref="768"/>
    <nd ref="765"/>
    <tag k="landuse" v="farmland"/>
    <tag k="name" v="Field 19 (6.7 ha)"/>
  </way>
  <way id="102" version="1" timestamp="2026-09-01T12:00:00Z" changeset="1" uid="1" user="generator">
    <nd ref="769"/>
    <nd ref="770"/>
    <nd ref="771"/>
    <nd ref="772"/>
    <nd ref="769"/>
    <tag k="landuse" v="farmland"/>
    <tag k="name" v="Field 20 (102.0 ha)"/>
  </way>
  <way id="103" version="1" timestamp="2026-09-01T12:00:00Z" changeset="1" uid="1" user="generator">
    <nd ref="773"/>
    <nd ref="774"/>
    <nd ref="775"/>
    <nd ref="776"/>
    <nd ref="773"/>
    <tag k="landuse" v="farmland"/>
    <tag k="name" v="Field 21 (17.4 ha)"/>
  </way>
  <way id="104" version="1" timestamp="2026-09-01T12:00:00Z" changeset="1" uid="1" user="generator">
    <nd ref="777"/>
    <nd ref="778"/>
    <nd ref="779"/>
    <nd ref="780"/>
    <nd ref="777"/>
    <tag k="landuse" v="farmland"/>
    <tag k="name" v="Field 22 (18.3 ha)"/>
  </way>
  <way id="105" version="1" timestamp="2026-09-01T12:00:00Z" changeset="1" uid="1" user="generator">
    <nd ref="781"/>
    <nd ref="782"/>
    <nd ref="783"/>
    <nd ref="784"/>
    <nd ref="785"/>
    <nd ref="786"/>
    <nd ref="787"/>
    <nd ref="781"/>
    <tag k="landuse" v="farmland"/>
    <tag k="name" v="Field 23 (28.5 ha)"/>
  </way>
  <way id="106" version="1" timestamp="2026-09-01T12:00:00Z" changeset="1" uid="1" user="generator">
    <nd ref="788"/>
    <nd ref="789"/>
    <nd ref="790"/>
    <nd ref="791"/>
    <nd ref="792"/>
    <nd ref="793"/>
    <nd ref="788"/>
    <tag k="landuse" v="farmland"/>
    <tag k="name" v="Field 24 (26.4 ha)"/>
  </way>
  <way id="107" version="1" timestamp="2026-09-01T12:00:00Z" changeset="1" uid="1" user="generator">
    <nd ref="794"/>
    <nd ref="795"/>
    <nd ref="796"/>
    <nd ref="797"/>
    <nd ref="798"/>
    <nd ref="794"/>
    <tag k="landuse" v="farmland"/>
    <tag k="name" v="Field 25 (5.9 ha)"/>
  </way>
  <way id="108" version="1" timestamp="2026-09-01T12:00:00Z" changeset="1" uid="1" user="generator">
    <nd ref="799"/>
    <nd ref="800"/>
    <nd ref="801"/>
    <nd ref="802"/>
    <nd ref="799"/>
    <tag k="landuse" v="farmland"/>
    <tag k="name" v="Field 26 (5.8 ha)"/>
  </way>
  <way id="109" version="1" timestamp="2026-09-01T12:00:00Z" changeset="1" uid="1" user="generator">
    <nd ref="803"/>
    <nd ref="804"/>
    <nd ref="805"/>
    <nd ref="806"/>
    <nd ref="803"/>
    <tag k="landuse" v="farmland"/>
    <tag k="name" v="Field 27 (5.6 ha)"/>
  </way>
  <way id="110" version="1" timestamp="2026-09-01T12:00:00Z" changeset="1" uid="1" user="generator">
    <nd ref="807"/>
    <nd ref="808"/>
    <nd ref="809"/>
    <nd ref="810"/>
    <nd ref="807"/>
    <tag k="landuse" v="farmland"/>
    <tag k="name" v="Field 28 (6.6 ha)"/>
  </way>
  <way id="111" version="1" timestamp="2026-09-01T12:00:00Z" changeset="1" uid="1" user="generator">
    <nd ref="811"/>
    <nd ref="812"/>
    <nd ref="813"/>
    <nd ref="814"/>
    <nd ref="811"/>
    <tag k="landuse" v="farmland"/>
    <tag k="name" v="Field 29 (5.1 ha)"/>
  </way>
  <way id="112" version="1" timestamp="2026-09-01T12:00:00Z" changeset="1" uid="1" user="generator">
    <nd ref="815"/>
    <nd ref="816"/>
    <nd ref="817"/>
    <nd ref="818"/>
    <nd ref="815"/>
    <tag k="landuse" v="farmland"/>
    <tag k="name" v="Field 30 (6.8 ha)"/>
  </way>
  <way id="113" version="1" timestamp="2026-09-01T12:00:00Z" changeset="1" uid="1" user="generator">
    <nd ref="819"/>
    <nd ref="820"/>
    <nd ref="821"/>
    <nd ref="822"/>
    <nd ref="823"/>
    <nd ref="819"/>
    <tag k="landuse" v="farmland"/>
    <tag k="name" v="Field 31 (18.3 ha)"/>
  </way>
  <way id="114" version="1" timestamp="2026-09-01T12:00:00Z" changeset="1" uid="1" user="generator">
    <nd ref="824"/>
    <nd ref="825"/>
    <nd ref="826"/>
    <nd ref="827"/>
    <nd ref="828"/>
    <nd ref="829"/>
    <nd ref="824"/>
    <tag k="landuse" v="farmland"/>
    <tag k="name" v="Field 32 (21.5 ha)"/>
  </way>
  <way id="115" version="1" timestamp="2026-09-01T12:00:00Z" changeset="1" uid="1" user="generator">
    <nd ref="830"/>
    <nd ref="831"/>
    <nd ref="832"/>
    <nd ref="833"/>
    <nd ref="834"/>
    <nd ref="835"/>
    <nd ref="836"/>
    <nd ref="837"/>
    <nd ref="838"/>
    <nd ref="839"/>
    <nd ref="840"/>
    <nd ref="830"/>
    <tag k="landuse" v="farmland"/>
    <tag k="name" v="Field 33 (21.1 ha)"/>
  </way>
  <way id="116" version="1" timestamp="2026-09-01T12:00:00Z" changeset="1" uid="1" user="generator">
    <nd ref="841"/>
    <nd ref="842"/>
    <nd ref="843"/>
    <nd ref="844"/>
    <nd ref="841"/>
    <tag k="landuse" v="farmland"/>
    <tag k="name" v="Field 34 (19.8 ha)"/>
  </way>
  <way id="117" version="1" timestamp="2026-09-01T12:00:00Z" changeset="1" uid="1" user="generator">
    <nd ref="845"/>
    <nd ref="846"/>
    <nd ref="847"/>
    <nd ref="848"/>
    <nd ref="849"/>
    <nd ref="850"/>
    <nd ref="845"/>
    <tag k="landuse" v="farmland"/>
    <tag k="name" v="Field 35 (16.5 ha)"/>
  </way>
  <way id="118" version="1" timestamp="2026-09-01T12:00:00Z" changeset="1" uid="1" user="generator">
    <nd ref="851"/>
    <nd ref="852"/>
    <nd ref="853"/>
    <nd ref="854"/>
    <nd ref="855"/>
    <nd ref="856"/>
    <nd ref="857"/>
    <nd ref="851"/>
    <tag k="landuse" v="farmland"/>
    <tag k="name" v="Field 36 (36.7 ha)"/>
  </way>
  <way id="119" version="1" timestamp="2026-09-01T12:00:00Z" changeset="1" uid="1" user="generator">
    <nd ref="858"/>
    <nd ref="859"/>
    <nd ref="860"/>
    <nd ref="861"/>
    <nd ref="862"/>
    <nd ref="863"/>
    <nd ref="864"/>
    <nd ref="865"/>
    <nd ref="866"/>
    <nd ref="858"/>
    <tag k="landuse" v="farmland"/>
    <tag k="name" v="Field 37 (8.9 ha)"/>
  </way>
  <way id="120" version="1" timestamp="2026-09-01T12:00:00Z" changeset="1" uid="1" user="generator">
    <nd ref="867"/>
    <nd ref="868"/>
    <nd ref="869"/>
    <nd ref="870"/>
    <nd ref="871"/>
    <nd ref="872"/>
    <nd ref="873"/>
    <nd ref="874"/>
    <nd ref="875"/>
    <nd ref="876"/>
    <nd ref="877"/>
    <nd ref="878"/>
    <nd ref="867"/>
    <tag k="landuse" v="farmland"/>
    <tag k="name" v="Field 38 (35.0 ha)"/>
  </way>
  <way id="121" version="1" timestamp="2026-09-01T12:00:00Z" changeset="1" uid="1" user="generator">
    <nd ref="879"/>
    <nd ref="880"/>
    <nd ref="881"/>
    <nd ref="882"/>
    <nd ref="883"/>
    <nd ref="884"/>
    <nd ref="885"/>
    <nd ref="879"/>
    <tag k="landuse" v="farmland"/>
    <tag k="name" v="Field 39 (6.7 ha)"/>
  </way>
  <way id="122" version="1" timestamp="2026-09-01T12:00:00Z" changeset="1" uid="1" user="generator">
    <nd ref="886"/>
    <nd ref="887"/>
    <nd ref="888"/>
    <nd ref="889"/>
    <nd ref="890"/>
    <nd ref="891"/>
    <nd ref="886"/>
    <tag k="landuse" v="farmland"/>
    <tag k="name" v="Field 40 (20.7 ha)"/>
  </way>
  <way id="123" version="1" timestamp="2026-09-01T12:00:00Z" changeset="1" uid="1" user="generator">
    <nd ref="892"/>
    <nd ref="893"/>
    <nd ref="894"/>
    <nd ref="895"/>
    <nd ref="896"/>
    <nd ref="897"/>
    <nd ref="892"/>
    <tag k="landuse" v="farmland"/>
    <tag k="name" v="Field 41 (25.1 ha)"/>
  </way>
  <way id="124" version="1" timestamp="2026-09-01T12:00:00Z" changeset="1" uid="1" user="generator">
    <nd ref="898"/>
    <nd ref="899"/>
    <nd ref="900"/>
    <nd ref="901"/>
    <nd ref="902"/>
    <nd ref="903"/>
    <nd ref="904"/>
    <nd ref="905"/>
    <nd ref="906"/>
    <nd ref="907"/>
    <nd ref="908"/>
    <nd ref="909"/>
    <nd ref="910"/>
    <nd ref="898"/>
    <tag k="landuse" v="farmland"/>
    <tag k="name" v="Field 42 (19.2 ha)"/>
  </way>
  <way id="125" version="1" timestamp="2026-09-01T12:00:00Z" changeset="1" uid="1" user="generator">
    <nd ref="911"/>
    <nd ref="912"/>
    <nd ref="913"/>
    <nd ref="914"/>
    <nd ref="915"/>
    <nd ref="916"/>
    <nd ref="917"/>
    <nd ref="911"/>
    <tag k="landuse" v="farmland"/>
    <tag k="name" v="Field 43 (23.8 ha)"/>
  </way>
  <way id="126" version="1" timestamp="2026-09-01T12:00:00Z" changeset="1" uid="1" user="generator">
    <nd ref="918"/>
    <nd ref="919"/>
    <nd ref="920"/>
    <nd ref="921"/>
    <nd ref="922"/>
    <nd ref="923"/>
    <nd ref="918"/>
    <tag k="landuse" v="farmland"/>
    <tag k="name" v="Field 44 (13.8 ha)"/>
  </way>
  <way id="127" version="1" timestamp="2026-09-01T12:00:00Z" changeset="1" uid="1" user="generator">
    <nd ref="924"/>
    <nd ref="925"/>
    <nd ref="926"/>
    <nd ref="927"/>
    <nd ref="928"/>
    <nd ref="924"/>
    <tag k="landuse" v="farmland"/>
    <tag k="name" v="Field 45 (38.0 ha)"/>
  </way>
  <way id="128" version="1" timestamp="2026-09-01T12:00:00Z" changeset="1" uid="1" user="generator">
    <nd ref="929"/>
    <nd ref="930"/>
    <nd ref="931"/>
    <nd ref="932"/>
    <nd ref="933"/>
    <nd ref="929"/>
    <tag k="landuse" v="farmland"/>
    <tag k="name" v="Field 46 (22.0 ha)"/>
  </way>
  <way id="129" version="1" timestamp="2026-09-01T12:00:00Z" changeset="1" uid="1" user="generator">
    <nd ref="934"/>
    <nd ref="935"/>
    <nd ref="936"/>
    <nd ref="937"/>
    <nd ref="938"/>
    <nd ref="939"/>
    <nd ref="934"/>
    <tag k="landuse" v="farmland"/>
    <tag k="name" v="Field 47 (29.4 ha)"/>
  </way>
  <way id="130" version="1" timestamp="2026-09-01T12:00:00Z" changeset="1" uid="1" user="generator">
    <nd ref="940"/>
    <nd ref="941"/>
    <nd ref="942"/>
    <nd ref="943"/>
    <nd ref="944"/>
    <nd ref="940"/>
    <tag k="landuse" v="farmland"/>
    <tag k="name" v="Field 48 (6.6 ha)"/>
  </way>
  <way id="131" version="1" timestamp="2026-09-01T12:00:00Z" changeset="1" uid="1" user="generator">
    <nd ref="945"/>
    <nd ref="946"/>
    <nd ref="947"/>
    <nd ref="948"/>
    <nd ref="949"/>
    <nd ref="945"/>
    <tag k="landuse" v="farmland"/>
    <tag k="name" v="Field 49 (13.7 ha)"/>
  </way>
  <way id="132" version="1" timestamp="2026-09-01T12:00:00Z" changeset="1" uid="1" user="generator">
    <nd ref="950"/>
    <nd ref="951"/>
    <nd ref="952"/>
    <nd ref="953"/>
    <nd ref="950"/>
    <tag k="landuse" v="farmland"/>
    <tag k="name" v="Field 50 (14.9 ha)"/>
  </way>
  <way id="133" version="1" timestamp="2026-09-01T12:00:00Z" changeset="1" uid="1" user="generator">
    <nd ref="954"/>
    <nd ref="955"/>
    <nd ref="956"/>
    <nd ref="957"/>
    <nd ref="958"/>
    <nd ref="959"/>
    <nd ref="960"/>
    <nd ref="954"/>
    <tag k="landuse" v="farmland"/>
    <tag k="name" v="Field 51 (22.5 ha)"/>
  </way>
  <way id="134" version="1" timestamp="2026-09-01T12:00:00Z" changeset="1" uid="1" user="generator">
    <nd ref="961"/>
    <nd ref="962"/>
    <nd ref="963"/>
    <nd ref="964"/>
    <nd ref="965"/>
    <nd ref="961"/>
    <tag k="landuse" v="farmland"/>
    <tag k="name" v="Field 52 (11.1 ha)"/>
  </way>
  <way id="135" version="1" timestamp="2026-09-01T12:00:00Z" changeset="1" uid="1" user="generator">
    <nd ref="966"/>
    <nd ref="967"/>
    <nd ref="968"/>
    <nd ref="969"/>
    <nd ref="970"/>
    <nd ref="971"/>
    <nd ref="972"/>
    <nd ref="966"/>
    <tag k="landuse" v="farmland"/>
    <tag k="name" v="Field 53 (11.6 ha)"/>
  </way>
  <way id="136" version="1" timestamp="2026-09-01T12:00:00Z" changeset="1" uid="1" user="generator">
    <nd ref="973"/>
    <nd ref="974"/>
    <nd ref="975"/>
    <nd ref="976"/>
    <nd ref="977"/>
    <nd ref="978"/>
    <nd ref="973"/>
    <tag k="landuse" v="farmland"/>
    <tag k="name" v="Field 54 (28.3 ha)"/>
  </way>
  <way id="137" version="1" timestamp="2026-09-01T12:00:00Z" changeset="1" uid="1" user="generator">
    <nd ref="979"/>
    <nd ref="980"/>
    <nd ref="981"/>
    <nd ref="982"/>
    <nd ref="983"/>
    <nd ref="984"/>
    <nd ref="985"/>
    <nd ref="979"/>
    <tag k="landuse" v="farmland"/>
    <tag k="name" v="Field 55 (14.0 ha)"/>
  </way>
  <way id="138" version="1" timestamp="2026-09-01T12:00:00Z" changeset="1" uid="1" user="generator">
    <nd ref="986"/>
    <nd ref="987"/>
    <nd ref="988"/>
    <nd ref="989"/>
    <nd ref="986"/>
    <tag k="landuse" v="farmland"/>
    <tag k="name" v="Field 56 (9.6 ha)"/>
  </way>
  <way id="139" version="1" timestamp="2026-09-01T12:00:00Z" changeset="1" uid="1" user="generator">
    <nd ref="990"/>
    <nd ref="991"/>
    <nd ref="992"/>
    <nd ref="993"/>
    <nd ref="990"/>
    <tag k="landuse" v="farmland"/>
    <tag k="name" v="Field 57 (18.3 ha)"/>
  </way>
  <way id="140" version="1" timestamp="2026-09-01T12:00:00Z" changeset="1" uid="1" user="generator">
    <nd ref="994"/>
    <nd ref="995"/>
    <nd ref="996"/>
    <nd ref="997"/>
    <nd ref="994"/>
    <tag k="landuse" v="farmland"/>
    <tag k="name" v="Field 58 (85.7 ha)"/>
  </way>
  <way id="141" version="1" timestamp="2026-09-01T12:00:00Z" changeset="1" uid="1" user="generator">
    <nd ref="998"/>
    <nd ref="999"/>
    <nd ref="1000"/>
    <nd ref="1001"/>
    <nd ref="1002"/>
    <nd ref="1003"/>
    <nd ref="998"/>
    <tag k="landuse" v="farmland"/>
    <tag k="name" v="Field 59 (17.1 ha)"/>
  </way>
  <way id="142" version="1" timestamp="2026-09-01T12:00:00Z" changeset="1" uid="1" user="generator">
    <nd ref="1004"/>
    <nd ref="1005"/>
    <nd ref="1006"/>
    <nd ref="1007"/>
    <nd ref="1008"/>
    <nd ref="1009"/>
    <nd ref="1010"/>
    <nd ref="1004"/>
    <tag k="landuse" v="farmland"/>
    <tag k="name" v="Field 60 (5.6 ha)"/>
  </way>
  <way id="143" version="1" timestamp="2026-09-01T12:00:00Z" changeset="1" uid="1" user="generator">
    <nd ref="1011"/>
    <nd ref="1012"/>
    <nd ref="1013"/>
    <nd ref="1014"/>
    <nd ref="1015"/>
    <nd ref="1016"/>
    <nd ref="1017"/>
    <nd ref="1011"/>
    <tag k="landuse" v="farmland"/>
    <tag k="name" v="Field 61 (19.6 ha)"/>
  </way>
  <way id="144" version="1" timestamp="2026-09-01T12:00:00Z" changeset="1" uid="1" user="generator">
    <nd ref="1018"/>
    <nd ref="1019"/>
    <nd ref="1020"/>
    <nd ref="1021"/>
    <nd ref="1022"/>
    <nd ref="1023"/>
    <nd ref="1024"/>
    <nd ref="1018"/>
    <tag k="landuse" v="farmland"/>
    <tag k="name" v="Field 62 (5.2 ha)"/>
  </way>
  <way id="145" version="1" timestamp="2026-09-01T12:00:00Z" changeset="1" uid="1" user="generator">
    <nd ref="1025"/>
    <nd ref="1026"/>
    <nd ref="1027"/>
    <nd ref="1028"/>
    <nd ref="1029"/>
    <nd ref="1025"/>
    <tag k="landuse" v="farmland"/>
    <tag k="name" v="Field 63 (20.5 ha)"/>
  </way>
  <way id="146" version="1" timestamp="2026-09-01T12:00:00Z" changeset="1" uid="1" user="generator">
    <nd ref="1030"/>
    <nd ref="1031"/>
    <nd ref="1032"/>
    <nd ref="1033"/>
    <nd ref="1034"/>
    <nd ref="1035"/>
    <nd ref="1036"/>
    <nd ref="1037"/>
    <nd ref="1038"/>
    <nd ref="1030"/>
    <tag k="landuse" v="farmland"/>
    <tag k="name" v="Field 64 (18.9 ha)"/>
  </way>
  <way id="147" version="1" timestamp="2026-09-01T12:00:00Z" changeset="1" uid="1" user="generator">
    <nd ref="1039"/>
    <nd ref="1040"/>
    <nd ref="1041"/>
    <nd ref="1042"/>
    <nd ref="1043"/>
    <nd ref="1044"/>
    <nd ref="1045"/>
    <nd ref="1046"/>
    <nd ref="1039"/>
    <tag k="landuse" v="farmland"/>
    <tag k="name" v="Field 65 (16.4 ha)"/>
  </way>
  <way id="148" version="1" timestamp="2026-09-01T12:00:00Z" changeset="1" uid="1" user="generator">
    <nd ref="1047"/>
    <nd ref="1048"/>
    <nd ref="1049"/>
    <nd ref="1050"/>
    <nd ref="1047"/>
    <tag k="landuse" v="farmland"/>
    <tag k="name" v="Field 66 (19.9 ha)"/>
  </way>
  <way id="149" version="1" timestamp="2026-09-01T12:00:00Z" changeset="1" uid="1" user="generator">
    <nd ref="1051"/>
    <nd ref="1052"/>
    <nd ref="1053"/>
    <nd ref="1054"/>
    <nd ref="1051"/>
    <tag k="landuse" v="farmland"/>
    <tag k="name" v="Field 67 (20.3 ha)"/>
  </way>
  <way id="150" version="1" timestamp="2026-09-01T12:00:00Z" changeset="1" uid="1" user="generator">
    <nd ref="1055"/>
    <nd ref="1056"/>
    <nd ref="1057"/>
    <nd ref="1058"/>
    <nd ref="1059"/>
    <nd ref="1060"/>
    <nd ref="1061"/>
    <nd ref="1055"/>
    <tag k="landuse" v="farmland"/>
    <tag k="name" v="Field 68 (14.3 ha)"/>
  </way>
  <way id="151" version="1" timestamp="2026-09-01T12:00:00Z" changeset="1" uid="1" user="generator">
    <nd ref="1062"/>
    <nd ref="1063"/>
    <nd ref="1064"/>
    <nd ref="1065"/>
    <nd ref="1062"/>
    <tag k="landuse" v="farmland"/>
    <tag k="name" v="Field 69 (21.3 ha)"/>
  </way>
  <way id="152" version="1" timestamp="2026-09-01T12:00:00Z" changeset="1" uid="1" user="generator">
    <nd ref="1066"/>
    <nd ref="1067"/>
    <nd ref="1068"/>
    <nd ref="1069"/>
    <nd ref="1070"/>
    <nd ref="1071"/>
    <nd ref="1072"/>
    <nd ref="1073"/>
    <nd ref="1066"/>
    <tag k="landuse" v="farmland"/>
    <tag k="name" v="Field 70 (23.4 ha)"/>
  </way>
  <way id="153" version="1" timestamp="2026-09-01T12:00:00Z" changeset="1" uid="1" user="generator">
    <nd ref="1074"/>
    <nd ref="1075"/>
    <nd ref="1076"/>
    <nd ref="1077"/>
    <nd ref="1078"/>
    <nd ref="1079"/>
    <nd ref="1074"/>
    <tag k="landuse" v="farmland"/>
    <tag k="name" v="Field 71 (14.7 ha)"/>
  </way>
  <way id="154" version="1" timestamp="2026-09-01T12:00:00Z" changeset="1" uid="1" user="generator">
    <nd ref="1080"/>
    <nd ref="1081"/>
    <nd ref="1082"/>
    <nd ref="1083"/>
    <nd ref="1084"/>
    <nd ref="1085"/>
    <nd ref="1080"/>
    <tag k="landuse" v="farmland"/>
    <tag k="name" v="Field 72 (11.4 ha)"/>
  </way>
  <way id="155" version="1" timestamp="2026-09-01T12:00:00Z" changeset="1" uid="1" user="generator">
    <nd ref="1086"/>
    <nd ref="1087"/>
    <nd ref="1088"/>
    <nd ref="1089"/>
    <nd ref="1086"/>
    <tag k="landuse" v="farmland"/>
    <tag k="name" v="Field 73 (13.5 ha)"/>
  </way>
  <way id="156" version="1" timestamp="2026-09-01T12:00:00Z" changeset="1" uid="1" user="generator">
    <nd ref="1090"/>
    <nd ref="1091"/>
    <nd ref="1092"/>
    <nd ref="1093"/>
    <nd ref="1090"/>
    <tag k="landuse" v="farmland"/>
    <tag k="name" v="Field 74 (14.0 ha)"/>
  </way>
  <way id="157" version="1" timestamp="2026-09-01T12:00:00Z" changeset="1" uid="1" user="generator">
    <nd ref="1094"/>
    <nd ref="1095"/>
    <nd ref="1096"/>
    <nd ref="1097"/>
    <nd ref="1094"/>
    <tag k="landuse" v="farmland"/>
    <tag k="name" v="Field 75 (25.4 ha)"/>
  </way>
  <way id="158" version="1" timestamp="2026-09-01T12:00:00Z" changeset="1" uid="1" user="generator">
    <nd ref="1098"/>
    <nd ref="1099"/>
    <nd ref="1100"/>
    <nd ref="1101"/>
    <nd ref="1102"/>
    <nd ref="1098"/>
    <tag k="landuse" v="farmland"/>
    <tag k="name" v="Field 76 (40.3 ha)"/>
  </way>
  <way id="159" version="1" timestamp="2026-09-01T12:00:00Z" changeset="1" uid="1" user="generator">
    <nd ref="1103"/>
    <nd ref="1104"/>
    <nd ref="1105"/>
    <nd ref="1106"/>
    <nd ref="1107"/>
    <nd ref="1103"/>
    <tag k="landuse" v="farmland"/>
    <tag k="name" v="Field 77 (7.0 ha)"/>
  </way>
  <way id="160" version="1" timestamp="2026-09-01T12:00:00Z" changeset="1" uid="1" user="generator">
    <nd ref="1108"/>
    <nd ref="1109"/>
    <nd ref="1110"/>
    <nd ref="1111"/>
    <nd ref="1108"/>
    <tag k="landuse" v="farmland"/>
    <tag k="name" v="Field 78 (15.6 ha)"/>
  </way>
  <way id="161" version="1" timestamp="2026-09-01T12:00:00Z" changeset="1" uid="1" user="generator">
    <nd ref="1112"/>
    <nd ref="1113"/>
    <nd ref="1114"/>
    <nd ref="1115"/>
    <nd ref="1112"/>
    <tag k="landuse" v="farmland"/>
    <tag k="name" v="Field 79 (23.5 ha)"/>
  </way>
  <way id="162" version="1" timestamp="2026-09-01T12:00:00Z" changeset="1" uid="1" user="generator">
    <nd ref="1116"/>
    <nd ref="1117"/>
    <nd ref="1118"/>
    <nd ref="1119"/>
    <nd ref="1120"/>
    <nd ref="1121"/>
    <nd ref="1122"/>
    <nd ref="1116"/>
    <tag k="landuse" v="farmland"/>
    <tag k="name" v="Field 80 (8.3 ha)"/>
  </way>
  <way id="163" version="1" timestamp="2026-09-01T12:00:00Z" changeset="1" uid="1" user="generator">
    <nd ref="1123"/>
    <nd ref="1124"/>
    <nd ref="1125"/>
    <nd ref="1126"/>
    <nd ref="1127"/>
    <nd ref="1128"/>
    <nd ref="1129"/>
    <nd ref="1130"/>
    <nd ref="1131"/>
    <nd ref="1132"/>
    <nd ref="1133"/>
    <nd ref="1123"/>
    <tag k="landuse" v="farmland"/>
    <tag k="name" v="Field 81 (5.7 ha)"/>
  </way>
  <way id="164" version="1" timestamp="2026-09-01T12:00:00Z" changeset="1" uid="1" user="generator">
    <nd ref="1134"/>
    <nd ref="1135"/>
    <nd ref="1136"/>
    <nd ref="1137"/>
    <nd ref="1138"/>
    <nd ref="1134"/>
    <tag k="landuse" v="farmland"/>
    <tag k="name" v="Field 82 (4.3 ha)"/>
  </way>
  <way id="165" version="1" timestamp="2026-09-01T12:00:00Z" changeset="1" uid="1" user="generator">
    <nd ref="1139"/>
    <nd ref="1140"/>
    <nd ref="1141"/>
    <nd ref="1142"/>
    <nd ref="1139"/>
    <tag k="landuse" v="farmland"/>
    <tag k="name" v="Field 83 (89.8 ha)"/>
  </way>
  <way id="166" version="1" timestamp="2026-09-01T12:00:00Z" changeset="1" uid="1" user="generator">
    <nd ref="1143"/>
    <nd ref="1144"/>
    <nd ref="1145"/>
    <nd ref="1146"/>
    <nd ref="1143"/>
    <tag k="landuse" v="farmland"/>
    <tag k="name" v="Field 84 (15.6 ha)"/>
  </way>
  <way id="167" version="1" timestamp="2026-09-01T12:00:00Z" changeset="1" uid="1" user="generator">
    <nd ref="1147"/>
    <nd ref="1148"/>
    <nd ref="1149"/>
    <nd ref="1150"/>
    <nd ref="1147"/>
    <tag k="landuse" v="farmland"/>
    <tag k="name" v="Field 85 (23.5 ha)"/>
  </way>
  <way id="168" version="1" timestamp="2026-09-01T12:00:00Z" changeset="1" uid="1" user="generator">
    <nd ref="1151"/>
    <nd ref="1152"/>
    <nd ref="1153"/>
    <nd ref="1154"/>
    <nd ref="1155"/>
    <nd ref="1156"/>
    <nd ref="1151"/>
    <tag k="landuse" v="farmland"/>
    <tag k="name" v="Field 86 (22.0 ha)"/>
  </way>
  <way id="169" version="1" timestamp="2026-09-01T12:00:00Z" changeset="1" uid="1" user="generator">
    <nd ref="1157"/>
    <nd ref="1158"/>
    <nd ref="1159"/>
    <nd ref="1160"/>
    <nd ref="1161"/>
    <nd ref="1162"/>
    <nd ref="1163"/>
    <nd ref="1164"/>
    <nd ref="1165"/>
    <nd ref="1166"/>
    <nd ref="1157"/>
    <tag k="landuse" v="farmland"/>
    <tag k="name" v="Field 87 (19.2 ha)"/>
  </way>
  <way id="170" version="1" timestamp="2026-09-01T12:00:00Z" changeset="1" uid="1" user="generator">
    <nd ref="1167"/>
    <nd ref="1168"/>
    <nd ref="1169"/>
    <nd ref="1170"/>
    <nd ref="1167"/>
    <tag k="landuse" v="farmland"/>
    <tag k="name" v="Field 88 (21.5 ha)"/>
  </way>
  <way id="171" version="1" timestamp="2026-09-01T12:00:00Z" changeset="1" uid="1" user="generator">
    <nd ref="1171"/>
    <nd ref="1172"/>
    <nd ref="1173"/>
    <nd ref="1174"/>
    <nd ref="1175"/>
    <nd ref="1176"/>
    <nd ref="1177"/>
    <nd ref="1178"/>
    <nd ref="1179"/>
    <nd ref="1180"/>
    <nd ref="1181"/>
    <nd ref="1182"/>
    <nd ref="1171"/>
    <tag k="landuse" v="farmland"/>
    <tag k="name" v="Field 89 (18.6 ha)"/>
  </way>
  <way id="172" version="1" timestamp="2026-09-01T12:00:00Z" changeset="1" uid="1" user="generator">
    <nd ref="1183"/>
    <nd ref="1184"/>
    <nd ref="1185"/>
    <nd ref="1186"/>
    <nd ref="1187"/>
    <nd ref="1188"/>
    <nd ref="1189"/>
    <nd ref="1190"/>
    <nd ref="1191"/>
    <nd ref="1183"/>
    <tag k="landuse" v="farmland"/>
    <tag k="name" v="Field 90 (7.7 ha)"/>
  </way>
  <way id="173" version="1" timestamp="2026-09-01T12:00:00Z" changeset="1" uid="1" user="generator">
    <nd ref="1192"/>
    <nd ref="1193"/>
    <nd ref="1194"/>
    <nd ref="1195"/>
    <nd ref="1196"/>
    <nd ref="1192"/>
    <tag k="landuse" v="farmland"/>
    <tag k="name" v="Field 91 (4.6 ha)"/>
  </way>
  <way id="174" version="1" timestamp="2026-09-01T12:00:00Z" changeset="1" uid="1" user="generator">
    <nd ref="1197"/>
    <nd ref="1198"/>
    <nd ref="1199"/>
    <nd ref="1200"/>
    <nd ref="1201"/>
    <nd ref="1202"/>
    <nd ref="1197"/>
    <tag k="landuse" v="farmland"/>
    <tag k="name" v="Field 92 (5.1 ha)"/>
  </way>
  <way id="175" version="1" timestamp="2026-09-01T12:00:00Z" changeset="1" uid="1" user="generator">
    <nd ref="1203"/>
    <nd ref="1204"/>
    <nd ref="1205"/>
    <nd ref="1206"/>
    <nd ref="1207"/>
    <nd ref="1208"/>
    <nd ref="1209"/>
    <nd ref="1210"/>
    <nd ref="1203"/>
    <tag k="landuse" v="farmland"/>
    <tag k="name" v="Field 93 (24.6 ha)"/>
  </way>
  <way id="176" version="1" timestamp="2026-09-01T12:00:00Z" changeset="1" uid="1" user="generator">
    <nd ref="1211"/>
    <nd ref="1212"/>
    <nd ref="1213"/>
    <nd ref="1214"/>
    <nd ref="1215"/>
    <nd ref="1211"/>
    <tag k="landuse" v="farmland"/>
    <tag k="name" v="Field 94 (24.2 ha)"/>
  </way>
  <way id="177" version="1" timestamp="2026-09-01T12:00:00Z" changeset="1" uid="1" user="generator">
    <nd ref="1216"/>
    <nd ref="1217"/>
    <nd ref="1218"/>
    <nd ref="1219"/>
    <nd ref="1220"/>
    <nd ref="1221"/>
    <nd ref="1216"/>
    <tag k="landuse" v="farmland"/>
    <tag k="name" v="Field 95 (20.9 ha)"/>
  </way>
  <way id="178" version="1" timestamp="2026-09-01T12:00:00Z" changeset="1" uid="1" user="generator">
    <nd ref="1222"/>
    <nd ref="1223"/>
    <nd ref="1224"/>
    <nd ref="1225"/>
    <nd ref="1222"/>
    <tag k="landuse" v="farmland"/>
    <tag k="name" v="Field 96 (19.9 ha)"/>
  </way>
  <way id="179" version="1" timestamp="2026-09-01T12:00:00Z" changeset="1" uid="1" user="generator">
    <nd ref="1226"/>
    <nd ref="1227"/>
    <nd ref="1228"/>
    <nd ref="1229"/>
    <nd ref="1230"/>
    <nd ref="1231"/>
    <nd ref="1232"/>
    <nd ref="1233"/>
    <nd ref="1226"/>
    <tag k="landuse" v="farmland"/>
    <tag k="name" v="Field 97 (23.1 ha)"/>
  </way>
  <way id="180" version="1" timestamp="2026-09-01T12:00:00Z" changeset="1" uid="1" user="generator">
    <nd ref="1234"/>
    <nd ref="1235"/>
    <nd ref="1236"/>
    <nd ref="1237"/>
    <nd ref="1238"/>
    <nd ref="1239"/>
    <nd ref="1234"/>
    <tag k="landuse" v="farmland"/>
    <tag k="name" v="Field 98 (20.4 ha)"/>
  </way>
  <way id="181" version="1" timestamp="2026-09-01T12:00:00Z" changeset="1" uid="1" user="generator">
    <nd ref="1240"/>
    <nd ref="1241"/>
    <nd ref="1242"/>
    <nd ref="1243"/>
    <nd ref="1244"/>
    <nd ref="1240"/>
    <tag k="landuse" v="farmland"/>
    <tag k="name" v="Field 99 (16.3 ha)"/>
  </way>
  <way id="182" version="1" timestamp="2026-09-01T12:00:00Z" changeset="1" uid="1" user="generator">
    <nd ref="1245"/>
    <nd ref="1246"/>
    <nd ref="1247"/>
    <nd ref="1248"/>
    <nd ref="1245"/>
    <tag k="landuse" v="farmland"/>
    <tag k="name" v="Field 100 (4.8 ha)"/>
  </way>
  <way id="183" version="1" timestamp="2026-09-01T12:00:00Z" changeset="1" uid="1" user="generator">
    <nd ref="1249"/>
    <nd ref="1250"/>
    <nd ref="1251"/>
    <nd ref="1252"/>
    <nd ref="1253"/>
    <nd ref="1254"/>
    <nd ref="1255"/>
    <nd ref="1249"/>
    <tag k="landuse" v="farmland"/>
    <tag k="name" v="Field 101 (12.8 ha)"/>
  </way>
  <way id="184" version="1" timestamp="2026-09-01T12:00:00Z" changeset="1" uid="1" user="generator">
    <nd ref="1256"/>
    <nd ref="1257"/>
    <nd ref="1258"/>
    <nd ref="1259"/>
    <nd ref="1260"/>
    <nd ref="1261"/>
    <nd ref="1262"/>
    <nd ref="1263"/>
    <nd ref="1264"/>
    <nd ref="1265"/>
    <nd ref="1266"/>
    <nd ref="1256"/>
    <tag k="landuse" v="farmland"/>
    <tag k="name" v="Field 102 (14.3 ha)"/>
  </way>
  <way id="185" version="1" timestamp="2026-09-01T12:00:00Z" changeset="1" uid="1" user="generator">
    <nd ref="1267"/>
    <nd ref="1268"/>
    <nd ref="1269"/>
    <nd ref="1270"/>
    <nd ref="1267"/>
    <tag k="landuse" v="farmland"/>
    <tag k="name" v="Field 103 (17.4 ha)"/>
  </way>
  <way id="186" version="1" timestamp="2026-09-01T12:00:00Z" changeset="1" uid="1" user="generator">
    <nd ref="1271"/>
    <nd ref="1272"/>
    <nd ref="1273"/>
    <nd ref="1274"/>
    <nd ref="1275"/>
    <nd ref="1276"/>
    <nd ref="1271"/>
    <tag k="landuse" v="farmland"/>
    <tag k="name" v="Field 104 (18.6 ha)"/>
  </way>
  <way id="187" version="1" timestamp="2026-09-01T12:00:00Z" changeset="1" uid="1" user="generator">
    <nd ref="1277"/>
    <nd ref="1278"/>
    <nd ref="1279"/>
    <nd ref="1280"/>
    <nd ref="1281"/>
    <nd ref="1282"/>
    <nd ref="1277"/>
    <tag k="landuse" v="farmland"/>
    <tag k="name" v="Field 105 (11.9 ha)"/>
  </way>
  <way id="188" version="1" timestamp="2026-09-01T12:00:00Z" changeset="1" uid="1" user="generator">
    <nd ref="1283"/>
    <nd ref="1284"/>
    <nd ref="1285"/>
    <nd ref="1286"/>
    <nd ref="1283"/>
    <tag k="landuse" v="farmland"/>
    <tag k="name" v="Field 106 (23.6 ha)"/>
  </way>
  <way id="189" version="1" timestamp="2026-09-01T12:00:00Z" changeset="1" uid="1" user="generator">
    <nd ref="1287"/>
    <nd ref="1288"/>
    <nd ref="1289"/>
    <nd ref="1290"/>
    <nd ref="1291"/>
    <nd ref="1292"/>
    <nd ref="1287"/>
    <tag k="landuse" v="farmland"/>
    <tag k="name" v="Field 107 (20.0 ha)"/>
  </way>
  <way id="190" version="1" timestamp="2026-09-01T12:00:00Z" changeset="1" uid="1" user="generator">
    <nd ref="1293"/>
    <nd ref="1294"/>
    <nd ref="1295"/>
    <nd ref="1296"/>
    <nd ref="1297"/>
    <nd ref="1298"/>
    <nd ref="1299"/>
    <nd ref="1300"/>
    <nd ref="1301"/>
    <nd ref="1302"/>
    <nd ref="1293"/>
    <tag k="landuse" v="farmland"/>
    <tag k="name" v="Field 108 (23.0 ha)"/>
  </way>
  <way id="191" version="1" timestamp="2026-09-01T12:00:00Z" changeset="1" uid="1" user="generator">
    <nd ref="1303"/>
    <nd ref="1304"/>
    <nd ref="1305"/>
    <nd ref="1306"/>
    <nd ref="1303"/>
    <tag k="landuse" v="farmland"/>
    <tag k="name" v="Field 109 (95.0 ha)"/>
  </way>
  <way id="192" version="1" timestamp="2026-09-01T12:00:00Z" changeset="1" uid="1" user="generator">
    <nd ref="1307"/>
    <nd ref="1308"/>
    <nd ref="1309"/>
    <nd ref="1310"/>
    <nd ref="1311"/>
    <nd ref="1307"/>
    <tag k="landuse" v="farmland"/>
    <tag k="name" v="Field 110 (13.8 ha)"/>
  </way>
  <way id="193" version="1" timestamp="2026-09-01T12:00:00Z" changeset="1" uid="1" user="generator">
    <nd ref="1312"/>
    <nd ref="1313"/>
    <nd ref="1314"/>
    <nd ref="1315"/>
    <nd ref="1316"/>
    <nd ref="1317"/>
    <nd ref="1318"/>
    <nd ref="1312"/>
    <tag k="landuse" v="farmland"/>
    <tag k="name" v="Field 111 (27.2 ha)"/>
  </way>
  <way id="194" version="1" timestamp="2026-09-01T12:00:00Z" changeset="1" uid="1" user="generator">
    <nd ref="1319"/>
    <nd ref="1320"/>
    <nd ref="1321"/>
    <nd ref="1322"/>
    <nd ref="1323"/>
    <nd ref="1324"/>
    <nd ref="1319"/>
    <tag k="landuse" v="farmland"/>
    <tag k="name" v="Field 112 (26.5 ha)"/>
  </way>
  <way id="195" version="1" timestamp="2026-09-01T12:00:00Z" changeset="1" uid="1" user="generator">
    <nd ref="1325"/>
    <nd ref="1326"/>
    <nd ref="1327"/>
    <nd ref="1328"/>
    <nd ref="1329"/>
    <nd ref="1330"/>
    <nd ref="1331"/>
    <nd ref="1332"/>
    <nd ref="1333"/>
    <nd ref="1334"/>
    <nd ref="1325"/>
    <tag k="landuse" v="farmland"/>
    <tag k="name" v="Field 113 (11.6 ha)"/>
  </way>
  <way id="196" version="1" timestamp="2026-09-01T12:00:00Z" changeset="1" uid="1" user="generator">
    <nd ref="1335"/>
    <nd ref="1336"/>
    <nd ref="1337"/>
    <nd ref="1338"/>
    <nd ref="1339"/>
    <nd ref="1335"/>
    <tag k="landuse" v="farmland"/>
    <tag k="name" v="Field 114 (22.5 ha)"/>
  </way>
  <way id="197" version="1" timestamp="2026-09-01T12:00:00Z" changeset="1" uid="1" user="generator">
    <nd ref="1340"/>
    <nd ref="1341"/>
    <nd ref="1342"/>
    <nd ref="1343"/>
    <nd ref="1344"/>
    <nd ref="1345"/>
    <nd ref="1346"/>
    <nd ref="1340"/>
    <tag k="landuse" v="farmland"/>
    <tag k="name" v="Field 115 (4.3 ha)"/>
  </way>
  <way id="198" version="1" timestamp="2026-09-01T12:00:00Z" changeset="1" uid="1" user="generator">
    <nd ref="1347"/>
    <nd ref="1348"/>
    <nd ref="1349"/>
    <nd ref="1350"/>
    <nd ref="1351"/>
    <nd ref="1347"/>
    <tag k="landuse" v="farmland"/>
    <tag k="name" v="Field 116 (17.3 ha)"/>
  </way>
  <way id="199" version="1" timestamp="2026-09-01T12:00:00Z" changeset="1" uid="1" user="generator">
    <nd ref="1352"/>
    <nd ref="1353"/>
    <nd ref="1354"/>
    <nd ref="1355"/>
    <nd ref="1356"/>
    <nd ref="1352"/>
    <tag k="landuse" v="farmland"/>
    <tag k="name" v="Field 117 (14.3 ha)"/>
  </way>
  <way id="200" version="1" timestamp="2026-09-01T12:00:00Z" changeset="1" uid="1" user="generator">
    <nd ref="1357"/>
    <nd ref="1358"/>
    <nd ref="1359"/>
    <nd ref="1360"/>
    <nd ref="1361"/>
    <nd ref="1357"/>
    <tag k="landuse" v="farmland"/>
    <tag k="name" v="Field 118 (24.1 ha)"/>
  </way>
  <way id="201" version="1" timestamp="2026-09-01T12:00:00Z" changeset="1" uid="1" user="generator">
    <nd ref="1362"/>
    <nd ref="1363"/>
    <nd ref="1364"/>
    <nd ref="1365"/>
    <nd ref="1366"/>
    <nd ref="1367"/>
    <nd ref="1362"/>
    <tag k="landuse" v="farmland"/>
    <tag k="name" v="Field 119 (15.1 ha)"/>
  </way>
  <way id="202" version="1" timestamp="2026-09-01T12:00:00Z" changeset="1" uid="1" user="generator">
    <nd ref="1368"/>
    <nd ref="1369"/>
    <nd ref="1370"/>
    <nd ref="1371"/>
    <nd ref="1372"/>
    <nd ref="1373"/>
    <nd ref="1374"/>
    <nd ref="1375"/>
    <nd ref="1376"/>
    <nd ref="1368"/>
    <tag k="landuse" v="farmland"/>
    <tag k="name" v="Field 120 (13.5 ha)"/>
  </way>
  <way id="203" version="1" timestamp="2026-09-01T12:00:00Z" changeset="1" uid="1" user="generator">
    <nd ref="1377"/>
    <nd ref="1378"/>
    <nd ref="1379"/>
    <nd ref="1380"/>
    <nd ref="1381"/>
    <nd ref="1382"/>
    <nd ref="1383"/>
    <nd ref="1377"/>
    <tag k="landuse" v="farmland"/>
    <tag k="name" v="Field 121 (28.3 ha)"/>
  </way>
  <way id="204" version="1" timestamp="2026-09-01T12:00:00Z" changeset="1" uid="1" user="generator">
    <nd ref="1384"/>
    <nd ref="1385"/>
    <nd ref="1386"/>
    <nd ref="1387"/>
    <nd ref="1388"/>
    <nd ref="1389"/>
    <nd ref="1384"/>
    <tag k="landuse" v="farmland"/>
    <tag k="name" v="Field 122 (20.0 ha)"/>
  </way>
  <way id="205" version="1" timestamp="2026-09-01T12:00:00Z" changeset="1" uid="1" user="generator">
    <nd ref="1390"/>
    <nd ref="1391"/>
    <nd ref="1392"/>
    <nd ref="1393"/>
    <nd ref="1394"/>
    <nd ref="1390"/>
    <tag k="landuse" v="farmland"/>
    <tag k="name" v="Field 123 (5.4 ha)"/>
  </way>
  <way id="206" version="1" timestamp="2026-09-01T12:00:00Z" changeset="1" uid="1" user="generator">
    <nd ref="1395"/>
    <nd ref="1396"/>
    <nd ref="1397"/>
    <nd ref="1398"/>
    <nd ref="1395"/>
    <tag k="landuse" v="farmland"/>
    <tag k="name" v="Field 124 (5.7 ha)"/>
  </way>
  <way id="207" version="1" timestamp="2026-09-01T12:00:00Z" changeset="1" uid="1" user="generator">
    <nd ref="1399"/>
    <nd ref="1400"/>
    <nd ref="1401"/>
    <nd ref="1402"/>
    <nd ref="1403"/>
    <nd ref="1399"/>
    <tag k="landuse" v="farmland"/>
    <tag k="name" v="Field 125 (4.3 ha)"/>
  </way>
  <way id="208" version="1" timestamp="2026-09-01T12:00:00Z" changeset="1" uid="1" user="generator">
    <nd ref="1404"/>
    <nd ref="1405"/>
    <nd ref="1406"/>
    <nd ref="1407"/>
    <nd ref="1408"/>
    <nd ref="1409"/>
    <nd ref="1404"/>
    <tag k="landuse" v="farmland"/>
    <tag k="name" v="Field 126 (11.9 ha)"/>
  </way>
  <way id="209" version="1" timestamp="2026-09-01T12:00:00Z" changeset="1" uid="1" user="generator">
    <nd ref="1410"/>
    <nd ref="1411"/>
    <nd ref="1412"/>
    <nd ref="1413"/>
    <nd ref="1414"/>
    <nd ref="1415"/>
    <nd ref="1416"/>
    <nd ref="1417"/>
    <nd ref="1418"/>
    <nd ref="1419"/>
    <nd ref="1420"/>
    <nd ref="1421"/>
    <nd ref="1410"/>
    <tag k="landuse" v="farmland"/>
    <tag k="name" v="Field 127 (21.0 ha)"/>
  </way>
  <way id="210" version="1" timestamp="2026-09-01T12:00:00Z" changeset="1" uid="1" user="generator">
    <nd ref="1422"/>
    <nd ref="1423"/>
    <nd ref="1424"/>
    <nd ref="1425"/>
    <nd ref="1426"/>
    <nd ref="1427"/>
    <nd ref="1428"/>
    <nd ref="1429"/>
    <nd ref="1422"/>
    <tag k="landuse" v="farmland"/>
    <tag k="name" v="Field 128 (21.7 ha)"/>
  </way>
  <way id="211" version="1" timestamp="2026-09-01T12:00:00Z" changeset="1" uid="1" user="generator">
    <nd ref="1430"/>
    <nd ref="1431"/>
    <nd ref="1432"/>
    <nd ref="1433"/>
    <nd ref="1434"/>
    <nd ref="1435"/>
    <nd ref="1436"/>
    <nd ref="1437"/>
    <nd ref="1430"/>
    <tag k="landuse" v="farmland"/>
    <tag k="name" v="Field 129 (20.0 ha)"/>
  </way>
  <way id="212" version="1" timestamp="2026-09-01T12:00:00Z" changeset="1" uid="1" user="generator">
    <nd ref="1438"/>
    <nd ref="1439"/>
    <nd ref="1440"/>
    <nd ref="1441"/>
    <nd ref="1442"/>
    <nd ref="1438"/>
    <tag k="landuse" v="farmland"/>
    <tag k="name" v="Field 130 (5.5 ha)"/>
  </way>
  <way id="213" version="1" timestamp="2026-09-01T12:00:00Z" changeset="1" uid="1" user="generator">
    <nd ref="1443"/>
    <nd ref="1444"/>
    <nd ref="1445"/>
    <nd ref="1446"/>
    <nd ref="1443"/>
    <tag k="landuse" v="farmland"/>
    <tag k="name" v="Field 131 (4.8 ha)"/>
  </way>
  <way id="214" version="1" timestamp="2026-09-01T12:00:00Z" changeset="1" uid="1" user="generator">
    <nd ref="1447"/>
    <nd ref="1448"/>
    <nd ref="1449"/>
    <nd ref="1450"/>
    <nd ref="1447"/>
    <tag k="landuse" v="farmland"/>
    <tag k="name" v="Field 132 (4.8 ha)"/>
  </way>
  <way id="215" version="1" timestamp="2026-09-01T12:00:00Z" changeset="1" uid="1" user="generator">
    <nd ref="1451"/>
    <nd ref="1452"/>
    <nd ref="1453"/>
    <nd ref="1454"/>
    <nd ref="1455"/>
    <nd ref="1451"/>
    <tag k="landuse" v="farmland"/>
    <tag k="name" v="Field 133 (5.6 ha)"/>
  </way>
  <way id="216" version="1" timestamp="2026-09-01T12:00:00Z" changeset="1" uid="1" user="generator">
    <nd ref="1456"/>
    <nd ref="1457"/>
    <nd ref="1458"/>
    <nd ref="1459"/>
    <nd ref="1456"/>
    <tag k="landuse" v="farmland"/>
    <tag k="name" v="Field 134 (4.2 ha)"/>
  </way>
  <way id="217" version="1" timestamp="2026-09-01T12:00:00Z" changeset="1" uid="1" user="generator">
    <nd ref="1460"/>
    <nd ref="1461"/>
    <nd ref="1462"/>
    <nd ref="1463"/>
    <nd ref="1464"/>
    <nd ref="1465"/>
    <nd ref="1460"/>
    <tag k="landuse" v="farmland"/>
    <tag k="name" v="Field 135 (20.0 ha)"/>
  </way>
  <way id="218" version="1" timestamp="2026-09-01T12:00:00Z" changeset="1" uid="1" user="generator">
    <nd ref="1466"/>
    <nd ref="1467"/>
    <nd ref="1468"/>
    <nd ref="1469"/>
    <nd ref="1470"/>
    <nd ref="1471"/>
    <nd ref="1472"/>
    <nd ref="1473"/>
    <nd ref="1466"/>
    <tag k="landuse" v="farmland"/>
    <tag k="name" v="Field 136 (25.5 ha)"/>
  </way>
  <way id="219" version="1" timestamp="2026-09-01T12:00:00Z" changeset="1" uid="1" user="generator">
    <nd ref="1474"/>
    <nd ref="1475"/>
    <nd ref="1476"/>
    <nd ref="1477"/>
    <nd ref="1478"/>
    <nd ref="1474"/>
    <tag k="landuse" v="farmland"/>
    <tag k="name" v="Field 137 (9.8 ha)"/>
  </way>
  <way id="220" version="1" timestamp="2026-09-01T12:00:00Z" changeset="1" uid="1" user="generator">
    <nd ref="1479"/>
    <nd ref="1480"/>
    <nd ref="1481"/>
    <nd ref="1482"/>
    <nd ref="1483"/>
    <nd ref="1484"/>
    <nd ref="1485"/>
    <nd ref="1486"/>
    <nd ref="1487"/>
    <nd ref="1479"/>
    <tag k="landuse" v="farmland"/>
    <tag k="name" v="Field 138 (17.6 ha)"/>
  </way>
  <way id="221" version="1" timestamp="2026-09-01T12:00:00Z" changeset="1" uid="1" user="generator">
    <nd ref="1488"/>
    <nd ref="1489"/>
    <nd ref="1490"/>
    <nd ref="1491"/>
    <nd ref="1492"/>
    <nd ref="1493"/>
    <nd ref="1494"/>
    <nd ref="1488"/>
    <tag k="landuse" v="farmland"/>
    <tag k="name" v="Field 139 (26.8 ha)"/>
  </way>
  <way id="222" version="1" timestamp="2026-09-01T12:00:00Z" changeset="1" uid="1" user="generator">
    <nd ref="1495"/>
    <nd ref="1496"/>
    <nd ref="1497"/>
    <nd ref="1498"/>
    <nd ref="1499"/>
    <nd ref="1495"/>
    <tag k="landuse" v="farmland"/>
    <tag k="name" v="Field 140 (29.0 ha)"/>
  </way>
  <way id="223" version="1" timestamp="2026-09-01T12:00:00Z" changeset="1" uid="1" user="generator">
    <nd ref="1500"/>
    <nd ref="1501"/>
    <nd ref="1502"/>
    <nd ref="1503"/>
    <nd ref="1504"/>
    <nd ref="1500"/>
    <tag k="landuse" v="farmland"/>
    <tag k="name" v="Field 141 (20.1 ha)"/>
  </way>
  <way id="224" version="1" timestamp="2026-09-01T12:00:00Z" changeset="1" uid="1" user="generator">
    <nd ref="1505"/>
    <nd ref="1506"/>
    <nd ref="1507"/>
    <nd ref="1508"/>
    <nd ref="1505"/>
    <tag k="landuse" v="farmland"/>
    <tag k="name" v="Field 142 (13.3 ha)"/>
  </way>
  <way id="225" version="1" timestamp="2026-09-01T12:00:00Z" changeset="1" uid="1" user="generator">
    <nd ref="1509"/>
    <nd ref="1510"/>
    <nd ref="1511"/>
    <nd ref="1512"/>
    <nd ref="1509"/>
    <tag k="landuse" v="farmland"/>
    <tag k="name" v="Field 143 (12.4 ha)"/>
  </way>
  <way id="226" version="1" timestamp="2026-09-01T12:00:00Z" changeset="1" uid="1" user="generator">
    <nd ref="1513"/>
    <nd ref="1514"/>
    <nd ref="1515"/>
    <nd ref="1516"/>
    <nd ref="1513"/>
    <tag k="landuse" v="farmland"/>
    <tag k="name" v="Field 144 (13.6 ha)"/>
  </way>
  <way id="227" version="1" timestamp="2026-09-01T12:00:00Z" changeset="1" uid="1" user="generator">
    <nd ref="1517"/>
    <nd ref="1518"/>
    <nd ref="1519"/>
    <nd ref="1520"/>
    <nd ref="1521"/>
    <nd ref="1522"/>
    <nd ref="1523"/>
    <nd ref="1517"/>
    <tag k="landuse" v="farmland"/>
    <tag k="name" v="Field 145 (14.0 ha)"/>
  </way>
  <way id="228" version="1" timestamp="2026-09-01T12:00:00Z" changeset="1" uid="1" user="generator">
    <nd ref="1524"/>
    <nd ref="1525"/>
    <nd ref="1526"/>
    <nd ref="1527"/>
    <nd ref="1524"/>
    <tag k="landuse" v="farmland"/>
    <tag k="name" v="Field 146 (16.0 ha)"/>
  </way>
  <way id="229" version="1" timestamp="2026-09-01T12:00:00Z" changeset="1" uid="1" user="generator">
    <nd ref="1528"/>
    <nd ref="1529"/>
    <nd ref="1530"/>
    <nd ref="1531"/>
    <nd ref="1532"/>
    <nd ref="1528"/>
    <tag k="landuse" v="farmland"/>
    <tag k="name" v="Field 147 (15.4 ha)"/>
  </way>
  <way id="230" version="1" timestamp="2026-09-01T12:00:00Z" changeset="1" uid="1" user="generator">
    <nd ref="1533"/>
    <nd ref="1534"/>
    <nd ref="1535"/>
    <nd ref="1536"/>
    <nd ref="1537"/>
    <nd ref="1538"/>
    <nd ref="1539"/>
    <nd ref="1540"/>
    <nd ref="1533"/>
    <tag k="landuse" v="farmland"/>
    <tag k="name" v="Field 148 (7.3 ha)"/>
  </way>
  <way id="231" version="1" timestamp="2026-09-01T12:00:00Z" changeset="1" uid="1" user="generator">
    <nd ref="1541"/>
    <nd ref="1542"/>
    <nd ref="1543"/>
    <nd ref="1544"/>
    <nd ref="1545"/>
    <nd ref="1546"/>
    <nd ref="1547"/>
    <nd ref="1541"/>
    <tag k="landuse" v="farmland"/>
    <tag k="name" v="Field 149 (24.1 ha)"/>
  </way>
  <way id="232" version="1" timestamp="2026-09-01T12:00:00Z" changeset="1" uid="1" user="generator">
    <nd ref="1548"/>
    <nd ref="1549"/>
    <nd ref="1550"/>
    <nd ref="1551"/>
    <nd ref="1548"/>
    <tag k="landuse" v="farmland"/>
    <tag k="name" v="Field 150 (22.9 ha)"/>
  </way>
  <way id="233" version="1" timestamp="2026-09-01T12:00:00Z" changeset="1" uid="1" user="generator">
    <nd ref="1552"/>
    <nd ref="1553"/>
    <nd ref="1554"/>
    <nd ref="1555"/>
    <nd ref="1552"/>
    <tag k="landuse" v="farmland"/>
    <tag k="name" v="Field 151 (99.4 ha)"/>
  </way>
  <way id="234" version="1" timestamp="2026-09-01T12:00:00Z" changeset="1" uid="1" user="generator">
    <nd ref="1556"/>
    <nd ref="1557"/>
    <nd ref="1558"/>
    <nd ref="1559"/>
    <nd ref="1556"/>
    <tag k="landuse" v="farmland"/>
    <tag k="name" v="Field 152 (18.1 ha)"/>
  </way>
  <way id="235" version="1" timestamp="2026-09-01T12:00:00Z" changeset="1" uid="1" user="generator">
    <nd ref="1560"/>
    <nd ref="1561"/>
    <nd ref="1562"/>
    <nd ref="1563"/>
    <nd ref="1560"/>
    <tag k="landuse" v="farmland"/>
    <tag k="name" v="Field 153 (18.6 ha)"/>
  </way>
  <way id="236" version="1" timestamp="2026-09-01T12:00:00Z" changeset="1" uid="1" user="generator">
    <nd ref="1564"/>
    <nd ref="1565"/>
    <nd ref="1566"/>
    <nd ref="1567"/>
    <nd ref="1564"/>
    <tag k="landuse" v="farmland"/>
    <tag k="name" v="Field 154 (12.8 ha)"/>
  </way>
  <way id="237" version="1" timestamp="2026-09-01T12:00:00Z" changeset="1" uid="1" user="generator">
    <nd ref="1568"/>
    <nd ref="1569"/>
    <nd ref="1570"/>
    <nd ref="1571"/>
    <nd ref="1572"/>
    <nd ref="1573"/>
    <nd ref="1568"/>
    <tag k="landuse" v="farmland"/>
    <tag k="name" v="Field 155 (11.3 ha)"/>
  </way>
  <way id="238" version="1" timestamp="2026-09-01T12:00:00Z" changeset="1" uid="1" user="generator">
    <nd ref="1574"/>
    <nd ref="1575"/>
    <nd ref="1576"/>
    <nd ref="1577"/>
    <nd ref="1578"/>
    <nd ref="1579"/>
    <nd ref="1580"/>
    <nd ref="1581"/>
    <nd ref="1574"/>
    <tag k="landuse" v="farmland"/>
    <tag k="name" v="Field 156 (6.8 ha)"/>
  </way>
  <way id="239" version="1" timestamp="2026-09-01T12:00:00Z" changeset="1" uid="1" user="generator">
    <nd ref="1582"/>
    <nd ref="1583"/>
    <nd ref="1584"/>
    <nd ref="1585"/>
    <nd ref="1586"/>
    <nd ref="1587"/>
    <nd ref="1582"/>
    <tag k="landuse" v="farmland"/>
    <tag k="name" v="Field 157 (12.8 ha)"/>
  </way>
  <way id="240" version="1" timestamp="2026-09-01T12:00:00Z" changeset="1" uid="1" user="generator">
    <nd ref="1588"/>
    <nd ref="1589"/>
    <nd ref="1590"/>
    <nd ref="1591"/>
    <nd ref="1592"/>
    <nd ref="1588"/>
    <tag k="landuse" v="farmland"/>
    <tag k="name" v="Field 158 (13.4 ha)"/>
  </way>
  <way id="241" version="1" timestamp="2026-09-01T12:00:00Z" changeset="1" uid="1" user="generator">
    <nd ref="1593"/>
    <nd ref="1594"/>
    <nd ref="1595"/>
    <nd ref="1596"/>
    <nd ref="1597"/>
    <nd ref="1598"/>
    <nd ref="1599"/>
    <nd ref="1593"/>
    <tag k="landuse" v="farmland"/>
    <tag k="name" v="Field 159 (9.9 ha)"/>
  </way>
  <way id="242" version="1" timestamp="2026-09-01T12:00:00Z" changeset="1" uid="1" user="generator">
    <nd ref="1600"/>
    <nd ref="1601"/>
    <nd ref="1602"/>
    <nd ref="1603"/>
    <nd ref="1600"/>
    <tag k="landuse" v="farmland"/>
    <tag k="name" v="Field 160 (7.2 ha)"/>
  </way>
  <way id="243" version="1" timestamp="2026-09-01T12:00:00Z" changeset="1" uid="1" user="generator">
    <nd ref="1604"/>
    <nd ref="1605"/>
    <nd ref="1606"/>
    <nd ref="1607"/>
    <nd ref="1604"/>
    <tag k="landuse" v="farmland"/>
    <tag k="name" v="Field 161 (17.6 ha)"/>
  </way>
  <way id="244" version="1" timestamp="2026-09-01T12:00:00Z" changeset="1" uid="1" user="generator">
    <nd ref="1608"/>
    <nd ref="1609"/>
    <nd ref="1610"/>
    <nd ref="1611"/>
    <nd ref="1608"/>
    <tag k="landuse" v="farmland"/>
    <tag k="name" v="Field 162 (5.1 ha)"/>
  </way>
  <way id="245" version="1" timestamp="2026-09-01T12:00:00Z" changeset="1" uid="1" user="generator">
    <nd ref="1612"/>
    <nd ref="1613"/>
    <nd ref="1614"/>
    <nd ref="1615"/>
    <nd ref="1616"/>
    <nd ref="1617"/>
    <nd ref="1618"/>
    <nd ref="1619"/>
    <nd ref="1620"/>
    <nd ref="1621"/>
    <nd ref="1612"/>
    <tag k="landuse" v="farmland"/>
    <tag k="name" v="Field 163 (23.5 ha)"/>
  </way>
  <way id="246" version="1" timestamp="2026-09-01T12:00:00Z" changeset="1" uid="1" user="generator">
    <nd ref="1622"/>
    <nd ref="1623"/>
    <nd ref="1624"/>
    <nd ref="1625"/>
    <nd ref="1622"/>
    <tag k="landuse" v="farmland"/>
    <tag k="name" v="Field 164 (28.4 ha)"/>
  </way>
  <way id="247" version="1" timestamp="2026-09-01T12:00:00Z" changeset="1" uid="1" user="generator">
    <nd ref="1626"/>
    <nd ref="1627"/>
    <nd ref="1628"/>
    <nd ref="1629"/>
    <nd ref="1626"/>
    <tag k="landuse" v="farmland"/>
    <tag k="name" v="Field 165 (90.0 ha)"/>
  </way>
  <way id="248" version="1" timestamp="2026-09-01T12:00:00Z" changeset="1" uid="1" user="generator">
    <nd ref="1630"/>
    <nd ref="1631"/>
    <nd ref="1632"/>
    <nd ref="1633"/>
    <nd ref="1630"/>
    <tag k="landuse" v="farmland"/>
    <tag k="name" v="Field 166 (20.5 ha)"/>
  </way>
  <way id="249" version="1" timestamp="2026-09-01T12:00:00Z" changeset="1" uid="1" user="generator">
    <nd ref="1634"/>
    <nd ref="1635"/>
    <nd ref="1636"/>
    <nd ref="1637"/>
    <nd ref="1634"/>
    <tag k="landuse" v="farmland"/>
    <tag k="name" v="Field 167 (95.8 ha)"/>
  </way>
  <way id="250" version="1" timestamp="2026-09-01T12:00:00Z" changeset="1" uid="1" user="generator">
    <nd ref="1638"/>
    <nd ref="1639"/>
    <nd ref="1640"/>
    <nd ref="1641"/>
    <nd ref="1642"/>
    <nd ref="1643"/>
    <nd ref="1644"/>
    <nd ref="1645"/>
    <nd ref="1646"/>
    <nd ref="1647"/>
    <nd ref="1638"/>
    <tag k="landuse" v="farmland"/>
    <tag k="name" v="Field 168 (11.8 ha)"/>
  </way>
  <way id="251" version="1" timestamp="2026-09-01T12:00:00Z" changeset="1" uid="1" user="generator">
    <nd ref="1648"/>
    <nd ref="1649"/>
    <nd ref="1650"/>
    <nd ref="1651"/>
    <nd ref="1652"/>
    <nd ref="1653"/>
    <nd ref="1648"/>
    <tag k="landuse" v="farmland"/>
    <tag k="name" v="Field 169 (12.8 ha)"/>
  </way>
  <way id="252" version="1" timestamp="2026-09-01T12:00:00Z" changeset="1" uid="1" user="generator">
    <nd ref="1654"/>
    <nd ref="1655"/>
    <nd ref="1656"/>
    <nd ref="1657"/>
    <nd ref="1658"/>
    <nd ref="1654"/>
    <tag k="landuse" v="farmland"/>
    <tag k="name" v="Field 170 (25.3 ha)"/>
  </way>
  <way id="253" version="1" timestamp="2026-09-01T12:00:00Z" changeset="1" uid="1" user="generator">
    <nd ref="1659"/>
    <nd ref="1660"/>
    <tag k="highway" v="tertiary"/>
    <tag k="name" v="Farm Track"/>
  </way>
  <way id="254" version="1" timestamp="2026-09-01T12:00:00Z" changeset="1" uid="1" user="generator">
    <nd ref="1661"/>
    <nd ref="1662"/>
    <tag k="highway" v="tertiary"/>
    <tag k="name" v="Farm Track"/>
  </way>
  <way id="255" version="1" timestamp="2026-09-01T12:00:00Z" changeset="1" uid="1" user="generator">
    <nd ref="1663"/>
    <nd ref="1664"/>
    <tag k="highway" v="tertiary"/>
    <tag k="name" v="Farm Track"/>
  </way>
  <way id="256" version="1" timestamp="2026-09-01T12:00:00Z" changeset="1" uid="1" user="generator">
    <nd ref="1665"/>
    <nd ref="1666"/>
    <tag k="highway" v="tertiary"/>
    <tag k="name" v="Farm Track"/>
  </way>
  <way id="257" version="1" timestamp="2026-09-01T12:00:00Z" changeset="1" uid="1" user="generator">
    <nd ref="1667"/>
    <nd ref="1668"/>
    <tag k="highway" v="tertiary"/>
    <tag k="name" v="Farm Track"/>
  </way>
  <way id="258" version="1" timestamp="2026-09-01T12:00:00Z" changeset="1" uid="1" user="generator">
    <nd ref="1669"/>
    <nd ref="1670"/>
    <tag k="highway" v="tertiary"/>
    <tag k="name" v="Farm Track"/>
  </way>
  <way id="259" version="1" timestamp="2026-09-01T12:00:00Z" changeset="1" uid="1" user="generator">
    <nd ref="1671"/>
    <nd ref="1672"/>
    <tag k="highway" v="tertiary"/>
    <tag k="name" v="Farm Track"/>
  </way>
  <way id="260" version="1" timestamp="2026-09-01T12:00:00Z" changeset="1" uid="1" user="generator">
    <nd ref="1673"/>
    <nd ref="1674"/>
    <tag k="highway" v="tertiary"/>
    <tag k="name" v="Farm Track"/>
  </way>
  <way id="261" version="1" timestamp="2026-09-01T12:00:00Z" changeset="1" uid="1" user="generator">
    <nd ref="1675"/>
    <nd ref="1676"/>
    <tag k="highway" v="tertiary"/>
    <tag k="name" v="Farm Track"/>
  </way>
  <way id="262" version="1" timestamp="2026-09-01T12:00:00Z" changeset="1" uid="1" user="generator">
    <nd ref="1677"/>
    <nd ref="1678"/>
    <tag k="highway" v="tertiary"/>
    <tag k="name" v="Farm Track"/>
  </way>
  <way id="263" version="1" timestamp="2026-09-01T12:00:00Z" changeset="1" uid="1" user="generator">
    <nd ref="1679"/>
    <nd ref="1680"/>
    <tag k="highway" v="tertiary"/>
    <tag k="name" v="Farm Track"/>
  </way>
  <way id="264" version="1" timestamp="2026-09-01T12:00:00Z" changeset="1" uid="1" user="generator">
    <nd ref="1681"/>
    <nd ref="1682"/>
    <tag k="highway" v="tertiary"/>
    <tag k="name" v="Farm Track"/>
  </way>
  <way id="265" version="1" timestamp="2026-09-01T12:00:00Z" changeset="1" uid="1" user="generator">
    <nd ref="1683"/>
    <nd ref="1684"/>
    <tag k="highway" v="tertiary"/>
    <tag k="name" v="Farm Track"/>
  </way>
  <way id="266" version="1" timestamp="2026-09-01T12:00:00Z" changeset="1" uid="1" user="generator">
    <nd ref="1685"/>
    <nd ref="1686"/>
    <tag k="highway" v="tertiary"/>
    <tag k="name" v="Farm Track"/>
  </way>
  <way id="267" version="1" timestamp="2026-09-01T12:00:00Z" changeset="1" uid="1" user="generator">
    <nd ref="1686"/>
    <nd ref="1687"/>
    <tag k="highway" v="tertiary"/>
    <tag k="name" v="Farm Track"/>
  </way>
  <way id="268" version="1" timestamp="2026-09-01T12:00:00Z" changeset="1" uid="1" user="generator">
    <nd ref="1688"/>
    <nd ref="1689"/>
    <tag k="highway" v="tertiary"/>
    <tag k="name" v="Farm Track"/>
  </way>
  <way id="269" version="1" timestamp="2026-09-01T12:00:00Z" changeset="1" uid="1" user="generator">
    <nd ref="1690"/>
    <nd ref="1691"/>
    <tag k="highway" v="tertiary"/>
    <tag k="name" v="Farm Track"/>
  </way>
  <way id="270" version="1" timestamp="2026-09-01T12:00:00Z" changeset="1" uid="1" user="generator">
    <nd ref="1692"/>
    <nd ref="1693"/>
    <tag k="highway" v="tertiary"/>
    <tag k="name" v="Farm Track"/>
  </way>
  <way id="271" version="1" timestamp="2026-09-01T12:00:00Z" changeset="1" uid="1" user="generator">
    <nd ref="1694"/>
    <nd ref="1695"/>
    <tag k="highway" v="tertiary"/>
    <tag k="name" v="Farm Track"/>
  </way>
  <way id="272" version="1" timestamp="2026-09-01T12:00:00Z" changeset="1" uid="1" user="generator">
    <nd ref="1696"/>
    <nd ref="1697"/>
    <tag k="highway" v="tertiary"/>
    <tag k="name" v="Farm Track"/>
  </way>
  <way id="273" version="1" timestamp="2026-09-01T12:00:00Z" changeset="1" uid="1" user="generator">
    <nd ref="1698"/>
    <nd ref="1699"/>
    <nd ref="1700"/>
    <nd ref="1701"/>
    <nd ref="1702"/>
    <nd ref="1703"/>
    <nd ref="1704"/>
    <nd ref="1705"/>
    <nd ref="1706"/>
    <nd ref="1707"/>
    <nd ref="1708"/>
    <nd ref="1709"/>
    <nd ref="1710"/>
    <nd ref="1711"/>
    <nd ref="1712"/>
    <nd ref="1713"/>
    <nd ref="1714"/>
    <nd ref="1715"/>
    <nd ref="1716"/>
    <nd ref="1717"/>
    <nd ref="1718"/>
    <nd ref="1719"/>
    <nd ref="1720"/>
    <nd ref="1721"/>
    <nd ref="1722"/>
    <nd ref="1723"/>
    <nd ref="1724"/>
    <nd ref="1725"/>
    <nd ref="1726"/>
    <nd ref="1727"/>
    <nd ref="1728"/>
    <nd ref="1729"/>
    <nd ref="1730"/>
    <nd ref="1731"/>
    <nd ref="1732"/>
    <nd ref="1733"/>
    <nd ref="1734"/>
    <nd ref="1735"/>
    <nd ref="1736"/>
    <nd ref="1737"/>
    <nd ref="1738"/>
    <nd ref="1739"/>
    <nd ref="1740"/>
    <nd ref="1741"/>
    <nd ref="1742"/>
    <nd ref="1743"/>
    <nd ref="1744"/>
    <nd ref="1745"/>
    <nd ref="1746"/>
    <nd ref="1747"/>
    <nd ref="1748"/>
    <nd ref="1749"/>
    <nd ref="1750"/>
    <nd ref="1751"/>
    <nd ref="1752"/>
    <nd ref="1753"/>
    <nd ref="1754"/>
    <nd ref="1755"/>
    <nd ref="1756"/>
    <nd ref="1757"/>
    <nd ref="1758"/>
    <nd ref="1759"/>
    <nd ref="1760"/>
    <nd ref="1761"/>
    <nd ref="1762"/>
    <nd ref="1763"/>
    <nd ref="1764"/>
    <nd ref="1765"/>
    <nd ref="1766"/>
    <nd ref="1767"/>
    <nd ref="1768"/>
    <nd ref="1769"/>
    <nd ref="1770"/>
    <nd ref="1771"/>
    <nd ref="1772"/>
    <nd ref="1773"/>
    <nd ref="1774"/>
    <nd ref="1775"/>
    <nd ref="1776"/>
    <nd ref="1777"/>
    <nd ref="1778"/>
    <nd ref="1779"/>
    <nd ref="1780"/>
    <nd ref="1781"/>
    <nd ref="1782"/>
    <nd ref="1783"/>
    <nd ref="1784"/>
    <nd ref="1698"/>
    <tag k="natural" v="wood"/>
    <tag k="landuse" v="farmyard"/>
    <tag k="leaf_type" v="broadleaved"/>
    <tag k="name" v="Wood 1 (237.9 ha)"/>
  </way>
  <way id="274" version="1" timestamp="2026-09-01T12:00:00Z" changeset="1" uid="1" user="generator">
    <nd ref="1785"/>
    <nd ref="1786"/>
    <nd ref="1787"/>
    <nd ref="1788"/>
    <nd ref="1789"/>
    <nd ref="1790"/>
    <nd ref="1791"/>
    <nd ref="1792"/>
    <nd ref="1793"/>
    <nd ref="1794"/>
    <nd ref="1795"/>
    <nd ref="1796"/>
    <nd ref="1797"/>
    <nd ref="1798"/>
    <nd ref="1799"/>
    <nd ref="1800"/>
    <nd ref="1801"/>
    <nd ref="1802"/>
    <nd ref="1803"/>
    <nd ref="1804"/>
    <nd ref="1785"/>
    <tag k="natural" v="wood"/>
    <tag k="landuse" v="farmyard"/>
    <tag k="leaf_type" v="mixed"/>
    <tag k="name" v="Wood 2 (103.6 ha)"/>
  </way>
  <way id="275" version="1" timestamp="2026-09-01T12:00:00Z" changeset="1" uid="1" user="generator">
    <nd ref="1805"/>
    <nd ref="1806"/>
    <nd ref="1807"/>
    <nd ref="1808"/>
    <nd ref="1809"/>
    <nd ref="1810"/>
    <nd ref="1811"/>
    <nd ref="1812"/>
    <nd ref="1813"/>
    <nd ref="1814"/>
    <nd ref="1815"/>
    <nd ref="1816"/>
    <nd ref="1817"/>
    <nd ref="1818"/>
    <nd ref="1819"/>
    <nd ref="1820"/>
    <nd ref="1821"/>
    <nd ref="1822"/>
    <nd ref="1823"/>
    <nd ref="1824"/>
    <nd ref="1825"/>
    <nd ref="1826"/>
    <nd ref="1827"/>
    <nd ref="1828"/>
    <nd ref="1829"/>
    <nd ref="1830"/>
    <nd ref="1831"/>
    <nd ref="1805"/>
    <tag k="natural" v="wood"/>
    <tag k="landuse" v="farmyard"/>
    <tag k="leaf_type" v="broadleaved"/>
    <tag k="name" v="Wood 3 (91.7 ha)"/>
  </way>
  <way id="276" version="1" timestamp="2026-09-01T12:00:00Z" changeset="1" uid="1" user="generator">
    <nd ref="1832"/>
    <nd ref="1833"/>
    <nd ref="1834"/>
    <nd ref="1835"/>
    <nd ref="1836"/>
    <nd ref="1837"/>
    <nd ref="1838"/>
    <nd ref="1839"/>
    <nd ref="1840"/>
    <nd ref="1841"/>
    <nd ref="1842"/>
    <nd ref="1843"/>
    <nd ref="1844"/>
    <nd ref="1845"/>
    <nd ref="1846"/>
    <nd ref="1847"/>
    <nd ref="1848"/>
    <nd ref="1849"/>
    <nd ref="1850"/>
    <nd ref="1851"/>
    <nd ref="1852"/>
    <nd ref="1853"/>
    <nd ref="1854"/>
    <nd ref="1855"/>
    <nd ref="1856"/>
    <nd ref="1857"/>
    <nd ref="1858"/>
    <nd ref="1859"/>
    <nd ref="1832"/>
    <tag k="natural" v="wood"/>
    <tag k="landuse" v="farmyard"/>
    <tag k="leaf_type" v="broadleaved"/>
    <tag k="name" v="Wood 4 (84.8 ha)"/>
  </way>
  <way id="277" version="1" timestamp="2026-09-01T12:00:00Z" changeset="1" uid="1" user="generator">
    <nd ref="1860"/>
    <nd ref="1861"/>
    <nd ref="1862"/>
    <nd ref="1863"/>
    <nd ref="1864"/>
    <nd ref="1865"/>
    <nd ref="1866"/>
    <nd ref="1867"/>
    <nd ref="1868"/>
    <nd ref="1869"/>
    <nd ref="1870"/>
    <nd ref="1871"/>
    <nd ref="1872"/>
    <nd ref="1873"/>
    <nd ref="1860"/>
    <tag k="natural" v="wood"/>
    <tag k="landuse" v="farmyard"/>
    <tag k="leaf_type" v="mixed"/>
    <tag k="name" v="Wood 5 (46.9 ha)"/>
  </way>
  <way id="278" version="1" timestamp="2026-09-01T12:00:00Z" changeset="1" uid="1" user="generator">
    <nd ref="1874"/>
    <nd ref="1875"/>
    <nd ref="1876"/>
    <nd ref="1877"/>
    <nd ref="1878"/>
    <nd ref="1879"/>
    <nd ref="1880"/>
    <nd ref="1881"/>
    <nd ref="1882"/>
    <nd ref="1883"/>
    <nd ref="1884"/>
    <nd ref="1885"/>
    <nd ref="1886"/>
    <nd ref="1887"/>
    <nd ref="1888"/>
    <nd ref="1889"/>
    <nd ref="1890"/>
    <nd ref="1891"/>
    <nd ref="1892"/>
    <nd ref="1893"/>
    <nd ref="1894"/>
    <nd ref="1874"/>
    <tag k="natural" v="wood"/>
    <tag k="landuse" v="farmyard"/>
    <tag k="leaf_type" v="broadleaved"/>
    <tag k="name" v="Wood 6 (32.9 ha)"/>
  </way>
  <way id="279" version="1" timestamp="2026-09-01T12:00:00Z" changeset="1" uid="1" user="generator">
    <nd ref="1895"/>
    <nd ref="1896"/>
    <nd ref="1897"/>
    <nd ref="1898"/>
    <nd ref="1899"/>
    <nd ref="1900"/>
    <nd ref="1901"/>
    <nd ref="1902"/>
    <nd ref="1903"/>
    <nd ref="1904"/>
    <nd ref="1895"/>
    <tag k="natural" v="wood"/>
    <tag k="landuse" v="farmyard"/>
    <tag k="leaf_type" v="broadleaved"/>
    <tag k="name" v="Wood 7 (21.3 ha)"/>
  </way>
  <way id="280" version="1" timestamp="2026-09-01T12:00:00Z" changeset="1" uid="1" user="generator">
    <nd ref="1905"/>
    <nd ref="1906"/>
    <nd ref="1907"/>
    <nd ref="1908"/>
    <nd ref="1909"/>
    <nd ref="1910"/>
    <nd ref="1911"/>
    <nd ref="1912"/>
    <nd ref="1913"/>
    <nd ref="1914"/>
    <nd ref="1915"/>
    <nd ref="1905"/>
    <tag k="natural" v="wood"/>
    <tag k="landuse" v="farmyard"/>
    <tag k="leaf_type" v="mixed"/>
    <tag k="name" v="Wood 8 (19.1 ha)"/>
  </way>
  <way id="281" version="1" timestamp="2026-09-01T12:00:00Z" changeset="1" uid="1" user="generator">
    <nd ref="1916"/>
    <nd ref="1917"/>
    <nd ref="1918"/>
    <nd ref="1919"/>
    <nd ref="1920"/>
    <nd ref="1921"/>
    <nd ref="1922"/>
    <nd ref="1923"/>
    <nd ref="1924"/>
    <nd ref="1925"/>
    <nd ref="1916"/>
    <tag k="natural" v="wood"/>
    <tag k="landuse" v="farmyard"/>
    <tag k="leaf_type" v="broadleaved"/>
    <tag k="name" v="Wood 9 (18.6 ha)"/>
  </way>
  <way id="282" version="1" timestamp="2026-09-01T12:00:00Z" changeset="1" uid="1" user="generator">
    <nd ref="1926"/>
    <nd ref="1927"/>
    <nd ref="1928"/>
    <nd ref="1929"/>
    <nd ref="1930"/>
    <nd ref="1931"/>
    <nd ref="1932"/>
    <nd ref="1933"/>
    <nd ref="1934"/>
    <nd ref="1926"/>
    <tag k="natural" v="wood"/>
    <tag k="landuse" v="farmyard"/>
    <tag k="leaf_type" v="broadleaved"/>
    <tag k="name" v="Wood 10 (16.3 ha)"/>
  </way>
  <way id="283" version="1" timestamp="2026-09-01T12:00:00Z" changeset="1" uid="1" user="generator">
    <nd ref="1935"/>
    <nd ref="1936"/>
    <nd ref="1937"/>
    <nd ref="1938"/>
    <nd ref="1939"/>
    <nd ref="1940"/>
    <nd ref="1941"/>
    <nd ref="1942"/>
    <nd ref="1943"/>
    <nd ref="1944"/>
    <nd ref="1935"/>
    <tag k="natural" v="wood"/>
    <tag k="landuse" v="farmyard"/>
    <tag k="leaf_type" v="mixed"/>
    <tag k="name" v="Wood 11 (14.8 ha)"/>
  </way>
  <way id="284" version="1" timestamp="2026-09-01T12:00:00Z" changeset="1" uid="1" user="generator">
    <nd ref="1945"/>
    <nd ref="1946"/>
    <nd ref="1947"/>
    <nd ref="1948"/>
    <nd ref="1949"/>
    <nd ref="1950"/>
    <nd ref="1951"/>
    <nd ref="1952"/>
    <nd ref="1953"/>
    <nd ref="1954"/>
    <nd ref="1955"/>
    <nd ref="1945"/>
    <tag k="natural" v="wood"/>
    <tag k="landuse" v="farmyard"/>
    <tag k="leaf_type" v="broadleaved"/>
    <tag k="name" v="Wood 12 (13.3 ha)"/>
  </way>
  <way id="285" version="1" timestamp="2026-09-01T12:00:00Z" changeset="1" uid="1" user="generator">
    <nd ref="1956"/>
    <nd ref="1957"/>
    <nd ref="1958"/>
    <nd ref="1959"/>
    <nd ref="1960"/>
    <nd ref="1961"/>
    <nd ref="1962"/>
    <nd ref="1963"/>
    <nd ref="1964"/>
    <nd ref="1965"/>
    <nd ref="1966"/>
    <nd ref="1956"/>
    <tag k="natural" v="wood"/>
    <tag k="landuse" v="farmyard"/>
    <tag k="leaf_type" v="broadleaved"/>
    <tag k="name" v="Wood 13 (9.8 ha)"/>
  </way>
  <way id="286" version="1" timestamp="2026-09-01T12:00:00Z" changeset="1" uid="1" user="generator">
    <nd ref="1967"/>
    <nd ref="1968"/>
    <nd ref="1969"/>
    <nd ref="1970"/>
    <nd ref="1971"/>
    <nd ref="1972"/>
    <nd ref="1973"/>
    <nd ref="1974"/>
    <nd ref="1975"/>
    <nd ref="1967"/>
    <tag k="natural" v="wood"/>
    <tag k="landuse" v="farmyard"/>
    <tag k="leaf_type" v="mixed"/>
    <tag k="name" v="Wood 14 (8.8 ha)"/>
  </way>
  <way id="287" version="1" timestamp="2026-09-01T12:00:00Z" changeset="1" uid="1" user="generator">
    <nd ref="1976"/>
    <nd ref="1977"/>
    <nd ref="1978"/>
    <nd ref="1979"/>
    <nd ref="1980"/>
    <nd ref="1981"/>
    <nd ref="1982"/>
    <nd ref="1983"/>
    <nd ref="1984"/>
    <nd ref="1985"/>
    <nd ref="1976"/>
    <tag k="natural" v="wood"/>
    <tag k="landuse" v="farmyard"/>
    <tag k="leaf_type" v="broadleaved"/>
    <tag k="name" v="Wood 15 (8.2 ha)"/>
  </way>
  <way id="288" version="1" timestamp="2026-09-01T12:00:00Z" changeset="1" uid="1" user="generator">
    <nd ref="1986"/>
    <nd ref="1987"/>
    <nd ref="1988"/>
    <nd ref="1989"/>
    <nd ref="1990"/>
    <nd ref="1991"/>
    <nd ref="1992"/>
    <nd ref="1986"/>
    <tag k="natural" v="wood"/>
    <tag k="landuse" v="farmyard"/>
    <tag k="leaf_type" v="broadleaved"/>
    <tag k="name" v="Wood 16 (7.3 ha)"/>
  </way>
  <way id="289" version="1" timestamp="2026-09-01T12:00:00Z" changeset="1" uid="1" user="generator">
    <nd ref="1993"/>
    <nd ref="1994"/>
    <nd ref="1995"/>
    <nd ref="1996"/>
    <nd ref="1997"/>
    <nd ref="1998"/>
    <nd ref="1999"/>
    <nd ref="2000"/>
    <nd ref="2001"/>
    <nd ref="1993"/>
    <tag k="natural" v="wood"/>
    <tag k="landuse" v="farmyard"/>
    <tag k="leaf_type" v="mixed"/>
    <tag k="name" v="Wood 17 (6.9 ha)"/>
  </way>
  <way id="290" version="1" timestamp="2026-09-01T12:00:00Z" changeset="1" uid="1" user="generator">
    <nd ref="2002"/>
    <nd ref="2003"/>
    <nd ref="2004"/>
    <nd ref="2005"/>
    <nd ref="2006"/>
    <nd ref="2007"/>
    <nd ref="2008"/>
    <nd ref="2009"/>
    <nd ref="2010"/>
    <nd ref="2011"/>
    <nd ref="2012"/>
    <nd ref="2013"/>
    <nd ref="2002"/>
    <tag k="natural" v="wood"/>
    <tag k="landuse" v="farmyard"/>
    <tag k="leaf_type" v="broadleaved"/>
    <tag k="name" v="Wood 18 (6.6 ha)"/>
  </way>
  <way id="291" version="1" timestamp="2026-09-01T12:00:00Z" changeset="1" uid="1" user="generator">
    <nd ref="2014"/>
    <nd ref="2015"/>
    <nd ref="2016"/>
    <nd ref="2017"/>
    <nd ref="2018"/>
    <nd ref="2019"/>
    <nd ref="2020"/>
    <nd ref="2021"/>
    <nd ref="2014"/>
    <tag k="natural" v="wood"/>
    <tag k="landuse" v="farmyard"/>
    <tag k="leaf_type" v="broadleaved"/>
    <tag k="name" v="Wood 19 (4.8 ha)"/>
  </way>
  <way id="292" version="1" timestamp="2026-09-01T12:00:00Z" changeset="1" uid="1" user="generator">
    <nd ref="2022"/>
    <nd ref="2023"/>
    <nd ref="2024"/>
    <nd ref="2025"/>
    <nd ref="2026"/>
    <nd ref="2027"/>
    <nd ref="2028"/>
    <nd ref="2029"/>
    <nd ref="2022"/>
    <tag k="natural" v="wood"/>
    <tag k="landuse" v="farmyard"/>
    <tag k="leaf_type" v="mixed"/>
    <tag k="name" v="Wood 20 (4.1 ha)"/>
  </way>
  <way id="293" version="1" timestamp="2026-09-01T12:00:00Z" changeset="1" uid="1" user="generator">
    <nd ref="2030"/>
    <nd ref="2031"/>
    <nd ref="2032"/>
    <nd ref="2033"/>
    <nd ref="2034"/>
    <nd ref="2035"/>
    <nd ref="2036"/>
    <nd ref="2037"/>
    <nd ref="2030"/>
    <tag k="natural" v="wood"/>
    <tag k="landuse" v="farmyard"/>
    <tag k="leaf_type" v="broadleaved"/>
    <tag k="name" v="Wood 21 (4.0 ha)"/>
  </way>
  <way id="294" version="1" timestamp="2026-09-01T12:00:00Z" changeset="1" uid="1" user="generator">
    <nd ref="2038"/>
    <nd ref="2039"/>
    <nd ref="2040"/>
    <nd ref="2041"/>
    <nd ref="2042"/>
    <nd ref="2043"/>
    <nd ref="2044"/>
    <nd ref="2045"/>
    <nd ref="2038"/>
    <tag k="natural" v="wood"/>
    <tag k="landuse" v="farmyard"/>
    <tag k="leaf_type" v="broadleaved"/>
    <tag k="name" v="Wood 22 (3.3 ha)"/>
  </way>
  <way id="295" version="1" timestamp="2026-09-01T12:00:00Z" changeset="1" uid="1" user="generator">
    <nd ref="2046"/>
    <nd ref="2047"/>
    <nd ref="2048"/>
    <nd ref="2049"/>
    <nd ref="2050"/>
    <nd ref="2051"/>
    <nd ref="2052"/>
    <nd ref="2053"/>
    <nd ref="2054"/>
    <nd ref="2046"/>
    <tag k="natural" v="wood"/>
    <tag k="landuse" v="farmyard"/>
    <tag k="leaf_type" v="mixed"/>
    <tag k="name" v="Wood 23 (3.2 ha)"/>
  </way>
  <way id="296" version="1" timestamp="2026-09-01T12:00:00Z" changeset="1" uid="1" user="generator">
    <nd ref="2055"/>
    <nd ref="2056"/>
    <nd ref="2057"/>
    <nd ref="2058"/>
    <nd ref="2059"/>
    <nd ref="2060"/>
    <nd ref="2055"/>
    <tag k="natural" v="wood"/>
    <tag k="landuse" v="farmyard"/>
    <tag k="leaf_type" v="broadleaved"/>
    <tag k="name" v="Wood 24 (3.1 ha)"/>
  </way>
  <way id="297" version="1" timestamp="2026-09-01T12:00:00Z" changeset="1" uid="1" user="generator">
    <nd ref="2061"/>
    <nd ref="2062"/>
    <nd ref="2063"/>
    <nd ref="2064"/>
    <nd ref="2065"/>
    <nd ref="2066"/>
    <nd ref="2067"/>
    <nd ref="2068"/>
    <nd ref="2061"/>
    <tag k="natural" v="wood"/>
    <tag k="landuse" v="farmyard"/>
    <tag k="leaf_type" v="broadleaved"/>
    <tag k="name" v="Wood 25 (3.1 ha)"/>
  </way>
  <way id="298" version="1" timestamp="2026-09-01T12:00:00Z" changeset="1" uid="1" user="generator">
    <nd ref="2069"/>
    <nd ref="2070"/>
    <nd ref="2071"/>
    <nd ref="2072"/>
    <nd ref="2073"/>
    <nd ref="2074"/>
    <nd ref="2075"/>
    <nd ref="2069"/>
    <tag k="natural" v="wood"/>
    <tag k="landuse" v="farmyard"/>
    <tag k="leaf_type" v="mixed"/>
    <tag k="name" v="Wood 26 (2.6 ha)"/>
  </way>
  <way id="299" version="1" timestamp="2026-09-01T12:00:00Z" changeset="1" uid="1" user="generator">
    <nd ref="2076"/>
    <nd ref="2077"/>
    <nd ref="2078"/>
    <nd ref="2079"/>
    <nd ref="2080"/>
    <nd ref="2081"/>
    <nd ref="2082"/>
    <nd ref="2083"/>
    <nd ref="2084"/>
    <nd ref="2076"/>
    <tag k="natural" v="wood"/>
    <tag k="landuse" v="farmyard"/>
    <tag k="leaf_type" v="broadleaved"/>
    <tag k="name" v="Wood 27 (2.6 ha)"/>
  </way>
  <way id="300" version="1" timestamp="2026-09-01T12:00:00Z" changeset="1" uid="1" user="generator">
    <nd ref="2085"/>
    <nd ref="2086"/>
    <nd ref="2087"/>
    <nd ref="2088"/>
    <nd ref="2089"/>
    <nd ref="2090"/>
    <nd ref="2091"/>
    <nd ref="2092"/>
    <nd ref="2093"/>
    <nd ref="2094"/>
    <nd ref="2095"/>
    <nd ref="2096"/>
    <nd ref="2085"/>
    <tag k="natural" v="wood"/>
    <tag k="landuse" v="farmyard"/>
    <tag k="leaf_type" v="broadleaved"/>
    <tag k="name" v="Wood 28 (2.5 ha)"/>
  </way>
  <way id="301" version="1" timestamp="2026-09-01T12:00:00Z" changeset="1" uid="1" user="generator">
    <nd ref="2097"/>
    <nd ref="2098"/>
    <nd ref="2099"/>
    <nd ref="2100"/>
    <nd ref="2101"/>
    <nd ref="2102"/>
    <nd ref="2103"/>
    <nd ref="2104"/>
    <nd ref="2105"/>
    <nd ref="2097"/>
    <tag k="natural" v="wood"/>
    <tag k="landuse" v="farmyard"/>
    <tag k="leaf_type" v="mixed"/>
    <tag k="name" v="Wood 29 (2.4 ha)"/>
  </way>
  <way id="302" version="1" timestamp="2026-09-01T12:00:00Z" changeset="1" uid="1" user="generator">
    <nd ref="2106"/>
    <nd ref="2107"/>
    <nd ref="2108"/>
    <nd ref="2109"/>
    <nd ref="2110"/>
    <nd ref="2111"/>
    <nd ref="2112"/>
    <nd ref="2106"/>
    <tag k="natural" v="wood"/>
    <tag k="landuse" v="farmyard"/>
    <tag k="leaf_type" v="broadleaved"/>
    <tag k="name" v="Wood 30 (2.3 ha)"/>
  </way>
  <way id="303" version="1" timestamp="2026-09-01T12:00:00Z" changeset="1" uid="1" user="generator">
    <nd ref="2113"/>
    <nd ref="2114"/>
    <nd ref="2115"/>
    <nd ref="2116"/>
    <nd ref="2117"/>
    <nd ref="2118"/>
    <nd ref="2119"/>
    <nd ref="2120"/>
    <nd ref="2121"/>
    <nd ref="2122"/>
    <nd ref="2123"/>
    <nd ref="2113"/>
    <tag k="natural" v="wood"/>
    <tag k="landuse" v="farmyard"/>
    <tag k="leaf_type" v="broadleaved"/>
    <tag k="name" v="Wood 31 (2.2 ha)"/>
  </way>
  <way id="304" version="1" timestamp="2026-09-01T12:00:00Z" changeset="1" uid="1" user="generator">
    <nd ref="2124"/>
    <nd ref="2125"/>
    <nd ref="2126"/>
    <nd ref="2127"/>
    <nd ref="2128"/>
    <nd ref="2129"/>
    <nd ref="2130"/>
    <nd ref="2124"/>
    <tag k="natural" v="wood"/>
    <tag k="landuse" v="farmyard"/>
    <tag k="leaf_type" v="mixed"/>
    <tag k="name" v="Wood 32 (2.1 ha)"/>
  </way>
  <way id="305" version="1" timestamp="2026-09-01T12:00:00Z" changeset="1" uid="1" user="generator">
    <nd ref="2131"/>
    <nd ref="2132"/>
    <nd ref="2133"/>
    <nd ref="2134"/>
    <nd ref="2135"/>
    <nd ref="2136"/>
    <nd ref="2137"/>
    <nd ref="2138"/>
    <nd ref="2139"/>
    <nd ref="2131"/>
    <tag k="natural" v="wood"/>
    <tag k="landuse" v="farmyard"/>
    <tag k="leaf_type" v="broadleaved"/>
    <tag k="name" v="Wood 33 (2.0 ha)"/>
  </way>
  <way id="306" version="1" timestamp="2026-09-01T12:00:00Z" changeset="1" uid="1" user="generator">
    <nd ref="2140"/>
    <nd ref="2141"/>
    <nd ref="2142"/>
    <nd ref="2143"/>
    <nd ref="2144"/>
    <nd ref="2145"/>
    <nd ref="2140"/>
    <tag k="natural" v="wood"/>
    <tag k="landuse" v="farmyard"/>
    <tag k="leaf_type" v="broadleaved"/>
    <tag k="name" v="Wood 34 (1.9 ha)"/>
  </way>
  <way id="307" version="1" timestamp="2026-09-01T12:00:00Z" changeset="1" uid="1" user="generator">
    <nd ref="2146"/>
    <nd ref="2147"/>
    <nd ref="2148"/>
    <nd ref="2149"/>
    <nd ref="2146"/>
    <tag k="natural" v="wood"/>
    <tag k="landuse" v="farmyard"/>
    <tag k="leaf_type" v="broadleaved"/>
    <tag k="name" v="Shelterbelt 1 (2.2 ha)"/>
  </way>
  <way id="308" version="1" timestamp="2026-09-01T12:00:00Z" changeset="1" uid="1" user="generator">
    <nd ref="2150"/>
    <nd ref="2151"/>
    <nd ref="2152"/>
    <nd ref="2153"/>
    <nd ref="2150"/>
    <tag k="natural" v="wood"/>
    <tag k="landuse" v="farmyard"/>
    <tag k="leaf_type" v="broadleaved"/>
    <tag k="name" v="Shelterbelt 2 (3.3 ha)"/>
  </way>
  <way id="309" version="1" timestamp="2026-09-01T12:00:00Z" changeset="1" uid="1" user="generator">
    <nd ref="2154"/>
    <nd ref="2155"/>
    <nd ref="2156"/>
    <nd ref="2157"/>
    <nd ref="2154"/>
    <tag k="natural" v="wood"/>
    <tag k="landuse" v="farmyard"/>
    <tag k="leaf_type" v="broadleaved"/>
    <tag k="name" v="Shelterbelt 3 (1.5 ha)"/>
  </way>
  <way id="310" version="1" timestamp="2026-09-01T12:00:00Z" changeset="1" uid="1" user="generator">
    <nd ref="2158"/>
    <nd ref="2159"/>
    <nd ref="2160"/>
    <nd ref="2161"/>
    <nd ref="2158"/>
    <tag k="natural" v="wood"/>
    <tag k="landuse" v="farmyard"/>
    <tag k="leaf_type" v="broadleaved"/>
    <tag k="name" v="Shelterbelt 4 (2.4 ha)"/>
  </way>
  <way id="311" version="1" timestamp="2026-09-01T12:00:00Z" changeset="1" uid="1" user="generator">
    <nd ref="2162"/>
    <nd ref="2163"/>
    <nd ref="2164"/>
    <nd ref="2165"/>
    <nd ref="2162"/>
    <tag k="natural" v="wood"/>
    <tag k="landuse" v="farmyard"/>
    <tag k="leaf_type" v="broadleaved"/>
    <tag k="name" v="Shelterbelt 5 (3.4 ha)"/>
  </way>
  <way id="312" version="1" timestamp="2026-09-01T12:00:00Z" changeset="1" uid="1" user="generator">
    <nd ref="2166"/>
    <nd ref="2167"/>
    <nd ref="2168"/>
    <nd ref="2169"/>
    <nd ref="2166"/>
    <tag k="natural" v="wood"/>
    <tag k="landuse" v="farmyard"/>
    <tag k="leaf_type" v="broadleaved"/>
    <tag k="name" v="Shelterbelt 6 (2.7 ha)"/>
  </way>
  <way id="313" version="1" timestamp="2026-09-01T12:00:00Z" changeset="1" uid="1" user="generator">
    <nd ref="2170"/>
    <nd ref="2171"/>
    <nd ref="2172"/>
    <nd ref="2173"/>
    <nd ref="2170"/>
    <tag k="natural" v="wood"/>
    <tag k="landuse" v="farmyard"/>
    <tag k="leaf_type" v="broadleaved"/>
    <tag k="name" v="Shelterbelt 7 (5.5 ha)"/>
  </way>
  <way id="314" version="1" timestamp="2026-09-01T12:00:00Z" changeset="1" uid="1" user="generator">
    <nd ref="2174"/>
    <nd ref="2175"/>
    <nd ref="2176"/>
    <nd ref="2177"/>
    <nd ref="2174"/>
    <tag k="natural" v="wood"/>
    <tag k="landuse" v="farmyard"/>
    <tag k="leaf_type" v="broadleaved"/>
    <tag k="name" v="Shelterbelt 8 (1.5 ha)"/>
  </way>
  <way id="315" version="1" timestamp="2026-09-01T12:00:00Z" changeset="1" uid="1" user="generator">
    <nd ref="2178"/>
    <nd ref="2179"/>
    <nd ref="2180"/>
    <nd ref="2181"/>
    <nd ref="2178"/>
    <tag k="natural" v="wood"/>
    <tag k="landuse" v="farmyard"/>
    <tag k="leaf_type" v="broadleaved"/>
    <tag k="name" v="Shelterbelt 9 (1.5 ha)"/>
  </way>
  <way id="316" version="1" timestamp="2026-09-01T12:00:00Z" changeset="1" uid="1" user="generator">
    <nd ref="2182"/>
    <nd ref="2183"/>
    <nd ref="2184"/>
    <nd ref="2185"/>
    <nd ref="2182"/>
    <tag k="natural" v="wood"/>
    <tag k="landuse" v="farmyard"/>
    <tag k="leaf_type" v="broadleaved"/>
    <tag k="name" v="Shelterbelt 10 (2.2 ha)"/>
  </way>
  <way id="317" version="1" timestamp="2026-09-01T12:00:00Z" changeset="1" uid="1" user="generator">
    <nd ref="2186"/>
    <nd ref="2187"/>
    <nd ref="2188"/>
    <nd ref="2189"/>
    <nd ref="2186"/>
    <tag k="natural" v="wood"/>
    <tag k="landuse" v="farmyard"/>
    <tag k="leaf_type" v="broadleaved"/>
    <tag k="name" v="Shelterbelt 11 (1.4 ha)"/>
  </way>
  <way id="318" version="1" timestamp="2026-09-01T12:00:00Z" changeset="1" uid="1" user="generator">
    <nd ref="2190"/>
    <nd ref="2191"/>
    <nd ref="2192"/>
    <nd ref="2193"/>
    <nd ref="2190"/>
    <tag k="natural" v="wood"/>
    <tag k="landuse" v="farmyard"/>
    <tag k="leaf_type" v="broadleaved"/>
    <tag k="name" v="Shelterbelt 12 (2.2 ha)"/>
  </way>
  <way id="319" version="1" timestamp="2026-09-01T12:00:00Z" changeset="1" uid="1" user="generator">
    <nd ref="2194"/>
    <nd ref="2195"/>
    <nd ref="2196"/>
    <nd ref="2197"/>
    <nd ref="2194"/>
    <tag k="natural" v="wood"/>
    <tag k="landuse" v="farmyard"/>
    <tag k="leaf_type" v="broadleaved"/>
    <tag k="name" v="Shelterbelt 13 (1.7 ha)"/>
  </way>
  <way id="320" version="1" timestamp="2026-09-01T12:00:00Z" changeset="1" uid="1" user="generator">
    <nd ref="2198"/>
    <nd ref="2199"/>
    <nd ref="2200"/>
    <nd ref="2201"/>
    <nd ref="2198"/>
    <tag k="natural" v="wood"/>
    <tag k="landuse" v="farmyard"/>
    <tag k="leaf_type" v="broadleaved"/>
    <tag k="name" v="Shelterbelt 14 (3.0 ha)"/>
  </way>
  <way id="321" version="1" timestamp="2026-09-01T12:00:00Z" changeset="1" uid="1" user="generator">
    <nd ref="2202"/>
    <nd ref="2203"/>
    <nd ref="2204"/>
    <nd ref="2205"/>
    <nd ref="2202"/>
    <tag k="natural" v="wood"/>
    <tag k="landuse" v="farmyard"/>
    <tag k="leaf_type" v="broadleaved"/>
    <tag k="name" v="Shelterbelt 15 (1.3 ha)"/>
  </way>
  <way id="322" version="1" timestamp="2026-09-01T12:00:00Z" changeset="1" uid="1" user="generator">
    <nd ref="2206"/>
    <nd ref="2207"/>
    <nd ref="2208"/>
    <nd ref="2209"/>
    <nd ref="2206"/>
    <tag k="natural" v="wood"/>
    <tag k="landuse" v="farmyard"/>
    <tag k="leaf_type" v="broadleaved"/>
    <tag k="name" v="Shelterbelt 16 (1.4 ha)"/>
  </way>
  <way id="323" version="1" timestamp="2026-09-01T12:00:00Z" changeset="1" uid="1" user="generator">
    <nd ref="2210"/>
    <nd ref="2211"/>
    <nd ref="2212"/>
    <nd ref="2213"/>
    <nd ref="2210"/>
    <tag k="natural" v="wood"/>
    <tag k="landuse" v="farmyard"/>
    <tag k="leaf_type" v="broadleaved"/>
    <tag k="name" v="Shelterbelt 17 (1.5 ha)"/>
  </way>
  <way id="324" version="1" timestamp="2026-09-01T12:00:00Z" changeset="1" uid="1" user="generator">
    <nd ref="2214"/>
    <nd ref="2215"/>
    <nd ref="2216"/>
    <nd ref="2217"/>
    <nd ref="2214"/>
    <tag k="natural" v="wood"/>
    <tag k="landuse" v="farmyard"/>
    <tag k="leaf_type" v="broadleaved"/>
    <tag k="name" v="Shelterbelt 18 (1.5 ha)"/>
  </way>
  <way id="325" version="1" timestamp="2026-09-01T12:00:00Z" changeset="1" uid="1" user="generator">
    <nd ref="2218"/>
    <nd ref="2219"/>
    <nd ref="2220"/>
    <nd ref="2221"/>
    <nd ref="2218"/>
    <tag k="natural" v="wood"/>
    <tag k="landuse" v="farmyard"/>
    <tag k="leaf_type" v="broadleaved"/>
    <tag k="name" v="Shelterbelt 19 (1.8 ha)"/>
  </way>
  <way id="326" version="1" timestamp="2026-09-01T12:00:00Z" changeset="1" uid="1" user="generator">
    <nd ref="2222"/>
    <nd ref="2223"/>
    <nd ref="2224"/>
    <nd ref="2225"/>
    <nd ref="2222"/>
    <tag k="natural" v="wood"/>
    <tag k="landuse" v="farmyard"/>
    <tag k="leaf_type" v="broadleaved"/>
    <tag k="name" v="Shelterbelt 20 (0.9 ha)"/>
  </way>
  <way id="327" version="1" timestamp="2026-09-01T12:00:00Z" changeset="1" uid="1" user="generator">
    <nd ref="2226"/>
    <nd ref="2227"/>
    <nd ref="2228"/>
    <nd ref="2229"/>
    <nd ref="2226"/>
    <tag k="natural" v="wood"/>
    <tag k="landuse" v="farmyard"/>
    <tag k="leaf_type" v="broadleaved"/>
    <tag k="name" v="Shelterbelt 21 (1.3 ha)"/>
  </way>
  <way id="328" version="1" timestamp="2026-09-01T12:00:00Z" changeset="1" uid="1" user="generator">
    <nd ref="2230"/>
    <nd ref="2231"/>
    <nd ref="2232"/>
    <nd ref="2233"/>
    <nd ref="2230"/>
    <tag k="natural" v="wood"/>
    <tag k="landuse" v="farmyard"/>
    <tag k="leaf_type" v="broadleaved"/>
    <tag k="name" v="Shelterbelt 22 (2.2 ha)"/>
  </way>
  <way id="329" version="1" timestamp="2026-09-01T12:00:00Z" changeset="1" uid="1" user="generator">
    <nd ref="2234"/>
    <nd ref="2235"/>
    <nd ref="2236"/>
    <nd ref="2237"/>
    <nd ref="2234"/>
    <tag k="natural" v="wood"/>
    <tag k="landuse" v="farmyard"/>
    <tag k="leaf_type" v="broadleaved"/>
    <tag k="name" v="Shelterbelt 23 (2.3 ha)"/>
  </way>
  <way id="330" version="1" timestamp="2026-09-01T12:00:00Z" changeset="1" uid="1" user="generator">
    <nd ref="2238"/>
    <nd ref="2239"/>
    <nd ref="2240"/>
    <nd ref="2241"/>
    <nd ref="2238"/>
    <tag k="natural" v="wood"/>
    <tag k="landuse" v="farmyard"/>
    <tag k="leaf_type" v="broadleaved"/>
    <tag k="name" v="Shelterbelt 24 (3.6 ha)"/>
  </way>
  <way id="331" version="1" timestamp="2026-09-01T12:00:00Z" changeset="1" uid="1" user="generator">
    <nd ref="2242"/>
    <nd ref="2243"/>
    <nd ref="2244"/>
    <nd ref="2245"/>
    <nd ref="2242"/>
    <tag k="natural" v="wood"/>
    <tag k="landuse" v="farmyard"/>
    <tag k="leaf_type" v="broadleaved"/>
    <tag k="name" v="Shelterbelt 25 (1.4 ha)"/>
  </way>
  <way id="332" version="1" timestamp="2026-09-01T12:00:00Z" changeset="1" uid="1" user="generator">
    <nd ref="2246"/>
    <nd ref="2247"/>
    <nd ref="2248"/>
    <nd ref="2249"/>
    <nd ref="2246"/>
    <tag k="natural" v="wood"/>
    <tag k="landuse" v="farmyard"/>
    <tag k="leaf_type" v="broadleaved"/>
    <tag k="name" v="Shelterbelt 26 (1.5 ha)"/>
  </way>
  <way id="333" version="1" timestamp="2026-09-01T12:00:00Z" changeset="1" uid="1" user="generator">
    <nd ref="2250"/>
    <nd ref="2251"/>
    <nd ref="2252"/>
    <nd ref="2253"/>
    <nd ref="2250"/>
    <tag k="natural" v="wood"/>
    <tag k="landuse" v="farmyard"/>
    <tag k="leaf_type" v="broadleaved"/>
    <tag k="name" v="Shelterbelt 27 (1.9 ha)"/>
  </way>
  <way id="334" version="1" timestamp="2026-09-01T12:00:00Z" changeset="1" uid="1" user="generator">
    <nd ref="2254"/>
    <nd ref="2255"/>
    <nd ref="2256"/>
    <nd ref="2257"/>
    <nd ref="2254"/>
    <tag k="natural" v="wood"/>
    <tag k="landuse" v="farmyard"/>
    <tag k="leaf_type" v="broadleaved"/>
    <tag k="name" v="Shelterbelt 28 (3.7 ha)"/>
  </way>
  <way id="335" version="1" timestamp="2026-09-01T12:00:00Z" changeset="1" uid="1" user="generator">
    <nd ref="2258"/>
    <nd ref="2259"/>
    <nd ref="2260"/>
    <nd ref="2261"/>
    <nd ref="2258"/>
    <tag k="natural" v="wood"/>
    <tag k="landuse" v="farmyard"/>
    <tag k="leaf_type" v="broadleaved"/>
    <tag k="name" v="Shelterbelt 29 (1.3 ha)"/>
  </way>
</osm>
